lot_id,process_id,order_id,product_id,machine_id,total_work_time,setup_time,downtime
LOT000001,A,PORD000001,PRD0007,MILL_01,60.83,20.97,0.8
LOT000001,B,PORD000001,PRD0007,LATHE_01,65.44,21.01,0.16
LOT000001,C,PORD000001,PRD0007,DRILL_02,58.73,17.12,1.83
LOT000001,D,PORD000001,PRD0007,GRIND_02,65.08,15.07,5.25
LOT000001,E,PORD000001,PRD0007,ADD_02,67.9,17.92,6.84
LOT000002,A,PORD000002,PRD0019,MILL_03,106.84,24.83,6.88
LOT000002,B,PORD000002,PRD0019,LATHE_01,107.7,15.65,24.42
LOT000002,C,PORD000002,PRD0019,DRILL_01,92.12,15.16,2.41
LOT000002,D,PORD000002,PRD0019,GRIND_01,88.66,23.33,3.91
LOT000002,E,PORD000002,PRD0019,ADD_02,95.28,18.12,8.2
LOT000003,A,PORD000003,PRD0018,MILL_03,77.51,15.88,0.36
LOT000003,B,PORD000003,PRD0018,LATHE_04,95.77,22.47,4.69
LOT000003,C,PORD000003,PRD0018,DRILL_01,85.59,16.41,0.75
LOT000003,D,PORD000003,PRD0018,GRIND_01,94.31,16.99,8.15
LOT000003,E,PORD000003,PRD0018,ADD_01,99.98,22.9,13.89
LOT000004,A,PORD000004,PRD0007,MILL_04,92.11,19.49,2.97
LOT000004,B,PORD000004,PRD0007,LATHE_01,98.69,22.3,7.1
LOT000004,C,PORD000004,PRD0007,DRILL_01,99.22,24.72,7.22
LOT000004,D,PORD000004,PRD0007,GRIND_02,95.37,19.94,4.28
LOT000004,E,PORD000004,PRD0007,ADD_01,117.28,17.02,29.26
LOT000005,A,PORD000005,PRD0004,MILL_03,71.88,22.56,0.62
LOT000005,B,PORD000005,PRD0004,LATHE_02,72.83,23.8,2.37
LOT000005,C,PORD000005,PRD0004,DRILL_02,72.19,23.83,1.22
LOT000005,D,PORD000005,PRD0004,GRIND_02,81.57,16.1,4.27
LOT000005,E,PORD000005,PRD0004,ADD_01,81.31,18.05,8.01
LOT000006,A,PORD000006,PRD0001,MILL_02,95.62,18.38,13.49
LOT000006,B,PORD000006,PRD0001,LATHE_01,78.1,19.04,2.03
LOT000006,C,PORD000006,PRD0001,DRILL_03,85.2,19.97,2.85
LOT000006,D,PORD000006,PRD0001,GRIND_01,86.49,24.77,0.33
LOT000006,E,PORD000006,PRD0001,ADD_01,88.31,17.4,7.34
LOT000007,A,PORD000007,PRD0004,MILL_03,80.66,23.03,7.87
LOT000007,B,PORD000007,PRD0004,LATHE_03,65.91,15.9,2.57
LOT000007,C,PORD000007,PRD0004,DRILL_01,76.2,23.58,2.2
LOT000007,D,PORD000007,PRD0004,GRIND_03,78.81,17.26,1.74
LOT000007,E,PORD000007,PRD0004,ADD_02,88.21,20.18,10.14
LOT000008,A,PORD000008,PRD0018,MILL_03,73.86,23.77,5.28
LOT000008,B,PORD000008,PRD0018,LATHE_01,73.88,20.17,7.97
LOT000008,C,PORD000008,PRD0018,DRILL_01,67.94,24.0,3.39
LOT000008,D,PORD000008,PRD0018,GRIND_03,79.77,23.56,8.88
LOT000008,E,PORD000008,PRD0018,ADD_01,86.93,16.62,33.19
LOT000009,A,PORD000009,PRD0003,MILL_04,73.2,24.94,0.14
LOT000009,B,PORD000009,PRD0003,LATHE_04,84.82,22.46,6.79
LOT000009,C,PORD000009,PRD0003,DRILL_01,80.6,20.43,6.36
LOT000009,D,PORD000009,PRD0003,GRIND_02,85.79,24.73,8.92
LOT000009,E,PORD000009,PRD0003,ADD_02,80.27,18.5,10.03
LOT000010,A,PORD000010,PRD0016,MILL_04,30.4,15.24,1.42
LOT000010,B,PORD000010,PRD0016,LATHE_01,51.13,17.8,20.71
LOT000010,C,PORD000010,PRD0016,DRILL_01,67.7,19.28,34.09
LOT000010,D,PORD000010,PRD0016,GRIND_03,32.92,18.06,2.68
LOT000010,E,PORD000010,PRD0016,ADD_02,69.96,20.57,35.88
LOT000011,A,PORD000011,PRD0018,MILL_02,87.14,22.41,5.62
LOT000011,B,PORD000011,PRD0018,LATHE_01,81.7,17.97,2.05
LOT000011,C,PORD000011,PRD0018,DRILL_02,72.1,15.05,1.94
LOT000011,D,PORD000011,PRD0018,GRIND_02,103.67,22.96,18.45
LOT000011,E,PORD000011,PRD0018,ADD_02,79.29,19.38,4.92
LOT000012,A,PORD000012,PRD0017,MILL_02,55.68,23.23,1.02
LOT000012,B,PORD000012,PRD0017,LATHE_01,63.61,17.72,15.77
LOT000012,C,PORD000012,PRD0017,DRILL_02,60.06,20.41,7.26
LOT000012,D,PORD000012,PRD0017,GRIND_02,48.69,18.23,2.71
LOT000012,E,PORD000012,PRD0017,ADD_01,46.5,17.51,1.21
LOT000013,A,PORD000013,PRD0012,MILL_03,51.65,17.5,5.72
LOT000013,B,PORD000013,PRD0012,LATHE_01,54.93,21.38,5.26
LOT000013,C,PORD000013,PRD0012,DRILL_01,50.75,19.2,3.56
LOT000013,D,PORD000013,PRD0012,GRIND_01,46.5,18.42,0.94
LOT000013,E,PORD000013,PRD0012,ADD_02,51.9,22.04,1.47
LOT000014,A,PORD000014,PRD0007,MILL_01,66.43,19.65,0.38
LOT000014,B,PORD000014,PRD0007,LATHE_04,64.6,15.45,5.01
LOT000014,C,PORD000014,PRD0007,DRILL_01,75.21,20.39,6.16
LOT000014,D,PORD000014,PRD0007,GRIND_02,74.92,15.27,9.4
LOT000014,E,PORD000014,PRD0007,ADD_02,80.04,20.73,12.17
LOT000015,A,PORD000015,PRD0012,MILL_03,74.42,16.96,0.81
LOT000015,B,PORD000015,PRD0012,LATHE_03,89.77,21.18,5.25
LOT000015,C,PORD000015,PRD0012,DRILL_02,73.98,15.23,2.82
LOT000015,D,PORD000015,PRD0012,GRIND_01,92.1,18.48,10.98
LOT000015,E,PORD000015,PRD0012,ADD_01,97.13,17.82,11.26
LOT000016,A,PORD000016,PRD0017,MILL_04,80.91,16.28,4.64
LOT000016,B,PORD000016,PRD0017,LATHE_04,82.71,23.58,6.01
LOT000016,C,PORD000016,PRD0017,DRILL_01,75.84,18.78,4.97
LOT000016,D,PORD000016,PRD0017,GRIND_01,78.27,23.96,0.11
LOT000016,E,PORD000016,PRD0017,ADD_02,104.14,18.55,35.3
LOT000017,A,PORD000017,PRD0015,MILL_04,104.05,24.46,0.91
LOT000017,B,PORD000017,PRD0015,LATHE_02,101.92,15.58,3.53
LOT000017,C,PORD000017,PRD0015,DRILL_03,141.33,22.06,27.2
LOT000017,D,PORD000017,PRD0015,GRIND_01,93.33,16.01,7.01
LOT000017,E,PORD000017,PRD0015,ADD_02,104.12,23.92,7.7
LOT000018,A,PORD000018,PRD0008,MILL_01,146.39,18.71,7.58
LOT000018,B,PORD000018,PRD0008,LATHE_04,128.83,18.5,3.85
LOT000018,C,PORD000018,PRD0008,DRILL_03,137.37,19.24,12.78
LOT000018,D,PORD000018,PRD0008,GRIND_01,128.82,19.05,7.41
LOT000018,E,PORD000018,PRD0008,ADD_01,152.4,21.49,8.75
LOT000019,A,PORD000019,PRD0017,MILL_02,98.42,23.02,17.45
LOT000019,B,PORD000019,PRD0017,LATHE_04,84.29,20.28,9.25
LOT000019,C,PORD000019,PRD0017,DRILL_01,83.62,20.23,6.96
LOT000019,D,PORD000019,PRD0017,GRIND_01,87.42,21.97,7.37
LOT000019,E,PORD000019,PRD0017,ADD_02,108.38,24.5,28.67
LOT000020,A,PORD000020,PRD0008,MILL_04,60.01,21.47,1.84
LOT000020,B,PORD000020,PRD0008,LATHE_01,82.96,24.74,19.87
LOT000020,C,PORD000020,PRD0008,DRILL_01,56.1,19.11,2.71
LOT000020,D,PORD000020,PRD0008,GRIND_03,86.14,23.23,28.14
LOT000020,E,PORD000020,PRD0008,ADD_02,84.11,15.83,31.55
LOT000021,A,PORD000021,PRD0001,MILL_01,78.82,18.77,3.14
LOT000021,B,PORD000021,PRD0001,LATHE_01,75.04,23.38,3.32
LOT000021,C,PORD000021,PRD0001,DRILL_03,96.79,23.65,10.0
LOT000021,D,PORD000021,PRD0001,GRIND_01,80.52,20.85,7.57
LOT000021,E,PORD000021,PRD0001,ADD_01,83.88,19.51,14.31
LOT000022,A,PORD000022,PRD0001,MILL_04,114.69,21.18,0.91
LOT000022,B,PORD000022,PRD0001,LATHE_02,111.91,19.76,2.46
LOT000022,C,PORD000022,PRD0001,DRILL_01,117.99,15.88,5.9
LOT000022,D,PORD000022,PRD0001,GRIND_03,114.02,22.55,7.04
LOT000022,E,PORD000022,PRD0001,ADD_02,138.7,21.17,33.24
LOT000023,A,PORD000023,PRD0015,MILL_01,91.99,20.14,3.17
LOT000023,B,PORD000023,PRD0015,LATHE_03,101.47,21.98,3.67
LOT000023,C,PORD000023,PRD0015,DRILL_01,107.13,17.58,9.8
LOT000023,D,PORD000023,PRD0015,GRIND_01,91.67,17.09,3.42
LOT000023,E,PORD000023,PRD0015,ADD_01,90.76,16.28,2.08
LOT000024,A,PORD000024,PRD0008,MILL_04,96.52,19.12,16.76
LOT000024,B,PORD000024,PRD0008,LATHE_01,71.11,16.92,1.35
LOT000024,C,PORD000024,PRD0008,DRILL_01,72.58,15.32,5.34
LOT000024,D,PORD000024,PRD0008,GRIND_02,70.5,18.64,6.9
LOT000024,E,PORD000024,PRD0008,ADD_01,80.58,19.81,7.67
LOT000025,A,PORD000025,PRD0016,MILL_04,76.08,22.48,1.67
LOT000025,B,PORD000025,PRD0016,LATHE_02,72.45,17.36,4.25
LOT000025,C,PORD000025,PRD0016,DRILL_02,83.15,15.37,7.13
LOT000025,D,PORD000025,PRD0016,GRIND_02,81.03,22.5,8.67
LOT000025,E,PORD000025,PRD0016,ADD_01,73.95,17.42,5.66
LOT000026,A,PORD000026,PRD0017,MILL_02,79.8,18.27,7.12
LOT000026,B,PORD000026,PRD0017,LATHE_04,71.47,18.55,3.84
LOT000026,C,PORD000026,PRD0017,DRILL_02,72.33,20.87,4.32
LOT000026,D,PORD000026,PRD0017,GRIND_01,89.2,18.37,25.19
LOT000026,E,PORD000026,PRD0017,ADD_01,72.89,24.87,3.56
LOT000027,A,PORD000027,PRD0006,MILL_03,73.17,15.88,0.45
LOT000027,B,PORD000027,PRD0006,LATHE_03,75.66,20.25,7.86
LOT000027,C,PORD000027,PRD0006,DRILL_02,86.61,20.76,10.13
LOT000027,D,PORD000027,PRD0006,GRIND_02,82.2,16.71,9.29
LOT000027,E,PORD000027,PRD0006,ADD_02,82.94,19.77,3.08
LOT000028,A,PORD000028,PRD0004,MILL_04,27.32,20.08,0.92
LOT000028,B,PORD000028,PRD0004,LATHE_04,29.27,15.87,7.46
LOT000028,C,PORD000028,PRD0004,DRILL_03,22.28,15.52,1.34
LOT000028,D,PORD000028,PRD0004,GRIND_02,28.05,18.22,2.55
LOT000028,E,PORD000028,PRD0004,ADD_01,32.4,16.17,9.09
LOT000029,A,PORD000029,PRD0017,MILL_02,103.34,24.33,11.49
LOT000029,B,PORD000029,PRD0017,LATHE_01,87.3,22.41,6.73
LOT000029,C,PORD000029,PRD0017,DRILL_01,92.43,22.51,8.25
LOT000029,D,PORD000029,PRD0017,GRIND_03,91.71,21.65,3.59
LOT000029,E,PORD000029,PRD0017,ADD_01,99.46,21.83,10.71
LOT000030,A,PORD000030,PRD0006,MILL_03,93.61,19.39,2.84
LOT000030,B,PORD000030,PRD0006,LATHE_02,104.06,20.44,18.61
LOT000030,C,PORD000030,PRD0006,DRILL_02,90.63,18.33,6.94
LOT000030,D,PORD000030,PRD0006,GRIND_03,110.25,21.2,8.94
LOT000030,E,PORD000030,PRD0006,ADD_02,104.43,22.52,11.68
LOT000031,A,PORD000031,PRD0004,MILL_02,114.28,18.42,0.89
LOT000031,B,PORD000031,PRD0004,LATHE_04,113.72,21.04,4.32
LOT000031,C,PORD000031,PRD0004,DRILL_01,114.95,22.2,6.94
LOT000031,D,PORD000031,PRD0004,GRIND_03,128.88,20.99,9.59
LOT000031,E,PORD000031,PRD0004,ADD_02,124.09,19.01,14.21
LOT000032,A,PORD000032,PRD0013,MILL_02,86.08,16.01,5.81
LOT000032,B,PORD000032,PRD0013,LATHE_04,91.09,20.65,7.38
LOT000032,C,PORD000032,PRD0013,DRILL_02,80.87,22.71,0.69
LOT000032,D,PORD000032,PRD0013,GRIND_02,105.88,24.34,21.27
LOT000032,E,PORD000032,PRD0013,ADD_01,87.88,16.66,12.56
LOT000033,A,PORD000033,PRD0019,MILL_01,36.62,18.35,0.04
LOT000033,B,PORD000033,PRD0019,LATHE_03,59.29,19.15,23.69
LOT000033,C,PORD000033,PRD0019,DRILL_03,43.14,22.38,2.25
LOT000033,D,PORD000033,PRD0019,GRIND_03,34.58,17.48,1.66
LOT000033,E,PORD000033,PRD0019,ADD_01,45.36,18.62,9.48
LOT000034,A,PORD000034,PRD0017,MILL_01,114.4,24.61,3.32
LOT000034,B,PORD000034,PRD0017,LATHE_01,102.5,16.84,2.48
LOT000034,C,PORD000034,PRD0017,DRILL_03,116.08,17.1,15.13
LOT000034,D,PORD000034,PRD0017,GRIND_01,105.59,18.78,5.87
LOT000034,E,PORD000034,PRD0017,ADD_01,109.03,19.53,6.61
LOT000035,A,PORD000035,PRD0006,MILL_01,71.14,15.76,2.18
LOT000035,B,PORD000035,PRD0006,LATHE_02,69.89,19.09,1.25
LOT000035,C,PORD000035,PRD0006,DRILL_01,66.23,19.08,2.54
LOT000035,D,PORD000035,PRD0006,GRIND_03,71.58,15.2,8.0
LOT000035,E,PORD000035,PRD0006,ADD_01,88.54,20.57,12.08
LOT000036,A,PORD000036,PRD0014,MILL_04,80.87,18.97,1.64
LOT000036,B,PORD000036,PRD0014,LATHE_04,81.56,15.87,5.89
LOT000036,C,PORD000036,PRD0014,DRILL_01,98.29,23.76,7.04
LOT000036,D,PORD000036,PRD0014,GRIND_01,86.53,18.42,3.8
LOT000036,E,PORD000036,PRD0014,ADD_02,88.88,23.31,11.61
LOT000037,A,PORD000037,PRD0012,MILL_04,71.76,24.85,1.46
LOT000037,B,PORD000037,PRD0012,LATHE_01,67.9,17.69,5.07
LOT000037,C,PORD000037,PRD0012,DRILL_02,70.21,21.45,1.32
LOT000037,D,PORD000037,PRD0012,GRIND_02,69.98,17.72,9.14
LOT000037,E,PORD000037,PRD0012,ADD_02,73.02,19.98,6.08
LOT000038,A,PORD000038,PRD0012,MILL_01,85.27,15.11,7.2
LOT000038,B,PORD000038,PRD0012,LATHE_04,83.33,17.51,3.95
LOT000038,C,PORD000038,PRD0012,DRILL_01,76.31,19.19,5.19
LOT000038,D,PORD000038,PRD0012,GRIND_02,85.47,22.38,6.03
LOT000038,E,PORD000038,PRD0012,ADD_01,100.24,23.37,13.73
LOT000039,A,PORD000039,PRD0008,MILL_04,58.66,24.37,1.72
LOT000039,B,PORD000039,PRD0008,LATHE_04,61.93,16.62,6.77
LOT000039,C,PORD000039,PRD0008,DRILL_03,50.95,18.34,1.07
LOT000039,D,PORD000039,PRD0008,GRIND_01,56.55,19.13,5.98
LOT000039,E,PORD000039,PRD0008,ADD_01,68.55,23.19,10.42
LOT000040,A,PORD000040,PRD0002,MILL_03,134.8,18.15,7.7
LOT000040,B,PORD000040,PRD0002,LATHE_01,147.85,19.46,4.34
LOT000040,C,PORD000040,PRD0002,DRILL_03,146.08,23.07,6.92
LOT000040,D,PORD000040,PRD0002,GRIND_01,134.27,24.03,6.93
LOT000040,E,PORD000040,PRD0002,ADD_02,134.99,15.39,13.88
LOT000041,A,PORD000041,PRD0007,MILL_03,94.86,24.44,6.9
LOT000041,B,PORD000041,PRD0007,LATHE_02,85.36,20.22,5.2
LOT000041,C,PORD000041,PRD0007,DRILL_01,84.43,15.77,3.4
LOT000041,D,PORD000041,PRD0007,GRIND_03,92.77,18.15,7.91
LOT000041,E,PORD000041,PRD0007,ADD_02,94.34,20.2,13.15
LOT000042,A,PORD000042,PRD0003,MILL_02,83.16,15.21,16.99
LOT000042,B,PORD000042,PRD0003,LATHE_03,64.66,15.7,0.42
LOT000042,C,PORD000042,PRD0003,DRILL_02,88.78,19.8,8.74
LOT000042,D,PORD000042,PRD0003,GRIND_02,73.01,15.92,5.23
LOT000042,E,PORD000042,PRD0003,ADD_01,65.81,16.1,4.31
LOT000043,A,PORD000043,PRD0005,MILL_01,89.31,21.8,7.6
LOT000043,B,PORD000043,PRD0005,LATHE_03,103.16,20.89,23.03
LOT000043,C,PORD000043,PRD0005,DRILL_02,79.53,21.13,9.91
LOT000043,D,PORD000043,PRD0005,GRIND_01,78.11,21.5,5.13
LOT000043,E,PORD000043,PRD0005,ADD_02,85.56,18.84,14.36
LOT000044,A,PORD000044,PRD0005,MILL_02,117.69,24.69,23.77
LOT000044,B,PORD000044,PRD0005,LATHE_01,92.37,17.6,3.93
LOT000044,C,PORD000044,PRD0005,DRILL_03,82.7,23.16,2.24
LOT000044,D,PORD000044,PRD0005,GRIND_01,104.57,23.95,21.44
LOT000044,E,PORD000044,PRD0005,ADD_01,118.65,16.3,43.67
LOT000045,A,PORD000045,PRD0009,MILL_03,90.68,17.81,0.04
LOT000045,B,PORD000045,PRD0009,LATHE_04,93.34,19.96,1.76
LOT000045,C,PORD000045,PRD0009,DRILL_01,104.63,24.91,8.83
LOT000045,D,PORD000045,PRD0009,GRIND_03,94.42,23.25,6.78
LOT000045,E,PORD000045,PRD0009,ADD_01,94.75,22.34,13.02
LOT000046,A,PORD000046,PRD0016,MILL_01,81.96,23.37,5.44
LOT000046,B,PORD000046,PRD0016,LATHE_02,88.54,16.89,24.34
LOT000046,C,PORD000046,PRD0016,DRILL_03,84.22,23.26,3.35
LOT000046,D,PORD000046,PRD0016,GRIND_03,70.35,15.01,7.57
LOT000046,E,PORD000046,PRD0016,ADD_02,88.61,17.87,14.72
LOT000047,A,PORD000047,PRD0002,MILL_04,88.79,16.07,4.33
LOT000047,B,PORD000047,PRD0002,LATHE_03,99.33,18.92,6.03
LOT000047,C,PORD000047,PRD0002,DRILL_02,101.07,24.47,7.71
LOT000047,D,PORD000047,PRD0002,GRIND_02,92.54,18.46,0.46
LOT000047,E,PORD000047,PRD0002,ADD_02,101.22,21.76,9.71
LOT000048,A,PORD000048,PRD0012,MILL_01,123.81,15.22,3.91
LOT000048,B,PORD000048,PRD0012,LATHE_02,130.87,15.01,3.75
LOT000048,C,PORD000048,PRD0012,DRILL_03,127.28,19.51,7.95
LOT000048,D,PORD000048,PRD0012,GRIND_02,132.73,22.73,1.31
LOT000048,E,PORD000048,PRD0012,ADD_02,131.71,16.51,14.15
LOT000049,A,PORD000049,PRD0020,MILL_03,51.87,19.09,11.91
LOT000049,B,PORD000049,PRD0020,LATHE_04,47.21,23.68,4.5
LOT000049,C,PORD000049,PRD0020,DRILL_03,55.25,24.68,8.69
LOT000049,D,PORD000049,PRD0020,GRIND_03,41.35,19.54,0.18
LOT000049,E,PORD000049,PRD0020,ADD_02,72.5,15.33,33.5
LOT000050,A,PORD000050,PRD0014,MILL_01,64.37,21.07,4.47
LOT000050,B,PORD000050,PRD0014,LATHE_04,56.49,15.64,2.15
LOT000050,C,PORD000050,PRD0014,DRILL_03,71.78,24.84,4.65
LOT000050,D,PORD000050,PRD0014,GRIND_02,65.54,19.8,2.92
LOT000050,E,PORD000050,PRD0014,ADD_01,99.16,24.53,36.73
LOT000051,A,PORD000051,PRD0009,MILL_04,77.42,22.02,0.08
LOT000051,B,PORD000051,PRD0009,LATHE_02,89.61,20.34,9.4
LOT000051,C,PORD000051,PRD0009,DRILL_02,84.32,18.97,5.68
LOT000051,D,PORD000051,PRD0009,GRIND_02,86.19,23.21,6.7
LOT000051,E,PORD000051,PRD0009,ADD_01,82.62,22.06,14.04
LOT000052,A,PORD000052,PRD0009,MILL_04,60.37,23.71,6.41
LOT000052,B,PORD000052,PRD0009,LATHE_03,55.59,19.84,4.42
LOT000052,C,PORD000052,PRD0009,DRILL_02,57.58,19.52,5.26
LOT000052,D,PORD000052,PRD0009,GRIND_03,56.9,22.25,6.5
LOT000052,E,PORD000052,PRD0009,ADD_01,68.36,17.19,25.11
LOT000053,A,PORD000053,PRD0019,MILL_01,49.9,19.93,3.23
LOT000053,B,PORD000053,PRD0019,LATHE_02,45.6,15.31,3.7
LOT000053,C,PORD000053,PRD0019,DRILL_03,54.72,19.16,6.29
LOT000053,D,PORD000053,PRD0019,GRIND_02,59.35,24.88,8.67
LOT000053,E,PORD000053,PRD0019,ADD_02,53.44,15.29,9.09
LOT000054,A,PORD000054,PRD0004,MILL_03,102.24,17.77,7.3
LOT000054,B,PORD000054,PRD0004,LATHE_01,107.03,19.66,1.89
LOT000054,C,PORD000054,PRD0004,DRILL_02,99.79,16.8,9.71
LOT000054,D,PORD000054,PRD0004,GRIND_01,107.88,15.69,0.97
LOT000054,E,PORD000054,PRD0004,ADD_02,112.51,20.15,8.89
LOT000055,A,PORD000055,PRD0002,MILL_01,107.68,17.37,7.07
LOT000055,B,PORD000055,PRD0002,LATHE_04,120.01,20.2,6.63
LOT000055,C,PORD000055,PRD0002,DRILL_03,114.78,24.49,3.59
LOT000055,D,PORD000055,PRD0002,GRIND_03,125.23,22.36,4.75
LOT000055,E,PORD000055,PRD0002,ADD_02,143.67,19.46,31.74
LOT000056,A,PORD000056,PRD0020,MILL_02,108.36,15.57,7.49
LOT000056,B,PORD000056,PRD0020,LATHE_03,92.88,17.25,0.71
LOT000056,C,PORD000056,PRD0020,DRILL_03,121.1,15.42,9.87
LOT000056,D,PORD000056,PRD0020,GRIND_03,112.91,15.17,9.73
LOT000056,E,PORD000056,PRD0020,ADD_02,118.53,20.16,10.0
LOT000057,A,PORD000057,PRD0013,MILL_01,65.16,22.31,1.88
LOT000057,B,PORD000057,PRD0013,LATHE_03,66.92,21.93,7.56
LOT000057,C,PORD000057,PRD0013,DRILL_02,65.25,17.44,8.65
LOT000057,D,PORD000057,PRD0013,GRIND_03,67.77,24.31,6.77
LOT000057,E,PORD000057,PRD0013,ADD_02,67.01,23.27,8.66
LOT000058,A,PORD000058,PRD0002,MILL_04,95.28,15.48,14.92
LOT000058,B,PORD000058,PRD0002,LATHE_01,86.7,15.9,0.87
LOT000058,C,PORD000058,PRD0002,DRILL_02,93.43,18.27,8.08
LOT000058,D,PORD000058,PRD0002,GRIND_01,101.3,18.17,19.39
LOT000058,E,PORD000058,PRD0002,ADD_01,85.33,15.06,5.5
LOT000059,A,PORD000059,PRD0019,MILL_04,56.35,18.73,0.59
LOT000059,B,PORD000059,PRD0019,LATHE_02,57.63,21.43,4.0
LOT000059,C,PORD000059,PRD0019,DRILL_02,58.4,19.79,3.41
LOT000059,D,PORD000059,PRD0019,GRIND_02,57.07,20.27,4.77
LOT000059,E,PORD000059,PRD0019,ADD_01,70.77,23.13,14.33
LOT000060,A,PORD000060,PRD0011,MILL_04,42.34,21.47,12.14
LOT000060,B,PORD000060,PRD0011,LATHE_03,26.0,16.97,1.56
LOT000060,C,PORD000060,PRD0011,DRILL_01,33.0,17.85,8.03
LOT000060,D,PORD000060,PRD0011,GRIND_02,31.48,21.1,2.73
LOT000060,E,PORD000060,PRD0011,ADD_01,40.42,20.22,12.89
LOT000061,A,PORD000061,PRD0007,MILL_02,98.81,24.18,0.7
LOT000061,B,PORD000061,PRD0007,LATHE_04,96.41,15.43,7.61
LOT000061,C,PORD000061,PRD0007,DRILL_02,103.34,20.15,7.94
LOT000061,D,PORD000061,PRD0007,GRIND_02,129.56,18.61,29.25
LOT000061,E,PORD000061,PRD0007,ADD_01,106.59,22.81,12.34
LOT000062,A,PORD000062,PRD0010,MILL_02,65.55,22.67,3.39
LOT000062,B,PORD000062,PRD0010,LATHE_01,74.17,22.37,11.68
LOT000062,C,PORD000062,PRD0010,DRILL_01,65.73,21.42,5.47
LOT000062,D,PORD000062,PRD0010,GRIND_02,60.2,21.32,1.42
LOT000062,E,PORD000062,PRD0010,ADD_01,67.64,21.95,6.42
LOT000063,A,PORD000063,PRD0017,MILL_02,95.86,24.06,2.12
LOT000063,B,PORD000063,PRD0017,LATHE_04,78.31,16.92,1.81
LOT000063,C,PORD000063,PRD0017,DRILL_01,89.27,20.19,8.0
LOT000063,D,PORD000063,PRD0017,GRIND_01,82.23,17.71,6.8
LOT000063,E,PORD000063,PRD0017,ADD_02,96.14,18.33,14.91
LOT000064,A,PORD000064,PRD0017,MILL_02,103.42,19.46,4.64
LOT000064,B,PORD000064,PRD0017,LATHE_01,96.66,16.75,1.61
LOT000064,C,PORD000064,PRD0017,DRILL_02,97.81,19.23,0.01
LOT000064,D,PORD000064,PRD0017,GRIND_03,100.37,24.27,3.99
LOT000064,E,PORD000064,PRD0017,ADD_01,105.99,22.37,3.65
LOT000065,A,PORD000065,PRD0020,MILL_04,64.4,16.28,6.26
LOT000065,B,PORD000065,PRD0020,LATHE_02,53.01,16.18,2.73
LOT000065,C,PORD000065,PRD0020,DRILL_02,64.58,24.37,3.06
LOT000065,D,PORD000065,PRD0020,GRIND_03,77.82,24.42,14.04
LOT000065,E,PORD000065,PRD0020,ADD_01,90.38,24.92,21.26
LOT000066,A,PORD000066,PRD0010,MILL_02,90.97,21.28,4.26
LOT000066,B,PORD000066,PRD0010,LATHE_03,86.9,22.9,0.65
LOT000066,C,PORD000066,PRD0010,DRILL_02,87.73,16.54,9.57
LOT000066,D,PORD000066,PRD0010,GRIND_02,94.63,23.22,8.62
LOT000066,E,PORD000066,PRD0010,ADD_02,110.31,16.39,39.88
LOT000067,A,PORD000067,PRD0003,MILL_02,47.96,15.68,1.08
LOT000067,B,PORD000067,PRD0003,LATHE_04,62.3,22.77,4.75
LOT000067,C,PORD000067,PRD0003,DRILL_02,58.33,17.78,10.01
LOT000067,D,PORD000067,PRD0003,GRIND_02,54.01,21.5,0.61
LOT000067,E,PORD000067,PRD0003,ADD_02,57.89,17.12,11.31
LOT000068,A,PORD000068,PRD0015,MILL_03,60.35,17.39,0.97
LOT000068,B,PORD000068,PRD0015,LATHE_03,69.16,16.78,4.94
LOT000068,C,PORD000068,PRD0015,DRILL_01,72.52,17.33,1.74
LOT000068,D,PORD000068,PRD0015,GRIND_02,73.62,19.26,8.87
LOT000068,E,PORD000068,PRD0015,ADD_01,68.77,18.54,7.22
LOT000069,A,PORD000069,PRD0005,MILL_01,74.15,15.19,6.08
LOT000069,B,PORD000069,PRD0005,LATHE_03,87.41,21.19,6.67
LOT000069,C,PORD000069,PRD0005,DRILL_01,92.52,23.02,22.2
LOT000069,D,PORD000069,PRD0005,GRIND_03,74.66,19.54,0.98
LOT000069,E,PORD000069,PRD0005,ADD_02,85.64,23.65,9.78
LOT000070,A,PORD000070,PRD0020,MILL_02,78.39,18.92,10.26
LOT000070,B,PORD000070,PRD0020,LATHE_04,65.64,18.15,3.5
LOT000070,C,PORD000070,PRD0020,DRILL_02,85.33,24.3,7.81
LOT000070,D,PORD000070,PRD0020,GRIND_03,97.95,21.59,25.92
LOT000070,E,PORD000070,PRD0020,ADD_02,96.73,19.51,18.17
LOT000071,A,PORD000071,PRD0005,MILL_04,94.67,16.05,4.07
LOT000071,B,PORD000071,PRD0005,LATHE_03,104.5,17.97,6.2
LOT000071,C,PORD000071,PRD0005,DRILL_03,95.31,16.74,6.6
LOT000071,D,PORD000071,PRD0005,GRIND_02,94.82,15.21,9.68
LOT000071,E,PORD000071,PRD0005,ADD_02,112.24,17.28,35.02
LOT000072,A,PORD000072,PRD0004,MILL_04,102.66,22.75,4.24
LOT000072,B,PORD000072,PRD0004,LATHE_02,98.39,18.22,3.79
LOT000072,C,PORD000072,PRD0004,DRILL_01,110.5,20.82,8.12
LOT000072,D,PORD000072,PRD0004,GRIND_03,108.46,15.44,5.99
LOT000072,E,PORD000072,PRD0004,ADD_02,126.69,19.32,9.19
LOT000073,A,PORD000073,PRD0020,MILL_01,84.9,21.46,6.53
LOT000073,B,PORD000073,PRD0020,LATHE_01,66.37,17.58,5.09
LOT000073,C,PORD000073,PRD0020,DRILL_02,82.79,23.42,7.76
LOT000073,D,PORD000073,PRD0020,GRIND_03,70.63,18.2,2.69
LOT000073,E,PORD000073,PRD0020,ADD_01,84.84,16.65,10.89
LOT000074,A,PORD000074,PRD0015,MILL_03,73.26,23.41,4.34
LOT000074,B,PORD000074,PRD0015,LATHE_04,66.11,21.12,1.21
LOT000074,C,PORD000074,PRD0015,DRILL_03,79.21,23.77,1.61
LOT000074,D,PORD000074,PRD0015,GRIND_01,83.73,22.42,16.95
LOT000074,E,PORD000074,PRD0015,ADD_02,80.42,23.0,8.33
LOT000075,A,PORD000075,PRD0007,MILL_01,113.39,20.39,6.78
LOT000075,B,PORD000075,PRD0007,LATHE_04,111.61,22.46,7.66
LOT000075,C,PORD000075,PRD0007,DRILL_03,112.31,22.56,4.7
LOT000075,D,PORD000075,PRD0007,GRIND_02,126.68,18.68,7.22
LOT000075,E,PORD000075,PRD0007,ADD_01,95.43,16.38,0.03
LOT000076,A,PORD000076,PRD0010,MILL_02,100.07,18.55,0.74
LOT000076,B,PORD000076,PRD0010,LATHE_04,98.33,20.1,0.83
LOT000076,C,PORD000076,PRD0010,DRILL_02,95.8,19.87,6.02
LOT000076,D,PORD000076,PRD0010,GRIND_03,91.78,19.98,0.59
LOT000076,E,PORD000076,PRD0010,ADD_02,108.31,24.82,12.38
LOT000077,A,PORD000077,PRD0013,MILL_01,67.63,15.89,4.79
LOT000077,B,PORD000077,PRD0013,LATHE_03,68.02,22.34,1.39
LOT000077,C,PORD000077,PRD0013,DRILL_03,68.07,16.18,8.4
LOT000077,D,PORD000077,PRD0013,GRIND_01,80.69,24.5,5.66
LOT000077,E,PORD000077,PRD0013,ADD_01,68.99,15.26,12.48
LOT000078,A,PORD000078,PRD0017,MILL_01,65.49,22.83,6.82
LOT000078,B,PORD000078,PRD0017,LATHE_01,63.74,23.42,6.42
LOT000078,C,PORD000078,PRD0017,DRILL_01,61.21,22.06,0.5
LOT000078,D,PORD000078,PRD0017,GRIND_03,58.76,19.37,7.66
LOT000078,E,PORD000078,PRD0017,ADD_02,64.0,16.31,13.84
LOT000079,A,PORD000079,PRD0012,MILL_04,62.69,24.75,3.43
LOT000079,B,PORD000079,PRD0012,LATHE_02,46.74,15.65,0.27
LOT000079,C,PORD000079,PRD0012,DRILL_02,56.71,20.62,3.15
LOT000079,D,PORD000079,PRD0012,GRIND_02,66.6,24.0,6.64
LOT000079,E,PORD000079,PRD0012,ADD_01,71.45,23.82,12.42
LOT000080,A,PORD000080,PRD0014,MILL_01,62.62,24.81,5.23
LOT000080,B,PORD000080,PRD0014,LATHE_04,59.61,18.38,7.58
LOT000080,C,PORD000080,PRD0014,DRILL_01,51.25,16.14,2.25
LOT000080,D,PORD000080,PRD0014,GRIND_03,64.68,21.84,9.81
LOT000080,E,PORD000080,PRD0014,ADD_02,63.64,22.23,10.62
LOT000081,A,PORD000081,PRD0006,MILL_01,83.03,16.41,1.73
LOT000081,B,PORD000081,PRD0006,LATHE_04,85.47,19.12,4.36
LOT000081,C,PORD000081,PRD0006,DRILL_02,94.54,23.06,0.52
LOT000081,D,PORD000081,PRD0006,GRIND_03,108.07,23.72,7.58
LOT000081,E,PORD000081,PRD0006,ADD_01,136.23,17.05,41.39
LOT000082,A,PORD000082,PRD0009,MILL_02,71.32,22.51,4.42
LOT000082,B,PORD000082,PRD0009,LATHE_03,71.92,24.09,3.98
LOT000082,C,PORD000082,PRD0009,DRILL_03,83.69,23.22,7.76
LOT000082,D,PORD000082,PRD0009,GRIND_02,65.23,15.94,7.57
LOT000082,E,PORD000082,PRD0009,ADD_02,79.75,22.98,13.73
LOT000083,A,PORD000083,PRD0010,MILL_03,125.55,21.13,7.18
LOT000083,B,PORD000083,PRD0010,LATHE_02,132.58,16.41,1.47
LOT000083,C,PORD000083,PRD0010,DRILL_03,135.1,18.13,9.68
LOT000083,D,PORD000083,PRD0010,GRIND_01,127.27,23.04,9.67
LOT000083,E,PORD000083,PRD0010,ADD_01,122.38,16.22,4.85
LOT000084,A,PORD000084,PRD0005,MILL_03,41.64,20.27,7.12
LOT000084,B,PORD000084,PRD0005,LATHE_01,44.21,24.73,2.37
LOT000084,C,PORD000084,PRD0005,DRILL_02,41.6,22.1,4.71
LOT000084,D,PORD000084,PRD0005,GRIND_01,41.19,18.58,8.28
LOT000084,E,PORD000084,PRD0005,ADD_02,32.76,17.44,1.31
LOT000085,A,PORD000085,PRD0003,MILL_02,68.7,22.49,4.97
LOT000085,B,PORD000085,PRD0003,LATHE_01,68.37,23.06,2.03
LOT000085,C,PORD000085,PRD0003,DRILL_01,74.31,21.76,6.86
LOT000085,D,PORD000085,PRD0003,GRIND_03,67.76,16.67,9.92
LOT000085,E,PORD000085,PRD0003,ADD_02,70.16,21.43,7.69
LOT000086,A,PORD000086,PRD0003,MILL_01,56.79,19.08,7.23
LOT000086,B,PORD000086,PRD0003,LATHE_01,63.72,22.88,2.08
LOT000086,C,PORD000086,PRD0003,DRILL_03,55.7,15.0,3.9
LOT000086,D,PORD000086,PRD0003,GRIND_02,64.44,23.65,3.8
LOT000086,E,PORD000086,PRD0003,ADD_02,55.46,19.79,6.32
LOT000087,A,PORD000087,PRD0006,MILL_02,97.92,24.11,6.44
LOT000087,B,PORD000087,PRD0006,LATHE_03,98.07,21.21,5.03
LOT000087,C,PORD000087,PRD0006,DRILL_03,102.35,23.73,7.04
LOT000087,D,PORD000087,PRD0006,GRIND_01,96.48,17.42,4.69
LOT000087,E,PORD000087,PRD0006,ADD_01,104.83,15.74,10.95
LOT000088,A,PORD000088,PRD0004,MILL_04,76.54,23.77,2.72
LOT000088,B,PORD000088,PRD0004,LATHE_03,63.64,15.79,6.36
LOT000088,C,PORD000088,PRD0004,DRILL_03,68.47,17.68,5.73
LOT000088,D,PORD000088,PRD0004,GRIND_01,78.07,20.99,0.94
LOT000088,E,PORD000088,PRD0004,ADD_02,83.51,23.69,14.34
LOT000089,A,PORD000089,PRD0015,MILL_02,50.8,16.65,7.58
LOT000089,B,PORD000089,PRD0015,LATHE_01,52.46,22.03,4.1
LOT000089,C,PORD000089,PRD0015,DRILL_02,70.0,22.87,16.57
LOT000089,D,PORD000089,PRD0015,GRIND_03,54.73,22.44,6.34
LOT000089,E,PORD000089,PRD0015,ADD_01,54.48,15.03,9.06
LOT000090,A,PORD000090,PRD0019,MILL_02,83.07,24.72,3.86
LOT000090,B,PORD000090,PRD0019,LATHE_03,75.43,19.47,4.73
LOT000090,C,PORD000090,PRD0019,DRILL_01,68.53,15.08,0.37
LOT000090,D,PORD000090,PRD0019,GRIND_02,72.85,19.63,2.19
LOT000090,E,PORD000090,PRD0019,ADD_02,85.35,24.32,1.31
LOT000091,A,PORD000091,PRD0019,MILL_01,95.19,21.75,3.6
LOT000091,B,PORD000091,PRD0019,LATHE_01,83.43,18.95,3.29
LOT000091,C,PORD000091,PRD0019,DRILL_01,87.25,17.58,2.97
LOT000091,D,PORD000091,PRD0019,GRIND_02,92.78,22.21,10.05
LOT000091,E,PORD000091,PRD0019,ADD_01,86.32,15.6,10.3
LOT000092,A,PORD000092,PRD0001,MILL_04,102.95,18.69,3.35
LOT000092,B,PORD000092,PRD0001,LATHE_01,96.68,19.04,6.0
LOT000092,C,PORD000092,PRD0001,DRILL_01,103.14,21.79,5.94
LOT000092,D,PORD000092,PRD0001,GRIND_02,90.03,16.39,1.54
LOT000092,E,PORD000092,PRD0001,ADD_02,104.4,16.21,16.99
LOT000093,A,PORD000093,PRD0008,MILL_03,101.21,19.49,3.19
LOT000093,B,PORD000093,PRD0008,LATHE_02,100.75,20.59,5.83
LOT000093,C,PORD000093,PRD0008,DRILL_01,95.57,21.92,6.73
LOT000093,D,PORD000093,PRD0008,GRIND_01,89.0,23.62,2.26
LOT000093,E,PORD000093,PRD0008,ADD_01,123.34,23.58,27.93
LOT000094,A,PORD000094,PRD0016,MILL_02,99.55,18.7,3.14
LOT000094,B,PORD000094,PRD0016,LATHE_02,93.94,16.67,1.14
LOT000094,C,PORD000094,PRD0016,DRILL_01,109.67,24.47,5.17
LOT000094,D,PORD000094,PRD0016,GRIND_03,94.32,18.41,4.1
LOT000094,E,PORD000094,PRD0016,ADD_02,118.65,23.47,12.63
LOT000095,A,PORD000095,PRD0006,MILL_02,135.8,19.86,4.04
LOT000095,B,PORD000095,PRD0006,LATHE_04,120.71,15.99,7.41
LOT000095,C,PORD000095,PRD0006,DRILL_03,114.32,15.23,4.59
LOT000095,D,PORD000095,PRD0006,GRIND_01,133.7,23.35,3.75
LOT000095,E,PORD000095,PRD0006,ADD_02,137.81,21.03,14.76
LOT000096,A,PORD000096,PRD0015,MILL_04,80.41,15.31,21.15
LOT000096,B,PORD000096,PRD0015,LATHE_01,72.06,20.54,6.1
LOT000096,C,PORD000096,PRD0015,DRILL_03,70.62,18.56,7.09
LOT000096,D,PORD000096,PRD0015,GRIND_01,70.94,18.42,9.66
LOT000096,E,PORD000096,PRD0015,ADD_01,71.14,16.65,15.0
LOT000097,A,PORD000097,PRD0002,MILL_03,34.1,23.8,4.56
LOT000097,B,PORD000097,PRD0002,LATHE_01,35.68,22.31,6.82
LOT000097,C,PORD000097,PRD0002,DRILL_02,56.19,17.28,32.74
LOT000097,D,PORD000097,PRD0002,GRIND_01,33.24,19.58,7.46
LOT000097,E,PORD000097,PRD0002,ADD_01,42.74,22.94,13.16
LOT000098,A,PORD000098,PRD0017,MILL_03,76.94,20.13,6.04
LOT000098,B,PORD000098,PRD0017,LATHE_03,68.62,18.75,1.63
LOT000098,C,PORD000098,PRD0017,DRILL_03,90.45,21.06,19.06
LOT000098,D,PORD000098,PRD0017,GRIND_01,81.02,24.81,8.28
LOT000098,E,PORD000098,PRD0017,ADD_02,79.93,23.07,14.94
LOT000099,A,PORD000099,PRD0013,MILL_04,110.33,15.62,15.62
LOT000099,B,PORD000099,PRD0013,LATHE_02,105.34,17.21,6.1
LOT000099,C,PORD000099,PRD0013,DRILL_02,98.71,22.23,1.34
LOT000099,D,PORD000099,PRD0013,GRIND_02,109.5,18.33,5.29
LOT000099,E,PORD000099,PRD0013,ADD_01,110.19,24.98,12.43
LOT000100,A,PORD000100,PRD0007,MILL_01,60.74,18.42,0.55
LOT000100,B,PORD000100,PRD0007,LATHE_04,79.56,22.69,6.13
LOT000100,C,PORD000100,PRD0007,DRILL_02,69.65,16.04,7.23
LOT000100,D,PORD000100,PRD0007,GRIND_02,75.53,15.24,5.49
LOT000100,E,PORD000100,PRD0007,ADD_01,86.95,24.48,14.33
LOT000101,A,PORD000101,PRD0016,MILL_02,60.77,17.42,1.16
LOT000101,B,PORD000101,PRD0016,LATHE_04,59.52,17.95,2.25
LOT000101,C,PORD000101,PRD0016,DRILL_02,60.4,16.52,0.22
LOT000101,D,PORD000101,PRD0016,GRIND_03,66.9,17.26,9.79
LOT000101,E,PORD000101,PRD0016,ADD_01,66.42,19.16,2.82
LOT000102,A,PORD000102,PRD0010,MILL_04,88.85,21.25,5.46
LOT000102,B,PORD000102,PRD0010,LATHE_04,87.66,17.35,2.32
LOT000102,C,PORD000102,PRD0010,DRILL_01,87.32,24.17,4.01
LOT000102,D,PORD000102,PRD0010,GRIND_02,80.23,16.34,0.54
LOT000102,E,PORD000102,PRD0010,ADD_01,88.44,16.03,11.75
LOT000103,A,PORD000103,PRD0006,MILL_01,95.41,18.4,9.41
LOT000103,B,PORD000103,PRD0006,LATHE_01,83.31,18.6,6.74
LOT000103,C,PORD000103,PRD0006,DRILL_02,91.44,23.92,9.1
LOT000103,D,PORD000103,PRD0006,GRIND_03,84.53,15.89,4.94
LOT000103,E,PORD000103,PRD0006,ADD_01,87.09,23.44,2.09
LOT000104,A,PORD000104,PRD0011,MILL_01,117.52,24.66,7.61
LOT000104,B,PORD000104,PRD0011,LATHE_02,111.57,17.69,5.07
LOT000104,C,PORD000104,PRD0011,DRILL_01,112.0,18.6,22.51
LOT000104,D,PORD000104,PRD0011,GRIND_03,95.43,16.11,7.71
LOT000104,E,PORD000104,PRD0011,ADD_01,109.97,22.68,12.33
LOT000105,A,PORD000105,PRD0016,MILL_04,98.0,21.48,6.03
LOT000105,B,PORD000105,PRD0016,LATHE_01,90.65,16.37,5.91
LOT000105,C,PORD000105,PRD0016,DRILL_01,103.06,21.82,5.79
LOT000105,D,PORD000105,PRD0016,GRIND_03,94.52,18.68,1.12
LOT000105,E,PORD000105,PRD0016,ADD_02,107.31,16.0,3.63
LOT000106,A,PORD000106,PRD0002,MILL_01,63.15,16.24,3.94
LOT000106,B,PORD000106,PRD0002,LATHE_01,82.49,24.06,5.8
LOT000106,C,PORD000106,PRD0002,DRILL_02,71.86,20.19,3.12
LOT000106,D,PORD000106,PRD0002,GRIND_03,74.34,17.2,8.57
LOT000106,E,PORD000106,PRD0002,ADD_02,70.09,22.7,1.8
LOT000107,A,PORD000107,PRD0001,MILL_02,62.46,20.71,5.3
LOT000107,B,PORD000107,PRD0001,LATHE_04,66.57,23.47,7.19
LOT000107,C,PORD000107,PRD0001,DRILL_01,61.29,17.91,1.52
LOT000107,D,PORD000107,PRD0001,GRIND_01,59.79,17.28,4.84
LOT000107,E,PORD000107,PRD0001,ADD_01,68.02,21.72,14.85
LOT000108,A,PORD000108,PRD0020,MILL_03,98.94,24.63,2.93
LOT000108,B,PORD000108,PRD0020,LATHE_04,106.59,21.2,22.4
LOT000108,C,PORD000108,PRD0020,DRILL_03,92.22,16.47,6.36
LOT000108,D,PORD000108,PRD0020,GRIND_03,93.82,17.6,9.17
LOT000108,E,PORD000108,PRD0020,ADD_02,109.94,20.39,10.35
LOT000109,A,PORD000109,PRD0018,MILL_02,58.44,20.3,4.0
LOT000109,B,PORD000109,PRD0018,LATHE_01,75.26,21.21,20.93
LOT000109,C,PORD000109,PRD0018,DRILL_02,53.27,19.33,1.66
LOT000109,D,PORD000109,PRD0018,GRIND_01,61.9,15.5,9.81
LOT000109,E,PORD000109,PRD0018,ADD_01,53.37,18.92,1.63
LOT000110,A,PORD000110,PRD0016,MILL_04,79.11,24.53,1.75
LOT000110,B,PORD000110,PRD0016,LATHE_02,79.18,20.94,4.98
LOT000110,C,PORD000110,PRD0016,DRILL_03,84.58,22.32,6.98
LOT000110,D,PORD000110,PRD0016,GRIND_02,87.17,24.67,8.54
LOT000110,E,PORD000110,PRD0016,ADD_02,79.86,17.47,10.0
LOT000111,A,PORD000111,PRD0018,MILL_01,77.59,15.09,7.41
LOT000111,B,PORD000111,PRD0018,LATHE_03,74.81,15.46,1.42
LOT000111,C,PORD000111,PRD0018,DRILL_03,83.29,17.54,4.03
LOT000111,D,PORD000111,PRD0018,GRIND_01,86.04,16.19,3.98
LOT000111,E,PORD000111,PRD0018,ADD_01,84.92,19.95,7.22
LOT000112,A,PORD000112,PRD0020,MILL_02,134.21,24.18,17.81
LOT000112,B,PORD000112,PRD0020,LATHE_02,110.36,24.92,4.59
LOT000112,C,PORD000112,PRD0020,DRILL_01,109.05,17.4,9.18
LOT000112,D,PORD000112,PRD0020,GRIND_02,121.22,23.4,2.29
LOT000112,E,PORD000112,PRD0020,ADD_02,135.62,23.67,14.26
LOT000113,A,PORD000113,PRD0011,MILL_02,41.33,23.4,3.44
LOT000113,B,PORD000113,PRD0011,LATHE_02,43.4,23.93,6.24
LOT000113,C,PORD000113,PRD0011,DRILL_03,34.31,20.45,2.55
LOT000113,D,PORD000113,PRD0011,GRIND_03,31.43,15.33,3.64
LOT000113,E,PORD000113,PRD0011,ADD_01,44.49,20.07,12.16
LOT000114,A,PORD000114,PRD0004,MILL_01,123.37,22.71,1.21
LOT000114,B,PORD000114,PRD0004,LATHE_03,113.28,15.45,7.45
LOT000114,C,PORD000114,PRD0004,DRILL_01,115.87,22.66,4.17
LOT000114,D,PORD000114,PRD0004,GRIND_01,119.98,22.23,2.04
LOT000114,E,PORD000114,PRD0004,ADD_02,138.6,17.3,10.94
LOT000115,A,PORD000115,PRD0006,MILL_01,111.2,22.59,7.17
LOT000115,B,PORD000115,PRD0006,LATHE_04,105.68,23.17,2.97
LOT000115,C,PORD000115,PRD0006,DRILL_02,100.8,19.06,7.62
LOT000115,D,PORD000115,PRD0006,GRIND_01,99.05,18.81,7.54
LOT000115,E,PORD000115,PRD0006,ADD_02,109.56,22.81,14.28
LOT000116,A,PORD000116,PRD0017,MILL_04,107.2,17.97,6.07
LOT000116,B,PORD000116,PRD0017,LATHE_01,110.37,22.08,7.78
LOT000116,C,PORD000116,PRD0017,DRILL_02,118.82,21.97,4.62
LOT000116,D,PORD000116,PRD0017,GRIND_03,108.39,16.25,18.62
LOT000116,E,PORD000116,PRD0017,ADD_01,110.32,16.95,5.03
LOT000117,A,PORD000117,PRD0003,MILL_03,79.01,19.35,2.5
LOT000117,B,PORD000117,PRD0003,LATHE_04,84.35,22.86,3.07
LOT000117,C,PORD000117,PRD0003,DRILL_03,91.27,15.11,9.7
LOT000117,D,PORD000117,PRD0003,GRIND_03,86.38,20.01,5.34
LOT000117,E,PORD000117,PRD0003,ADD_01,87.07,20.05,12.94
LOT000118,A,PORD000118,PRD0003,MILL_04,81.7,17.27,21.75
LOT000118,B,PORD000118,PRD0003,LATHE_04,86.2,17.9,19.44
LOT000118,C,PORD000118,PRD0003,DRILL_03,102.27,18.13,31.27
LOT000118,D,PORD000118,PRD0003,GRIND_03,59.65,15.12,0.52
LOT000118,E,PORD000118,PRD0003,ADD_02,69.99,18.91,6.17
LOT000119,A,PORD000119,PRD0005,MILL_04,70.41,22.84,3.46
LOT000119,B,PORD000119,PRD0005,LATHE_01,66.36,15.72,3.05
LOT000119,C,PORD000119,PRD0005,DRILL_02,70.55,22.33,7.81
LOT000119,D,PORD000119,PRD0005,GRIND_01,58.94,16.01,2.76
LOT000119,E,PORD000119,PRD0005,ADD_01,63.95,15.11,14.66
LOT000120,A,PORD000120,PRD0005,MILL_02,112.94,20.55,4.66
LOT000120,B,PORD000120,PRD0005,LATHE_01,115.42,18.98,1.64
LOT000120,C,PORD000120,PRD0005,DRILL_02,112.82,17.87,9.69
LOT000120,D,PORD000120,PRD0005,GRIND_03,116.04,16.72,11.71
LOT000120,E,PORD000120,PRD0005,ADD_02,107.81,20.99,9.73
LOT000121,A,PORD000121,PRD0002,MILL_02,55.76,19.51,4.67
LOT000121,B,PORD000121,PRD0002,LATHE_03,77.67,20.98,24.09
LOT000121,C,PORD000121,PRD0002,DRILL_02,60.53,21.12,9.39
LOT000121,D,PORD000121,PRD0002,GRIND_02,56.96,21.25,0.5
LOT000121,E,PORD000121,PRD0002,ADD_01,64.83,20.83,6.75
LOT000122,A,PORD000122,PRD0004,MILL_01,113.51,21.17,1.72
LOT000122,B,PORD000122,PRD0004,LATHE_02,107.31,15.08,0.74
LOT000122,C,PORD000122,PRD0004,DRILL_03,137.63,23.07,30.43
LOT000122,D,PORD000122,PRD0004,GRIND_03,123.78,15.09,6.13
LOT000122,E,PORD000122,PRD0004,ADD_02,133.58,22.01,9.81
LOT000123,A,PORD000123,PRD0015,MILL_03,56.2,17.48,3.67
LOT000123,B,PORD000123,PRD0015,LATHE_02,58.41,20.97,2.98
LOT000123,C,PORD000123,PRD0015,DRILL_02,72.65,23.05,9.33
LOT000123,D,PORD000123,PRD0015,GRIND_02,60.11,18.97,2.53
LOT000123,E,PORD000123,PRD0015,ADD_02,65.31,15.68,13.81
LOT000124,A,PORD000124,PRD0007,MILL_04,75.97,18.68,19.33
LOT000124,B,PORD000124,PRD0007,LATHE_01,77.47,19.11,18.85
LOT000124,C,PORD000124,PRD0007,DRILL_02,73.21,21.49,11.6
LOT000124,D,PORD000124,PRD0007,GRIND_02,67.3,22.85,2.01
LOT000124,E,PORD000124,PRD0007,ADD_01,64.07,15.56,13.91
LOT000125,A,PORD000125,PRD0003,MILL_02,99.1,16.59,0.56
LOT000125,B,PORD000125,PRD0003,LATHE_01,125.7,22.47,6.61
LOT000125,C,PORD000125,PRD0003,DRILL_01,139.44,15.08,21.08
LOT000125,D,PORD000125,PRD0003,GRIND_01,123.98,18.57,8.29
LOT000125,E,PORD000125,PRD0003,ADD_01,118.72,17.16,11.8
LOT000126,A,PORD000126,PRD0017,MILL_02,67.36,24.41,9.74
LOT000126,B,PORD000126,PRD0017,LATHE_03,59.81,23.29,4.17
LOT000126,C,PORD000126,PRD0017,DRILL_03,83.89,23.38,28.71
LOT000126,D,PORD000126,PRD0017,GRIND_02,53.78,17.96,4.11
LOT000126,E,PORD000126,PRD0017,ADD_02,47.39,17.3,2.48
LOT000127,A,PORD000127,PRD0002,MILL_02,106.93,20.41,3.31
LOT000127,B,PORD000127,PRD0002,LATHE_03,102.92,17.42,0.84
LOT000127,C,PORD000127,PRD0002,DRILL_01,98.69,17.12,1.67
LOT000127,D,PORD000127,PRD0002,GRIND_03,116.04,17.34,9.6
LOT000127,E,PORD000127,PRD0002,ADD_01,122.06,19.15,13.07
LOT000128,A,PORD000128,PRD0008,MILL_02,86.66,16.72,3.3
LOT000128,B,PORD000128,PRD0008,LATHE_02,96.74,15.22,19.84
LOT000128,C,PORD000128,PRD0008,DRILL_01,81.69,18.37,6.92
LOT000128,D,PORD000128,PRD0008,GRIND_01,90.28,22.65,7.73
LOT000128,E,PORD000128,PRD0008,ADD_01,79.49,15.18,1.04
LOT000129,A,PORD000129,PRD0015,MILL_04,76.3,23.82,5.58
LOT000129,B,PORD000129,PRD0015,LATHE_01,73.04,23.21,3.88
LOT000129,C,PORD000129,PRD0015,DRILL_01,80.8,20.32,8.21
LOT000129,D,PORD000129,PRD0015,GRIND_03,73.37,19.66,3.88
LOT000129,E,PORD000129,PRD0015,ADD_01,65.26,17.81,0.63
LOT000130,A,PORD000130,PRD0015,MILL_04,82.29,24.68,5.19
LOT000130,B,PORD000130,PRD0015,LATHE_02,97.67,20.13,11.94
LOT000130,C,PORD000130,PRD0015,DRILL_02,87.96,18.21,3.51
LOT000130,D,PORD000130,PRD0015,GRIND_03,80.62,22.07,3.69
LOT000130,E,PORD000130,PRD0015,ADD_01,87.14,22.09,3.27
LOT000131,A,PORD000131,PRD0017,MILL_01,111.97,16.04,4.65
LOT000131,B,PORD000131,PRD0017,LATHE_02,113.18,22.82,6.42
LOT000131,C,PORD000131,PRD0017,DRILL_01,108.24,15.15,7.13
LOT000131,D,PORD000131,PRD0017,GRIND_01,99.31,18.47,1.59
LOT000131,E,PORD000131,PRD0017,ADD_01,118.87,20.97,13.34
LOT000132,A,PORD000132,PRD0010,MILL_02,47.0,19.15,3.09
LOT000132,B,PORD000132,PRD0010,LATHE_01,47.79,17.42,3.4
LOT000132,C,PORD000132,PRD0010,DRILL_03,46.88,16.88,6.96
LOT000132,D,PORD000132,PRD0010,GRIND_02,63.04,19.51,20.78
LOT000132,E,PORD000132,PRD0010,ADD_01,72.71,17.64,34.09
LOT000133,A,PORD000133,PRD0013,MILL_01,75.75,21.55,0.51
LOT000133,B,PORD000133,PRD0013,LATHE_03,69.43,22.78,1.5
LOT000133,C,PORD000133,PRD0013,DRILL_01,74.78,22.48,2.17
LOT000133,D,PORD000133,PRD0013,GRIND_02,84.55,15.34,16.08
LOT000133,E,PORD000133,PRD0013,ADD_02,76.17,23.58,6.43
LOT000134,A,PORD000134,PRD0008,MILL_01,114.42,19.36,0.75
LOT000134,B,PORD000134,PRD0008,LATHE_01,119.33,20.77,0.76
LOT000134,C,PORD000134,PRD0008,DRILL_03,109.37,24.34,6.74
LOT000134,D,PORD000134,PRD0008,GRIND_03,95.7,17.41,4.11
LOT000134,E,PORD000134,PRD0008,ADD_02,113.48,23.92,6.09
LOT000135,A,PORD000135,PRD0016,MILL_03,60.06,20.12,7.51
LOT000135,B,PORD000135,PRD0016,LATHE_01,60.48,20.87,7.93
LOT000135,C,PORD000135,PRD0016,DRILL_03,62.93,21.76,5.79
LOT000135,D,PORD000135,PRD0016,GRIND_03,74.75,24.28,18.55
LOT000135,E,PORD000135,PRD0016,ADD_01,64.14,19.69,7.41
LOT000136,A,PORD000136,PRD0010,MILL_02,110.63,20.93,3.64
LOT000136,B,PORD000136,PRD0010,LATHE_03,118.81,23.64,7.4
LOT000136,C,PORD000136,PRD0010,DRILL_03,105.56,21.91,6.49
LOT000136,D,PORD000136,PRD0010,GRIND_03,99.36,22.48,4.14
LOT000136,E,PORD000136,PRD0010,ADD_02,101.71,19.55,12.56
LOT000137,A,PORD000137,PRD0020,MILL_02,98.57,21.86,18.86
LOT000137,B,PORD000137,PRD0020,LATHE_01,68.61,16.54,2.22
LOT000137,C,PORD000137,PRD0020,DRILL_02,80.4,22.41,5.94
LOT000137,D,PORD000137,PRD0020,GRIND_01,78.25,19.23,6.07
LOT000137,E,PORD000137,PRD0020,ADD_02,88.36,21.91,7.52
LOT000138,A,PORD000138,PRD0016,MILL_01,59.43,23.0,10.13
LOT000138,B,PORD000138,PRD0016,LATHE_01,57.15,23.97,7.79
LOT000138,C,PORD000138,PRD0016,DRILL_03,55.42,22.76,3.48
LOT000138,D,PORD000138,PRD0016,GRIND_01,66.47,21.69,17.65
LOT000138,E,PORD000138,PRD0016,ADD_02,48.3,15.71,3.44
LOT000139,A,PORD000139,PRD0006,MILL_02,98.21,16.66,0.07
LOT000139,B,PORD000139,PRD0006,LATHE_03,98.11,18.26,1.86
LOT000139,C,PORD000139,PRD0006,DRILL_03,112.73,18.66,3.02
LOT000139,D,PORD000139,PRD0006,GRIND_02,123.69,23.09,3.43
LOT000139,E,PORD000139,PRD0006,ADD_01,123.85,17.71,12.44
LOT000140,A,PORD000140,PRD0014,MILL_02,26.38,16.37,4.04
LOT000140,B,PORD000140,PRD0014,LATHE_03,27.69,15.03,7.0
LOT000140,C,PORD000140,PRD0014,DRILL_03,24.92,18.06,0.57
LOT000140,D,PORD000140,PRD0014,GRIND_01,29.44,16.91,5.47
LOT000140,E,PORD000140,PRD0014,ADD_01,37.71,23.62,8.07
LOT000141,A,PORD000141,PRD0017,MILL_04,87.5,21.56,5.5
LOT000141,B,PORD000141,PRD0017,LATHE_01,78.79,23.6,2.63
LOT000141,C,PORD000141,PRD0017,DRILL_01,111.45,20.14,32.25
LOT000141,D,PORD000141,PRD0017,GRIND_02,79.68,20.68,4.9
LOT000141,E,PORD000141,PRD0017,ADD_02,112.53,24.7,37.25
LOT000142,A,PORD000142,PRD0006,MILL_04,81.57,16.65,16.34
LOT000142,B,PORD000142,PRD0006,LATHE_04,90.58,17.86,24.49
LOT000142,C,PORD000142,PRD0006,DRILL_01,83.16,22.86,9.39
LOT000142,D,PORD000142,PRD0006,GRIND_01,82.0,22.29,3.38
LOT000142,E,PORD000142,PRD0006,ADD_01,79.01,17.21,13.11
LOT000143,A,PORD000143,PRD0004,MILL_01,80.98,16.52,2.81
LOT000143,B,PORD000143,PRD0004,LATHE_02,109.26,17.37,24.06
LOT000143,C,PORD000143,PRD0004,DRILL_03,102.5,17.38,21.7
LOT000143,D,PORD000143,PRD0004,GRIND_01,105.81,22.02,7.6
LOT000143,E,PORD000143,PRD0004,ADD_02,108.5,25.0,5.97
LOT000144,A,PORD000144,PRD0013,MILL_01,104.93,22.63,5.17
LOT000144,B,PORD000144,PRD0013,LATHE_03,99.58,24.11,4.01
LOT000144,C,PORD000144,PRD0013,DRILL_02,104.22,20.51,8.39
LOT000144,D,PORD000144,PRD0013,GRIND_03,109.19,22.54,3.36
LOT000144,E,PORD000144,PRD0013,ADD_01,93.56,16.12,4.22
LOT000145,A,PORD000145,PRD0001,MILL_03,50.07,20.68,1.69
LOT000145,B,PORD000145,PRD0001,LATHE_01,58.95,20.66,14.58
LOT000145,C,PORD000145,PRD0001,DRILL_01,51.66,22.49,0.88
LOT000145,D,PORD000145,PRD0001,GRIND_03,56.22,18.45,9.61
LOT000145,E,PORD000145,PRD0001,ADD_01,54.8,21.37,9.8
LOT000146,A,PORD000146,PRD0002,MILL_03,87.96,21.0,2.8
LOT000146,B,PORD000146,PRD0002,LATHE_04,99.71,24.63,5.73
LOT000146,C,PORD000146,PRD0002,DRILL_03,80.58,19.36,2.78
LOT000146,D,PORD000146,PRD0002,GRIND_03,99.0,23.5,9.92
LOT000146,E,PORD000146,PRD0002,ADD_02,90.23,16.86,13.93
LOT000147,A,PORD000147,PRD0009,MILL_04,97.9,18.41,7.31
LOT000147,B,PORD000147,PRD0009,LATHE_04,104.99,19.71,6.01
LOT000147,C,PORD000147,PRD0009,DRILL_02,101.64,16.77,1.15
LOT000147,D,PORD000147,PRD0009,GRIND_01,90.02,15.07,6.64
LOT000147,E,PORD000147,PRD0009,ADD_02,100.45,23.56,11.36
LOT000148,A,PORD000148,PRD0016,MILL_04,52.4,17.72,1.48
LOT000148,B,PORD000148,PRD0016,LATHE_01,56.3,23.63,1.39
LOT000148,C,PORD000148,PRD0016,DRILL_02,73.12,21.82,13.43
LOT000148,D,PORD000148,PRD0016,GRIND_01,57.61,16.64,5.47
LOT000148,E,PORD000148,PRD0016,ADD_02,59.19,17.18,8.72
LOT000149,A,PORD000149,PRD0003,MILL_04,115.33,19.0,0.09
LOT000149,B,PORD000149,PRD0003,LATHE_01,122.21,22.8,0.61
LOT000149,C,PORD000149,PRD0003,DRILL_03,133.67,24.81,0.67
LOT000149,D,PORD000149,PRD0003,GRIND_01,121.27,22.0,8.63
LOT000149,E,PORD000149,PRD0003,ADD_01,119.79,16.73,4.45
LOT000150,A,PORD000150,PRD0009,MILL_03,95.07,22.82,1.15
LOT000150,B,PORD000150,PRD0009,LATHE_01,100.98,21.92,1.81
LOT000150,C,PORD000150,PRD0009,DRILL_01,106.19,16.38,8.98
LOT000150,D,PORD000150,PRD0009,GRIND_02,96.93,19.77,3.63
LOT000150,E,PORD000150,PRD0009,ADD_01,99.45,20.57,12.52
LOT000151,A,PORD000151,PRD0013,MILL_04,69.54,23.08,3.08
LOT000151,B,PORD000151,PRD0013,LATHE_01,61.08,17.04,5.43
LOT000151,C,PORD000151,PRD0013,DRILL_03,67.59,20.32,4.76
LOT000151,D,PORD000151,PRD0013,GRIND_02,73.58,21.54,3.32
LOT000151,E,PORD000151,PRD0013,ADD_02,60.28,15.68,1.75
LOT000152,A,PORD000152,PRD0011,MILL_04,98.95,21.93,1.85
LOT000152,B,PORD000152,PRD0011,LATHE_02,98.29,23.34,4.89
LOT000152,C,PORD000152,PRD0011,DRILL_03,96.07,24.62,7.5
LOT000152,D,PORD000152,PRD0011,GRIND_02,91.44,17.78,2.88
LOT000152,E,PORD000152,PRD0011,ADD_02,87.84,23.27,6.29
LOT000153,A,PORD000153,PRD0013,MILL_04,72.42,24.69,2.5
LOT000153,B,PORD000153,PRD0013,LATHE_03,84.98,24.34,18.8
LOT000153,C,PORD000153,PRD0013,DRILL_03,60.66,15.91,0.43
LOT000153,D,PORD000153,PRD0013,GRIND_03,70.34,22.31,1.46
LOT000153,E,PORD000153,PRD0013,ADD_02,68.91,24.43,1.61
LOT000154,A,PORD000154,PRD0006,MILL_02,90.25,23.44,4.11
LOT000154,B,PORD000154,PRD0006,LATHE_04,101.19,17.15,17.51
LOT000154,C,PORD000154,PRD0006,DRILL_03,109.68,24.78,19.88
LOT000154,D,PORD000154,PRD0006,GRIND_01,91.04,23.57,4.41
LOT000154,E,PORD000154,PRD0006,ADD_02,98.88,22.83,14.85
LOT000155,A,PORD000155,PRD0012,MILL_03,106.62,24.39,4.98
LOT000155,B,PORD000155,PRD0012,LATHE_03,119.89,19.97,21.2
LOT000155,C,PORD000155,PRD0012,DRILL_03,111.94,22.57,12.1
LOT000155,D,PORD000155,PRD0012,GRIND_03,105.26,23.05,1.6
LOT000155,E,PORD000155,PRD0012,ADD_02,121.54,17.34,12.52
LOT000156,A,PORD000156,PRD0017,MILL_02,115.12,23.68,15.13
LOT000156,B,PORD000156,PRD0017,LATHE_03,104.79,19.2,6.86
LOT000156,C,PORD000156,PRD0017,DRILL_02,107.48,22.82,2.48
LOT000156,D,PORD000156,PRD0017,GRIND_01,96.67,20.66,0.62
LOT000156,E,PORD000156,PRD0017,ADD_01,119.76,17.71,26.24
LOT000157,A,PORD000157,PRD0008,MILL_01,69.33,17.22,2.08
LOT000157,B,PORD000157,PRD0008,LATHE_02,76.3,15.95,2.7
LOT000157,C,PORD000157,PRD0008,DRILL_02,80.22,17.8,6.63
LOT000157,D,PORD000157,PRD0008,GRIND_01,71.76,19.42,3.95
LOT000157,E,PORD000157,PRD0008,ADD_01,81.41,17.16,4.45
LOT000158,A,PORD000158,PRD0020,MILL_02,54.77,18.47,1.0
LOT000158,B,PORD000158,PRD0020,LATHE_02,51.67,15.35,5.58
LOT000158,C,PORD000158,PRD0020,DRILL_02,62.31,24.76,3.37
LOT000158,D,PORD000158,PRD0020,GRIND_01,55.77,17.3,2.41
LOT000158,E,PORD000158,PRD0020,ADD_01,52.89,16.41,1.58
LOT000159,A,PORD000159,PRD0011,MILL_04,129.42,15.81,10.66
LOT000159,B,PORD000159,PRD0011,LATHE_03,115.97,16.69,6.09
LOT000159,C,PORD000159,PRD0011,DRILL_03,105.09,17.89,6.19
LOT000159,D,PORD000159,PRD0011,GRIND_02,119.48,21.19,5.01
LOT000159,E,PORD000159,PRD0011,ADD_01,118.19,24.34,12.35
LOT000160,A,PORD000160,PRD0004,MILL_02,53.66,20.24,3.77
LOT000160,B,PORD000160,PRD0004,LATHE_04,52.2,17.94,6.12
LOT000160,C,PORD000160,PRD0004,DRILL_03,73.36,16.26,26.85
LOT000160,D,PORD000160,PRD0004,GRIND_03,62.75,21.76,6.03
LOT000160,E,PORD000160,PRD0004,ADD_02,46.62,15.01,2.15
LOT000161,A,PORD000161,PRD0010,MILL_04,53.92,22.47,0.48
LOT000161,B,PORD000161,PRD0010,LATHE_02,54.62,16.22,0.91
LOT000161,C,PORD000161,PRD0010,DRILL_02,51.55,20.94,1.26
LOT000161,D,PORD000161,PRD0010,GRIND_02,47.71,15.82,0.28
LOT000161,E,PORD000161,PRD0010,ADD_01,59.58,21.73,7.39
LOT000162,A,PORD000162,PRD0014,MILL_01,91.92,23.06,1.33
LOT000162,B,PORD000162,PRD0014,LATHE_01,84.87,15.69,4.81
LOT000162,C,PORD000162,PRD0014,DRILL_02,97.4,19.07,7.15
LOT000162,D,PORD000162,PRD0014,GRIND_02,120.09,22.85,25.14
LOT000162,E,PORD000162,PRD0014,ADD_01,105.03,21.8,23.87
LOT000163,A,PORD000163,PRD0016,MILL_03,95.36,20.93,5.83
LOT000163,B,PORD000163,PRD0016,LATHE_01,93.32,23.37,1.01
LOT000163,C,PORD000163,PRD0016,DRILL_01,119.08,23.32,26.24
LOT000163,D,PORD000163,PRD0016,GRIND_03,85.34,22.29,1.18
LOT000163,E,PORD000163,PRD0016,ADD_01,89.3,18.23,2.22
LOT000164,A,PORD000164,PRD0008,MILL_03,74.32,23.24,17.4
LOT000164,B,PORD000164,PRD0008,LATHE_03,51.87,18.8,3.11
LOT000164,C,PORD000164,PRD0008,DRILL_03,53.03,19.8,0.81
LOT000164,D,PORD000164,PRD0008,GRIND_02,59.0,19.44,8.74
LOT000164,E,PORD000164,PRD0008,ADD_02,58.13,19.64,7.15
LOT000165,A,PORD000165,PRD0002,MILL_04,92.54,16.33,1.03
LOT000165,B,PORD000165,PRD0002,LATHE_04,109.08,20.73,6.43
LOT000165,C,PORD000165,PRD0002,DRILL_03,95.2,22.3,1.87
LOT000165,D,PORD000165,PRD0002,GRIND_02,102.96,18.08,7.97
LOT000165,E,PORD000165,PRD0002,ADD_02,114.93,16.26,18.24
LOT000166,A,PORD000166,PRD0011,MILL_04,124.76,22.72,6.66
LOT000166,B,PORD000166,PRD0011,LATHE_03,117.22,20.44,5.1
LOT000166,C,PORD000166,PRD0011,DRILL_02,102.18,20.23,3.99
LOT000166,D,PORD000166,PRD0011,GRIND_01,137.01,21.14,30.25
LOT000166,E,PORD000166,PRD0011,ADD_02,119.52,23.94,13.62
LOT000167,A,PORD000167,PRD0012,MILL_03,85.94,24.11,2.53
LOT000167,B,PORD000167,PRD0012,LATHE_01,99.95,23.33,7.73
LOT000167,C,PORD000167,PRD0012,DRILL_01,88.7,21.76,3.7
LOT000167,D,PORD000167,PRD0012,GRIND_01,90.44,16.2,9.69
LOT000167,E,PORD000167,PRD0012,ADD_02,83.34,19.67,2.49
LOT000168,A,PORD000168,PRD0017,MILL_04,138.47,16.14,22.84
LOT000168,B,PORD000168,PRD0017,LATHE_01,114.16,19.15,5.28
LOT000168,C,PORD000168,PRD0017,DRILL_02,123.0,15.61,9.41
LOT000168,D,PORD000168,PRD0017,GRIND_02,110.13,16.98,2.62
LOT000168,E,PORD000168,PRD0017,ADD_02,109.4,19.01,1.9
LOT000169,A,PORD000169,PRD0002,MILL_02,67.74,17.15,2.91
LOT000169,B,PORD000169,PRD0002,LATHE_04,76.04,18.45,4.32
LOT000169,C,PORD000169,PRD0002,DRILL_03,81.0,20.93,1.72
LOT000169,D,PORD000169,PRD0002,GRIND_03,74.44,16.51,5.96
LOT000169,E,PORD000169,PRD0002,ADD_02,78.81,18.19,7.54
LOT000170,A,PORD000170,PRD0011,MILL_04,73.52,24.16,2.46
LOT000170,B,PORD000170,PRD0011,LATHE_01,86.92,16.24,24.51
LOT000170,C,PORD000170,PRD0011,DRILL_02,68.65,21.03,4.7
LOT000170,D,PORD000170,PRD0011,GRIND_02,79.98,24.36,4.81
LOT000170,E,PORD000170,PRD0011,ADD_02,72.96,21.18,13.11
LOT000171,A,PORD000171,PRD0001,MILL_04,27.98,15.24,1.02
LOT000171,B,PORD000171,PRD0001,LATHE_02,33.11,18.83,3.54
LOT000171,C,PORD000171,PRD0001,DRILL_02,35.47,19.41,2.64
LOT000171,D,PORD000171,PRD0001,GRIND_02,51.1,17.18,21.65
LOT000171,E,PORD000171,PRD0001,ADD_01,62.01,19.14,31.23
LOT000172,A,PORD000172,PRD0019,MILL_01,103.51,20.72,0.48
LOT000172,B,PORD000172,PRD0019,LATHE_02,91.44,17.83,4.34
LOT000172,C,PORD000172,PRD0019,DRILL_03,96.76,19.42,1.84
LOT000172,D,PORD000172,PRD0019,GRIND_03,108.43,20.98,8.55
LOT000172,E,PORD000172,PRD0019,ADD_01,102.61,18.83,2.18
LOT000173,A,PORD000173,PRD0003,MILL_03,80.73,23.78,7.68
LOT000173,B,PORD000173,PRD0003,LATHE_03,90.66,22.78,7.22
LOT000173,C,PORD000173,PRD0003,DRILL_01,85.48,18.3,4.54
LOT000173,D,PORD000173,PRD0003,GRIND_02,75.06,16.7,1.23
LOT000173,E,PORD000173,PRD0003,ADD_01,83.52,16.66,10.36
LOT000174,A,PORD000174,PRD0018,MILL_01,59.65,15.91,5.38
LOT000174,B,PORD000174,PRD0018,LATHE_04,65.39,21.42,3.92
LOT000174,C,PORD000174,PRD0018,DRILL_01,70.31,15.22,11.04
LOT000174,D,PORD000174,PRD0018,GRIND_02,67.04,22.29,3.93
LOT000174,E,PORD000174,PRD0018,ADD_01,58.96,15.51,3.12
LOT000175,A,PORD000175,PRD0013,MILL_01,102.44,17.81,6.26
LOT000175,B,PORD000175,PRD0013,LATHE_01,110.97,21.87,20.41
LOT000175,C,PORD000175,PRD0013,DRILL_01,108.57,19.1,14.52
LOT000175,D,PORD000175,PRD0013,GRIND_02,102.45,23.1,7.32
LOT000175,E,PORD000175,PRD0013,ADD_02,111.1,23.04,16.79
LOT000176,A,PORD000176,PRD0002,MILL_03,74.57,19.6,4.95
LOT000176,B,PORD000176,PRD0002,LATHE_02,71.04,16.35,3.17
LOT000176,C,PORD000176,PRD0002,DRILL_03,114.1,24.49,32.68
LOT000176,D,PORD000176,PRD0002,GRIND_01,81.94,18.54,7.31
LOT000176,E,PORD000176,PRD0002,ADD_02,77.58,18.58,8.63
LOT000177,A,PORD000177,PRD0007,MILL_04,122.41,22.42,2.84
LOT000177,B,PORD000177,PRD0007,LATHE_04,121.56,21.99,5.96
LOT000177,C,PORD000177,PRD0007,DRILL_01,117.28,22.35,4.88
LOT000177,D,PORD000177,PRD0007,GRIND_01,131.51,24.12,6.94
LOT000177,E,PORD000177,PRD0007,ADD_02,119.5,15.06,4.28
LOT000178,A,PORD000178,PRD0013,MILL_02,101.87,16.05,4.59
LOT000178,B,PORD000178,PRD0013,LATHE_03,110.02,21.26,3.26
LOT000178,C,PORD000178,PRD0013,DRILL_02,107.79,21.42,4.95
LOT000178,D,PORD000178,PRD0013,GRIND_02,122.13,23.91,8.1
LOT000178,E,PORD000178,PRD0013,ADD_02,102.5,17.96,4.91
LOT000179,A,PORD000179,PRD0016,MILL_01,66.71,20.55,3.41
LOT000179,B,PORD000179,PRD0016,LATHE_04,62.85,16.77,6.18
LOT000179,C,PORD000179,PRD0016,DRILL_02,66.16,17.83,8.12
LOT000179,D,PORD000179,PRD0016,GRIND_03,65.07,23.63,2.94
LOT000179,E,PORD000179,PRD0016,ADD_01,89.83,16.54,28.76
LOT000180,A,PORD000180,PRD0018,MILL_02,67.71,23.16,5.89
LOT000180,B,PORD000180,PRD0018,LATHE_01,69.43,23.8,1.85
LOT000180,C,PORD000180,PRD0018,DRILL_01,63.84,15.01,10.62
LOT000180,D,PORD000180,PRD0018,GRIND_01,74.44,21.75,7.58
LOT000180,E,PORD000180,PRD0018,ADD_02,97.37,21.8,33.61
LOT000181,A,PORD000181,PRD0014,MILL_01,89.13,16.52,0.44
LOT000181,B,PORD000181,PRD0014,LATHE_01,92.67,22.29,1.65
LOT000181,C,PORD000181,PRD0014,DRILL_02,98.24,16.47,3.13
LOT000181,D,PORD000181,PRD0014,GRIND_02,102.64,19.05,1.99
LOT000181,E,PORD000181,PRD0014,ADD_02,99.39,23.25,4.86
LOT000182,A,PORD000182,PRD0014,MILL_03,73.04,24.56,2.71
LOT000182,B,PORD000182,PRD0014,LATHE_03,63.82,17.67,0.66
LOT000182,C,PORD000182,PRD0014,DRILL_03,85.55,23.75,8.59
LOT000182,D,PORD000182,PRD0014,GRIND_02,83.89,17.74,12.44
LOT000182,E,PORD000182,PRD0014,ADD_02,72.2,18.32,9.69
LOT000183,A,PORD000183,PRD0019,MILL_02,67.22,15.05,0.67
LOT000183,B,PORD000183,PRD0019,LATHE_03,72.3,22.52,7.57
LOT000183,C,PORD000183,PRD0019,DRILL_03,93.41,23.03,24.95
LOT000183,D,PORD000183,PRD0019,GRIND_02,72.73,17.52,14.22
LOT000183,E,PORD000183,PRD0019,ADD_01,73.25,24.59,1.32
LOT000184,A,PORD000184,PRD0011,MILL_01,79.13,21.36,4.62
LOT000184,B,PORD000184,PRD0011,LATHE_01,82.93,19.61,6.64
LOT000184,C,PORD000184,PRD0011,DRILL_02,78.23,19.02,7.06
LOT000184,D,PORD000184,PRD0011,GRIND_03,77.15,23.79,1.13
LOT000184,E,PORD000184,PRD0011,ADD_02,74.0,18.26,5.25
LOT000185,A,PORD000185,PRD0008,MILL_01,124.08,16.32,17.9
LOT000185,B,PORD000185,PRD0008,LATHE_04,113.93,20.44,14.28
LOT000185,C,PORD000185,PRD0008,DRILL_01,93.15,16.72,4.63
LOT000185,D,PORD000185,PRD0008,GRIND_01,95.53,19.16,3.97
LOT000185,E,PORD000185,PRD0008,ADD_01,110.49,21.63,6.23
LOT000186,A,PORD000186,PRD0003,MILL_04,102.6,23.53,1.1
LOT000186,B,PORD000186,PRD0003,LATHE_03,117.96,22.52,2.57
LOT000186,C,PORD000186,PRD0003,DRILL_03,116.74,23.46,0.02
LOT000186,D,PORD000186,PRD0003,GRIND_01,97.05,17.04,2.2
LOT000186,E,PORD000186,PRD0003,ADD_02,118.19,20.13,12.33
LOT000187,A,PORD000187,PRD0014,MILL_01,83.98,22.06,1.94
LOT000187,B,PORD000187,PRD0014,LATHE_03,75.3,21.21,0.88
LOT000187,C,PORD000187,PRD0014,DRILL_02,85.93,16.08,7.5
LOT000187,D,PORD000187,PRD0014,GRIND_01,87.43,18.92,3.41
LOT000187,E,PORD000187,PRD0014,ADD_01,120.91,23.15,38.2
LOT000188,A,PORD000188,PRD0002,MILL_04,98.68,24.89,7.9
LOT000188,B,PORD000188,PRD0002,LATHE_02,112.98,22.83,14.78
LOT000188,C,PORD000188,PRD0002,DRILL_01,87.17,22.06,0.07
LOT000188,D,PORD000188,PRD0002,GRIND_03,88.37,16.22,9.04
LOT000188,E,PORD000188,PRD0002,ADD_02,84.47,18.08,3.5
LOT000189,A,PORD000189,PRD0019,MILL_03,72.02,18.63,7.82
LOT000189,B,PORD000189,PRD0019,LATHE_03,60.61,18.3,7.63
LOT000189,C,PORD000189,PRD0019,DRILL_03,77.17,24.94,6.74
LOT000189,D,PORD000189,PRD0019,GRIND_02,60.64,22.18,3.26
LOT000189,E,PORD000189,PRD0019,ADD_02,65.05,16.9,8.17
LOT000190,A,PORD000190,PRD0019,MILL_03,83.55,22.38,3.52
LOT000190,B,PORD000190,PRD0019,LATHE_02,82.43,20.12,7.48
LOT000190,C,PORD000190,PRD0019,DRILL_01,105.58,23.03,25.15
LOT000190,D,PORD000190,PRD0019,GRIND_02,72.91,18.77,5.45
LOT000190,E,PORD000190,PRD0019,ADD_01,90.81,22.01,6.71
LOT000191,A,PORD000191,PRD0009,MILL_02,51.21,15.87,3.31
LOT000191,B,PORD000191,PRD0009,LATHE_02,61.01,17.1,7.76
LOT000191,C,PORD000191,PRD0009,DRILL_01,65.95,23.53,7.06
LOT000191,D,PORD000191,PRD0009,GRIND_02,69.1,16.09,19.54
LOT000191,E,PORD000191,PRD0009,ADD_02,63.09,22.68,9.5
LOT000192,A,PORD000192,PRD0009,MILL_03,92.4,23.87,6.47
LOT000192,B,PORD000192,PRD0009,LATHE_01,96.18,20.62,7.41
LOT000192,C,PORD000192,PRD0009,DRILL_02,88.07,20.96,3.82
LOT000192,D,PORD000192,PRD0009,GRIND_02,96.61,24.68,5.64
LOT000192,E,PORD000192,PRD0009,ADD_02,91.04,21.96,12.36
LOT000193,A,PORD000193,PRD0014,MILL_04,28.05,20.17,1.59
LOT000193,B,PORD000193,PRD0014,LATHE_04,28.19,21.9,0.45
LOT000193,C,PORD000193,PRD0014,DRILL_03,27.35,15.87,5.45
LOT000193,D,PORD000193,PRD0014,GRIND_01,32.48,15.9,10.15
LOT000193,E,PORD000193,PRD0014,ADD_02,30.52,23.12,1.67
LOT000194,A,PORD000194,PRD0008,MILL_03,25.75,17.4,2.26
LOT000194,B,PORD000194,PRD0008,LATHE_01,30.63,16.95,7.33
LOT000194,C,PORD000194,PRD0008,DRILL_01,30.3,23.9,0.04
LOT000194,D,PORD000194,PRD0008,GRIND_03,32.21,23.81,2.57
LOT000194,E,PORD000194,PRD0008,ADD_01,38.05,23.73,7.31
LOT000195,A,PORD000195,PRD0014,MILL_03,93.99,18.52,17.67
LOT000195,B,PORD000195,PRD0014,LATHE_01,76.82,18.12,6.37
LOT000195,C,PORD000195,PRD0014,DRILL_01,76.59,21.01,5.45
LOT000195,D,PORD000195,PRD0014,GRIND_02,80.29,18.95,4.02
LOT000195,E,PORD000195,PRD0014,ADD_02,78.56,20.83,9.29
LOT000196,A,PORD000196,PRD0007,MILL_02,86.41,20.46,2.34
LOT000196,B,PORD000196,PRD0007,LATHE_01,84.5,18.8,4.25
LOT000196,C,PORD000196,PRD0007,DRILL_02,92.31,19.27,8.98
LOT000196,D,PORD000196,PRD0007,GRIND_01,98.4,21.18,6.67
LOT000196,E,PORD000196,PRD0007,ADD_02,89.71,15.01,14.66
LOT000197,A,PORD000197,PRD0017,MILL_04,93.93,22.28,5.85
LOT000197,B,PORD000197,PRD0017,LATHE_04,83.4,19.18,7.49
LOT000197,C,PORD000197,PRD0017,DRILL_01,90.22,23.97,3.28
LOT000197,D,PORD000197,PRD0017,GRIND_02,80.87,18.26,5.55
LOT000197,E,PORD000197,PRD0017,ADD_02,95.4,23.7,11.65
LOT000198,A,PORD000198,PRD0011,MILL_04,111.95,23.28,6.31
LOT000198,B,PORD000198,PRD0011,LATHE_03,102.06,16.96,0.33
LOT000198,C,PORD000198,PRD0011,DRILL_03,125.34,22.04,28.47
LOT000198,D,PORD000198,PRD0011,GRIND_03,127.04,22.19,23.19
LOT000198,E,PORD000198,PRD0011,ADD_01,115.65,23.22,11.88
LOT000199,A,PORD000199,PRD0001,MILL_02,131.82,18.8,7.76
LOT000199,B,PORD000199,PRD0001,LATHE_02,109.74,16.21,1.47
LOT000199,C,PORD000199,PRD0001,DRILL_03,135.37,21.23,4.9
LOT000199,D,PORD000199,PRD0001,GRIND_03,120.32,16.36,8.13
LOT000199,E,PORD000199,PRD0001,ADD_02,117.04,15.85,9.87
LOT000200,A,PORD000200,PRD0012,MILL_02,119.76,24.33,16.54
LOT000200,B,PORD000200,PRD0012,LATHE_02,127.09,23.36,13.37
LOT000200,C,PORD000200,PRD0012,DRILL_02,101.18,15.12,7.41
LOT000200,D,PORD000200,PRD0012,GRIND_02,103.28,21.73,1.8
LOT000200,E,PORD000200,PRD0012,ADD_01,98.72,19.83,1.12
LOT000201,A,PORD000201,PRD0012,MILL_01,62.9,22.69,4.61
LOT000201,B,PORD000201,PRD0012,LATHE_02,63.59,19.02,3.06
LOT000201,C,PORD000201,PRD0012,DRILL_03,58.56,19.38,2.62
LOT000201,D,PORD000201,PRD0012,GRIND_02,80.13,21.17,18.65
LOT000201,E,PORD000201,PRD0012,ADD_02,60.21,18.16,5.5
LOT000202,A,PORD000202,PRD0020,MILL_03,70.16,23.69,4.13
LOT000202,B,PORD000202,PRD0020,LATHE_01,59.64,17.85,3.65
LOT000202,C,PORD000202,PRD0020,DRILL_03,59.53,17.65,0.96
LOT000202,D,PORD000202,PRD0020,GRIND_01,86.42,19.86,25.26
LOT000202,E,PORD000202,PRD0020,ADD_01,67.31,18.17,7.73
LOT000203,A,PORD000203,PRD0012,MILL_01,81.28,23.61,0.08
LOT000203,B,PORD000203,PRD0012,LATHE_02,89.53,20.76,4.65
LOT000203,C,PORD000203,PRD0012,DRILL_03,90.96,23.8,8.99
LOT000203,D,PORD000203,PRD0012,GRIND_01,84.82,18.16,4.76
LOT000203,E,PORD000203,PRD0012,ADD_02,88.06,21.76,2.76
LOT000204,A,PORD000204,PRD0001,MILL_03,111.03,21.96,24.92
LOT000204,B,PORD000204,PRD0001,LATHE_01,84.83,16.48,11.55
LOT000204,C,PORD000204,PRD0001,DRILL_02,91.73,22.69,5.65
LOT000204,D,PORD000204,PRD0001,GRIND_01,76.93,15.09,3.02
LOT000204,E,PORD000204,PRD0001,ADD_01,110.08,20.38,26.64
LOT000205,A,PORD000205,PRD0005,MILL_02,61.32,15.99,5.03
LOT000205,B,PORD000205,PRD0005,LATHE_01,80.19,22.65,11.48
LOT000205,C,PORD000205,PRD0005,DRILL_02,56.68,18.1,2.42
LOT000205,D,PORD000205,PRD0005,GRIND_02,76.4,24.83,7.18
LOT000205,E,PORD000205,PRD0005,ADD_02,66.44,17.39,9.61
LOT000206,A,PORD000206,PRD0011,MILL_02,29.83,17.19,6.05
LOT000206,B,PORD000206,PRD0011,LATHE_01,25.84,16.33,2.33
LOT000206,C,PORD000206,PRD0011,DRILL_01,29.99,17.89,6.64
LOT000206,D,PORD000206,PRD0011,GRIND_03,30.46,15.57,8.84
LOT000206,E,PORD000206,PRD0011,ADD_01,25.07,18.39,1.16
LOT000207,A,PORD000207,PRD0004,MILL_04,78.57,21.61,2.95
LOT000207,B,PORD000207,PRD0004,LATHE_03,83.98,20.14,15.94
LOT000207,C,PORD000207,PRD0004,DRILL_01,91.46,22.98,21.42
LOT000207,D,PORD000207,PRD0004,GRIND_02,85.69,24.67,0.83
LOT000207,E,PORD000207,PRD0004,ADD_01,76.12,19.27,0.46
LOT000208,A,PORD000208,PRD0012,MILL_02,82.53,23.26,0.44
LOT000208,B,PORD000208,PRD0012,LATHE_01,83.39,19.02,6.72
LOT000208,C,PORD000208,PRD0012,DRILL_01,74.89,16.93,2.98
LOT000208,D,PORD000208,PRD0012,GRIND_01,71.53,17.01,0.75
LOT000208,E,PORD000208,PRD0012,ADD_02,100.23,18.43,29.56
LOT000209,A,PORD000209,PRD0005,MILL_04,44.13,22.06,1.0
LOT000209,B,PORD000209,PRD0005,LATHE_02,37.86,16.84,0.17
LOT000209,C,PORD000209,PRD0005,DRILL_01,43.53,16.89,9.36
LOT000209,D,PORD000209,PRD0005,GRIND_03,50.34,22.84,7.62
LOT000209,E,PORD000209,PRD0005,ADD_01,62.29,22.92,22.53
LOT000210,A,PORD000210,PRD0001,MILL_02,81.4,19.87,8.97
LOT000210,B,PORD000210,PRD0001,LATHE_04,69.91,19.53,7.67
LOT000210,C,PORD000210,PRD0001,DRILL_02,103.23,18.24,30.59
LOT000210,D,PORD000210,PRD0001,GRIND_01,61.57,15.55,0.83
LOT000210,E,PORD000210,PRD0001,ADD_01,60.94,18.58,1.12
LOT000211,A,PORD000211,PRD0002,MILL_01,81.75,24.1,6.49
LOT000211,B,PORD000211,PRD0002,LATHE_03,84.02,20.7,7.54
LOT000211,C,PORD000211,PRD0002,DRILL_03,76.41,17.58,6.93
LOT000211,D,PORD000211,PRD0002,GRIND_03,94.92,23.67,15.92
LOT000211,E,PORD000211,PRD0002,ADD_02,108.66,16.69,40.6
LOT000212,A,PORD000212,PRD0009,MILL_03,86.54,16.04,0.72
LOT000212,B,PORD000212,PRD0009,LATHE_02,85.24,18.71,1.36
LOT000212,C,PORD000212,PRD0009,DRILL_03,81.54,15.29,0.32
LOT000212,D,PORD000212,PRD0009,GRIND_03,87.05,20.76,8.1
LOT000212,E,PORD000212,PRD0009,ADD_01,81.16,22.51,2.15
LOT000213,A,PORD000213,PRD0007,MILL_04,36.78,20.71,10.37
LOT000213,B,PORD000213,PRD0007,LATHE_04,44.4,19.5,19.22
LOT000213,C,PORD000213,PRD0007,DRILL_02,30.28,17.62,7.18
LOT000213,D,PORD000213,PRD0007,GRIND_03,35.07,24.58,3.48
LOT000213,E,PORD000213,PRD0007,ADD_02,43.53,18.23,19.82
LOT000214,A,PORD000214,PRD0016,MILL_01,86.39,15.52,3.09
LOT000214,B,PORD000214,PRD0016,LATHE_01,93.46,15.48,20.09
LOT000214,C,PORD000214,PRD0016,DRILL_03,105.54,19.11,5.77
LOT000214,D,PORD000214,PRD0016,GRIND_03,89.78,21.81,6.07
LOT000214,E,PORD000214,PRD0016,ADD_01,100.1,15.08,14.8
LOT000215,A,PORD000215,PRD0002,MILL_03,70.01,16.34,9.24
LOT000215,B,PORD000215,PRD0002,LATHE_04,72.96,17.2,7.02
LOT000215,C,PORD000215,PRD0002,DRILL_01,69.96,17.71,7.22
LOT000215,D,PORD000215,PRD0002,GRIND_01,84.46,18.67,9.76
LOT000215,E,PORD000215,PRD0002,ADD_01,80.2,19.44,10.75
LOT000216,A,PORD000216,PRD0012,MILL_04,97.35,15.91,0.1
LOT000216,B,PORD000216,PRD0012,LATHE_04,98.26,18.13,5.61
LOT000216,C,PORD000216,PRD0012,DRILL_02,99.65,18.29,7.66
LOT000216,D,PORD000216,PRD0012,GRIND_03,120.53,23.62,9.84
LOT000216,E,PORD000216,PRD0012,ADD_01,118.11,24.87,9.93
LOT000217,A,PORD000217,PRD0010,MILL_04,89.36,17.75,2.67
LOT000217,B,PORD000217,PRD0010,LATHE_03,91.54,16.74,5.72
LOT000217,C,PORD000217,PRD0010,DRILL_03,82.18,17.33,3.1
LOT000217,D,PORD000217,PRD0010,GRIND_01,81.51,15.53,5.54
LOT000217,E,PORD000217,PRD0010,ADD_01,89.01,23.68,1.59
LOT000218,A,PORD000218,PRD0002,MILL_02,58.62,21.28,0.31
LOT000218,B,PORD000218,PRD0002,LATHE_01,63.55,21.46,4.23
LOT000218,C,PORD000218,PRD0002,DRILL_02,75.86,15.85,22.48
LOT000218,D,PORD000218,PRD0002,GRIND_03,62.2,16.33,7.95
LOT000218,E,PORD000218,PRD0002,ADD_02,70.37,20.85,7.86
LOT000219,A,PORD000219,PRD0016,MILL_03,82.59,23.28,0.6
LOT000219,B,PORD000219,PRD0016,LATHE_03,78.43,17.2,7.2
LOT000219,C,PORD000219,PRD0016,DRILL_01,102.62,24.43,8.35
LOT000219,D,PORD000219,PRD0016,GRIND_03,109.41,20.72,31.46
LOT000219,E,PORD000219,PRD0016,ADD_01,101.29,24.98,4.19
LOT000220,A,PORD000220,PRD0001,MILL_02,56.5,15.75,3.26
LOT000220,B,PORD000220,PRD0001,LATHE_02,58.27,15.65,5.17
LOT000220,C,PORD000220,PRD0001,DRILL_03,71.65,20.39,7.68
LOT000220,D,PORD000220,PRD0001,GRIND_03,56.9,17.13,0.64
LOT000220,E,PORD000220,PRD0001,ADD_02,60.85,15.55,7.04
LOT000221,A,PORD000221,PRD0010,MILL_01,85.33,18.38,24.68
LOT000221,B,PORD000221,PRD0010,LATHE_02,67.84,21.83,5.72
LOT000221,C,PORD000221,PRD0010,DRILL_01,57.08,16.25,0.4
LOT000221,D,PORD000221,PRD0010,GRIND_03,63.39,23.91,4.59
LOT000221,E,PORD000221,PRD0010,ADD_02,65.0,22.37,8.59
LOT000222,A,PORD000222,PRD0011,MILL_04,43.93,19.46,2.67
LOT000222,B,PORD000222,PRD0011,LATHE_02,47.68,23.21,0.39
LOT000222,C,PORD000222,PRD0011,DRILL_03,47.86,21.32,5.83
LOT000222,D,PORD000222,PRD0011,GRIND_02,43.42,20.82,1.88
LOT000222,E,PORD000222,PRD0011,ADD_02,46.03,24.48,1.87
LOT000223,A,PORD000223,PRD0016,MILL_01,97.97,18.5,2.19
LOT000223,B,PORD000223,PRD0016,LATHE_03,103.92,17.6,5.72
LOT000223,C,PORD000223,PRD0016,DRILL_02,101.95,17.06,1.26
LOT000223,D,PORD000223,PRD0016,GRIND_01,105.38,22.59,0.77
LOT000223,E,PORD000223,PRD0016,ADD_01,116.06,16.06,8.68
LOT000224,A,PORD000224,PRD0002,MILL_02,83.06,21.6,5.38
LOT000224,B,PORD000224,PRD0002,LATHE_04,88.81,17.86,2.51
LOT000224,C,PORD000224,PRD0002,DRILL_01,83.43,20.8,7.12
LOT000224,D,PORD000224,PRD0002,GRIND_02,81.76,21.21,4.84
LOT000224,E,PORD000224,PRD0002,ADD_02,93.33,22.59,13.68
LOT000225,A,PORD000225,PRD0017,MILL_01,96.99,18.51,3.95
LOT000225,B,PORD000225,PRD0017,LATHE_01,92.03,19.05,12.97
LOT000225,C,PORD000225,PRD0017,DRILL_02,82.7,15.55,4.58
LOT000225,D,PORD000225,PRD0017,GRIND_01,97.35,23.96,6.57
LOT000225,E,PORD000225,PRD0017,ADD_01,86.01,17.23,10.26
LOT000226,A,PORD000226,PRD0013,MILL_04,61.77,16.88,0.74
LOT000226,B,PORD000226,PRD0013,LATHE_01,65.84,20.15,0.86
LOT000226,C,PORD000226,PRD0013,DRILL_03,70.97,22.34,5.45
LOT000226,D,PORD000226,PRD0013,GRIND_01,66.59,16.65,3.66
LOT000226,E,PORD000226,PRD0013,ADD_02,67.28,21.83,3.99
LOT000227,A,PORD000227,PRD0017,MILL_03,95.12,24.92,5.53
LOT000227,B,PORD000227,PRD0017,LATHE_03,83.64,21.86,1.05
LOT000227,C,PORD000227,PRD0017,DRILL_02,83.24,16.07,9.1
LOT000227,D,PORD000227,PRD0017,GRIND_01,81.37,19.3,3.1
LOT000227,E,PORD000227,PRD0017,ADD_02,116.61,19.49,43.59
LOT000228,A,PORD000228,PRD0017,MILL_04,105.86,15.67,7.3
LOT000228,B,PORD000228,PRD0017,LATHE_02,100.4,18.5,6.33
LOT000228,C,PORD000228,PRD0017,DRILL_02,111.64,19.58,8.98
LOT000228,D,PORD000228,PRD0017,GRIND_03,85.99,19.05,1.07
LOT000228,E,PORD000228,PRD0017,ADD_02,101.22,24.13,0.11
LOT000229,A,PORD000229,PRD0013,MILL_04,98.32,24.16,6.36
LOT000229,B,PORD000229,PRD0013,LATHE_03,94.59,18.44,5.87
LOT000229,C,PORD000229,PRD0013,DRILL_02,87.96,17.72,3.78
LOT000229,D,PORD000229,PRD0013,GRIND_02,102.2,18.99,5.15
LOT000229,E,PORD000229,PRD0013,ADD_01,93.27,24.86,4.22
LOT000230,A,PORD000230,PRD0009,MILL_04,51.77,22.27,1.95
LOT000230,B,PORD000230,PRD0009,LATHE_01,51.75,19.46,5.85
LOT000230,C,PORD000230,PRD0009,DRILL_01,53.06,22.53,1.28
LOT000230,D,PORD000230,PRD0009,GRIND_03,58.7,24.96,8.16
LOT000230,E,PORD000230,PRD0009,ADD_01,84.78,18.9,39.41
LOT000231,A,PORD000231,PRD0011,MILL_04,53.6,15.94,6.99
LOT000231,B,PORD000231,PRD0011,LATHE_02,57.66,18.45,4.98
LOT000231,C,PORD000231,PRD0011,DRILL_03,83.94,24.6,31.59
LOT000231,D,PORD000231,PRD0011,GRIND_03,56.55,15.19,9.45
LOT000231,E,PORD000231,PRD0011,ADD_01,46.9,19.55,0.11
LOT000232,A,PORD000232,PRD0009,MILL_03,129.53,23.78,7.86
LOT000232,B,PORD000232,PRD0009,LATHE_04,127.01,17.11,5.02
LOT000232,C,PORD000232,PRD0009,DRILL_02,122.84,20.98,0.29
LOT000232,D,PORD000232,PRD0009,GRIND_01,114.4,19.88,6.27
LOT000232,E,PORD000232,PRD0009,ADD_01,107.49,20.07,1.96
LOT000233,A,PORD000233,PRD0006,MILL_02,74.1,20.86,1.54
LOT000233,B,PORD000233,PRD0006,LATHE_01,71.18,17.5,3.71
LOT000233,C,PORD000233,PRD0006,DRILL_03,89.3,21.37,21.41
LOT000233,D,PORD000233,PRD0006,GRIND_01,80.36,21.23,7.78
LOT000233,E,PORD000233,PRD0006,ADD_01,120.95,19.68,43.01
LOT000234,A,PORD000234,PRD0003,MILL_03,112.17,15.84,19.33
LOT000234,B,PORD000234,PRD0003,LATHE_01,122.43,22.15,2.45
LOT000234,C,PORD000234,PRD0003,DRILL_03,122.5,17.45,7.77
LOT000234,D,PORD000234,PRD0003,GRIND_03,101.33,19.13,5.09
LOT000234,E,PORD000234,PRD0003,ADD_02,119.35,24.88,10.99
LOT000235,A,PORD000235,PRD0014,MILL_04,92.84,17.07,14.22
LOT000235,B,PORD000235,PRD0014,LATHE_04,80.04,18.42,0.06
LOT000235,C,PORD000235,PRD0014,DRILL_03,114.82,19.08,26.25
LOT000235,D,PORD000235,PRD0014,GRIND_01,93.89,16.22,8.99
LOT000235,E,PORD000235,PRD0014,ADD_01,95.08,23.11,14.21
LOT000236,A,PORD000236,PRD0012,MILL_04,115.32,23.98,9.49
LOT000236,B,PORD000236,PRD0012,LATHE_04,112.93,23.14,4.34
LOT000236,C,PORD000236,PRD0012,DRILL_01,97.34,17.89,11.25
LOT000236,D,PORD000236,PRD0012,GRIND_03,104.79,20.76,0.17
LOT000236,E,PORD000236,PRD0012,ADD_01,101.24,20.03,10.52
LOT000237,A,PORD000237,PRD0002,MILL_04,89.35,20.42,3.99
LOT000237,B,PORD000237,PRD0002,LATHE_02,94.59,16.26,1.68
LOT000237,C,PORD000237,PRD0002,DRILL_03,106.35,21.48,8.72
LOT000237,D,PORD000237,PRD0002,GRIND_01,102.07,15.84,7.63
LOT000237,E,PORD000237,PRD0002,ADD_01,113.92,17.53,12.27
LOT000238,A,PORD000238,PRD0005,MILL_04,97.25,22.53,4.38
LOT000238,B,PORD000238,PRD0005,LATHE_02,95.24,17.61,0.01
LOT000238,C,PORD000238,PRD0005,DRILL_02,96.19,17.63,13.22
LOT000238,D,PORD000238,PRD0005,GRIND_02,92.34,21.23,7.89
LOT000238,E,PORD000238,PRD0005,ADD_01,93.17,17.74,11.45
LOT000239,A,PORD000239,PRD0018,MILL_03,92.77,19.28,5.6
LOT000239,B,PORD000239,PRD0018,LATHE_02,86.37,20.81,1.53
LOT000239,C,PORD000239,PRD0018,DRILL_03,96.61,24.5,3.94
LOT000239,D,PORD000239,PRD0018,GRIND_03,83.98,18.41,3.39
LOT000239,E,PORD000239,PRD0018,ADD_02,89.99,19.04,7.38
LOT000240,A,PORD000240,PRD0006,MILL_04,98.62,19.86,0.85
LOT000240,B,PORD000240,PRD0006,LATHE_01,95.52,16.06,1.36
LOT000240,C,PORD000240,PRD0006,DRILL_01,100.07,15.35,5.44
LOT000240,D,PORD000240,PRD0006,GRIND_03,120.4,19.47,19.43
LOT000240,E,PORD000240,PRD0006,ADD_01,108.88,19.98,10.97
LOT000241,A,PORD000241,PRD0006,MILL_03,109.91,20.64,5.94
LOT000241,B,PORD000241,PRD0006,LATHE_02,117.67,23.18,1.47
LOT000241,C,PORD000241,PRD0006,DRILL_03,113.25,18.19,13.17
LOT000241,D,PORD000241,PRD0006,GRIND_02,144.06,16.96,34.41
LOT000241,E,PORD000241,PRD0006,ADD_02,123.14,15.35,13.72
LOT000242,A,PORD000242,PRD0003,MILL_04,57.38,17.65,0.42
LOT000242,B,PORD000242,PRD0003,LATHE_03,74.21,18.83,6.92
LOT000242,C,PORD000242,PRD0003,DRILL_02,69.45,18.0,2.85
LOT000242,D,PORD000242,PRD0003,GRIND_03,72.77,23.8,3.13
LOT000242,E,PORD000242,PRD0003,ADD_02,98.3,19.1,34.12
LOT000243,A,PORD000243,PRD0011,MILL_01,79.39,16.18,0.76
LOT000243,B,PORD000243,PRD0011,LATHE_02,107.43,21.25,17.86
LOT000243,C,PORD000243,PRD0011,DRILL_01,85.69,22.25,6.8
LOT000243,D,PORD000243,PRD0011,GRIND_02,92.38,22.23,8.36
LOT000243,E,PORD000243,PRD0011,ADD_02,82.34,15.16,13.33
LOT000244,A,PORD000244,PRD0008,MILL_01,79.32,24.87,1.14
LOT000244,B,PORD000244,PRD0008,LATHE_03,81.1,17.79,1.28
LOT000244,C,PORD000244,PRD0008,DRILL_02,76.6,20.62,1.98
LOT000244,D,PORD000244,PRD0008,GRIND_03,71.73,20.08,1.1
LOT000244,E,PORD000244,PRD0008,ADD_02,82.88,23.03,4.46
LOT000245,A,PORD000245,PRD0018,MILL_03,96.22,22.67,16.22
LOT000245,B,PORD000245,PRD0018,LATHE_04,74.47,15.51,0.99
LOT000245,C,PORD000245,PRD0018,DRILL_03,85.93,24.32,2.68
LOT000245,D,PORD000245,PRD0018,GRIND_03,91.56,18.73,7.98
LOT000245,E,PORD000245,PRD0018,ADD_02,77.83,23.09,0.71
LOT000246,A,PORD000246,PRD0006,MILL_02,114.45,22.81,4.63
LOT000246,B,PORD000246,PRD0006,LATHE_03,100.39,20.01,7.78
LOT000246,C,PORD000246,PRD0006,DRILL_03,98.93,19.19,6.66
LOT000246,D,PORD000246,PRD0006,GRIND_02,113.8,20.44,7.57
LOT000246,E,PORD000246,PRD0006,ADD_02,102.58,16.88,1.37
LOT000247,A,PORD000247,PRD0007,MILL_02,64.55,19.0,4.96
LOT000247,B,PORD000247,PRD0007,LATHE_03,81.74,24.91,16.04
LOT000247,C,PORD000247,PRD0007,DRILL_01,74.87,24.75,5.01
LOT000247,D,PORD000247,PRD0007,GRIND_03,99.05,18.41,33.52
LOT000247,E,PORD000247,PRD0007,ADD_01,66.63,15.66,8.86
LOT000248,A,PORD000248,PRD0005,MILL_04,60.91,21.07,4.33
LOT000248,B,PORD000248,PRD0005,LATHE_04,59.07,22.62,1.66
LOT000248,C,PORD000248,PRD0005,DRILL_01,45.93,16.02,0.85
LOT000248,D,PORD000248,PRD0005,GRIND_03,71.19,18.89,17.99
LOT000248,E,PORD000248,PRD0005,ADD_01,56.89,17.94,10.53
LOT000249,A,PORD000249,PRD0011,MILL_02,57.23,20.04,2.9
LOT000249,B,PORD000249,PRD0011,LATHE_03,55.77,18.62,5.37
LOT000249,C,PORD000249,PRD0011,DRILL_01,52.43,18.42,5.62
LOT000249,D,PORD000249,PRD0011,GRIND_01,53.09,15.29,5.1
LOT000249,E,PORD000249,PRD0011,ADD_01,57.08,19.26,10.03
LOT000250,A,PORD000250,PRD0011,MILL_02,91.75,15.53,5.74
LOT000250,B,PORD000250,PRD0011,LATHE_03,88.24,19.22,1.01
LOT000250,C,PORD000250,PRD0011,DRILL_02,84.99,19.61,2.47
LOT000250,D,PORD000250,PRD0011,GRIND_03,101.76,21.35,8.25
LOT000250,E,PORD000250,PRD0011,ADD_01,89.73,24.8,10.65
LOT000251,A,PORD000251,PRD0012,MILL_04,82.03,24.55,13.29
LOT000251,B,PORD000251,PRD0012,LATHE_01,71.57,19.66,3.76
LOT000251,C,PORD000251,PRD0012,DRILL_03,70.74,21.32,0.6
LOT000251,D,PORD000251,PRD0012,GRIND_01,96.27,18.38,32.81
LOT000251,E,PORD000251,PRD0012,ADD_01,80.52,22.18,14.22
LOT000252,A,PORD000252,PRD0005,MILL_04,124.78,21.9,7.14
LOT000252,B,PORD000252,PRD0005,LATHE_04,117.75,20.57,2.24
LOT000252,C,PORD000252,PRD0005,DRILL_02,104.64,21.49,6.34
LOT000252,D,PORD000252,PRD0005,GRIND_02,117.9,19.98,4.41
LOT000252,E,PORD000252,PRD0005,ADD_01,115.76,20.49,8.75
LOT000253,A,PORD000253,PRD0016,MILL_02,76.98,20.12,8.81
LOT000253,B,PORD000253,PRD0016,LATHE_04,68.02,16.9,2.49
LOT000253,C,PORD000253,PRD0016,DRILL_01,81.28,22.35,2.69
LOT000253,D,PORD000253,PRD0016,GRIND_03,69.1,18.36,1.03
LOT000253,E,PORD000253,PRD0016,ADD_02,85.71,22.67,8.86
LOT000254,A,PORD000254,PRD0011,MILL_04,105.36,19.91,4.94
LOT000254,B,PORD000254,PRD0011,LATHE_03,94.1,16.15,4.24
LOT000254,C,PORD000254,PRD0011,DRILL_03,97.78,21.57,1.44
LOT000254,D,PORD000254,PRD0011,GRIND_02,105.46,19.84,5.52
LOT000254,E,PORD000254,PRD0011,ADD_01,91.54,15.95,7.49
LOT000255,A,PORD000255,PRD0003,MILL_04,112.39,21.91,24.12
LOT000255,B,PORD000255,PRD0003,LATHE_04,96.77,15.55,0.56
LOT000255,C,PORD000255,PRD0003,DRILL_03,113.05,21.58,6.48
LOT000255,D,PORD000255,PRD0003,GRIND_02,98.5,21.5,6.22
LOT000255,E,PORD000255,PRD0003,ADD_02,91.89,16.27,7.24
LOT000256,A,PORD000256,PRD0019,MILL_02,55.84,16.12,3.94
LOT000256,B,PORD000256,PRD0019,LATHE_04,53.61,22.15,2.39
LOT000256,C,PORD000256,PRD0019,DRILL_01,60.59,18.89,8.91
LOT000256,D,PORD000256,PRD0019,GRIND_03,47.08,17.22,2.01
LOT000256,E,PORD000256,PRD0019,ADD_02,65.87,23.41,9.88
LOT000257,A,PORD000257,PRD0013,MILL_04,92.47,22.83,6.39
LOT000257,B,PORD000257,PRD0013,LATHE_04,84.08,21.31,1.68
LOT000257,C,PORD000257,PRD0013,DRILL_02,83.96,17.26,7.93
LOT000257,D,PORD000257,PRD0013,GRIND_01,91.29,24.08,7.35
LOT000257,E,PORD000257,PRD0013,ADD_02,102.46,23.42,13.52
LOT000258,A,PORD000258,PRD0007,MILL_03,94.41,23.68,0.49
LOT000258,B,PORD000258,PRD0007,LATHE_04,91.21,16.88,7.74
LOT000258,C,PORD000258,PRD0007,DRILL_03,98.85,24.79,6.72
LOT000258,D,PORD000258,PRD0007,GRIND_02,104.14,19.42,5.22
LOT000258,E,PORD000258,PRD0007,ADD_02,92.74,17.59,4.28
LOT000259,A,PORD000259,PRD0014,MILL_02,64.8,20.77,2.85
LOT000259,B,PORD000259,PRD0014,LATHE_01,63.36,21.56,5.98
LOT000259,C,PORD000259,PRD0014,DRILL_01,68.9,15.79,11.95
LOT000259,D,PORD000259,PRD0014,GRIND_01,70.89,18.7,8.82
LOT000259,E,PORD000259,PRD0014,ADD_01,64.29,23.74,6.56
LOT000260,A,PORD000260,PRD0013,MILL_01,48.58,16.91,3.63
LOT000260,B,PORD000260,PRD0013,LATHE_03,54.46,21.16,3.12
LOT000260,C,PORD000260,PRD0013,DRILL_01,60.82,24.02,5.51
LOT000260,D,PORD000260,PRD0013,GRIND_03,54.63,20.2,2.58
LOT000260,E,PORD000260,PRD0013,ADD_02,66.78,24.37,13.04
LOT000261,A,PORD000261,PRD0013,MILL_02,78.83,21.63,3.38
LOT000261,B,PORD000261,PRD0013,LATHE_04,75.26,16.13,3.88
LOT000261,C,PORD000261,PRD0013,DRILL_02,80.74,16.72,6.93
LOT000261,D,PORD000261,PRD0013,GRIND_03,88.49,19.38,5.49
LOT000261,E,PORD000261,PRD0013,ADD_01,90.67,21.39,13.6
LOT000262,A,PORD000262,PRD0009,MILL_04,76.52,21.78,4.82
LOT000262,B,PORD000262,PRD0009,LATHE_04,75.87,17.68,7.19
LOT000262,C,PORD000262,PRD0009,DRILL_03,73.75,23.92,1.98
LOT000262,D,PORD000262,PRD0009,GRIND_01,62.47,16.78,4.18
LOT000262,E,PORD000262,PRD0009,ADD_02,65.68,15.66,8.4
LOT000263,A,PORD000263,PRD0019,MILL_01,112.67,22.57,5.96
LOT000263,B,PORD000263,PRD0019,LATHE_02,97.12,17.79,6.99
LOT000263,C,PORD000263,PRD0019,DRILL_03,121.7,20.71,5.23
LOT000263,D,PORD000263,PRD0019,GRIND_02,109.35,20.28,2.33
LOT000263,E,PORD000263,PRD0019,ADD_01,113.69,20.17,6.01
LOT000264,A,PORD000264,PRD0011,MILL_04,65.01,22.99,3.32
LOT000264,B,PORD000264,PRD0011,LATHE_04,64.7,20.62,5.29
LOT000264,C,PORD000264,PRD0011,DRILL_02,51.05,18.82,0.25
LOT000264,D,PORD000264,PRD0011,GRIND_03,68.3,18.03,8.18
LOT000264,E,PORD000264,PRD0011,ADD_01,57.09,17.45,5.09
LOT000265,A,PORD000265,PRD0018,MILL_02,81.13,15.89,1.85
LOT000265,B,PORD000265,PRD0018,LATHE_01,104.39,23.87,20.68
LOT000265,C,PORD000265,PRD0018,DRILL_02,98.05,22.87,5.5
LOT000265,D,PORD000265,PRD0018,GRIND_03,96.2,19.6,9.33
LOT000265,E,PORD000265,PRD0018,ADD_02,93.02,21.64,2.67
LOT000266,A,PORD000266,PRD0002,MILL_01,86.44,22.64,5.11
LOT000266,B,PORD000266,PRD0002,LATHE_02,93.02,24.95,0.59
LOT000266,C,PORD000266,PRD0002,DRILL_01,86.37,22.25,5.18
LOT000266,D,PORD000266,PRD0002,GRIND_03,91.33,24.63,1.78
LOT000266,E,PORD000266,PRD0002,ADD_01,76.39,17.87,2.4
LOT000267,A,PORD000267,PRD0002,MILL_01,67.1,23.7,1.32
LOT000267,B,PORD000267,PRD0002,LATHE_04,67.71,16.57,2.5
LOT000267,C,PORD000267,PRD0002,DRILL_03,66.96,18.55,5.03
LOT000267,D,PORD000267,PRD0002,GRIND_01,78.28,19.0,9.41
LOT000267,E,PORD000267,PRD0002,ADD_01,70.66,20.51,4.55
LOT000268,A,PORD000268,PRD0001,MILL_04,93.53,17.6,7.99
LOT000268,B,PORD000268,PRD0001,LATHE_01,85.65,20.27,0.88
LOT000268,C,PORD000268,PRD0001,DRILL_03,113.12,20.35,8.18
LOT000268,D,PORD000268,PRD0001,GRIND_01,87.49,20.65,1.0
LOT000268,E,PORD000268,PRD0001,ADD_01,87.76,22.96,1.96
LOT000269,A,PORD000269,PRD0003,MILL_02,87.44,24.75,11.66
LOT000269,B,PORD000269,PRD0003,LATHE_02,79.67,20.18,7.7
LOT000269,C,PORD000269,PRD0003,DRILL_02,85.93,15.89,9.19
LOT000269,D,PORD000269,PRD0003,GRIND_02,74.42,18.9,6.7
LOT000269,E,PORD000269,PRD0003,ADD_02,70.53,24.15,1.82
LOT000270,A,PORD000270,PRD0009,MILL_03,126.94,23.37,4.06
LOT000270,B,PORD000270,PRD0009,LATHE_04,146.02,17.27,23.44
LOT000270,C,PORD000270,PRD0009,DRILL_01,135.08,16.07,7.35
LOT000270,D,PORD000270,PRD0009,GRIND_03,130.3,21.34,9.09
LOT000270,E,PORD000270,PRD0009,ADD_02,115.05,17.34,10.73
LOT000271,A,PORD000271,PRD0002,MILL_01,83.26,15.83,2.72
LOT000271,B,PORD000271,PRD0002,LATHE_01,94.3,19.78,3.89
LOT000271,C,PORD000271,PRD0002,DRILL_01,89.36,22.67,3.22
LOT000271,D,PORD000271,PRD0002,GRIND_02,98.33,15.05,12.66
LOT000271,E,PORD000271,PRD0002,ADD_01,105.1,20.1,13.51
LOT000272,A,PORD000272,PRD0015,MILL_02,75.16,19.83,0.92
LOT000272,B,PORD000272,PRD0015,LATHE_02,70.59,19.22,1.6
LOT000272,C,PORD000272,PRD0015,DRILL_03,84.78,22.63,3.56
LOT000272,D,PORD000272,PRD0015,GRIND_02,86.77,23.51,4.16
LOT000272,E,PORD000272,PRD0015,ADD_01,86.64,24.27,5.69
LOT000273,A,PORD000273,PRD0004,MILL_02,86.16,24.34,1.68
LOT000273,B,PORD000273,PRD0004,LATHE_04,80.16,20.49,3.06
LOT000273,C,PORD000273,PRD0004,DRILL_02,75.21,18.21,4.27
LOT000273,D,PORD000273,PRD0004,GRIND_03,91.2,19.46,5.69
LOT000273,E,PORD000273,PRD0004,ADD_02,98.11,18.1,13.01
LOT000274,A,PORD000274,PRD0020,MILL_04,106.75,17.9,10.5
LOT000274,B,PORD000274,PRD0020,LATHE_03,83.61,15.2,3.79
LOT000274,C,PORD000274,PRD0020,DRILL_03,115.44,19.68,26.03
LOT000274,D,PORD000274,PRD0020,GRIND_01,113.81,22.03,23.28
LOT000274,E,PORD000274,PRD0020,ADD_01,131.19,24.33,27.65
LOT000275,A,PORD000275,PRD0001,MILL_04,74.04,15.76,5.14
LOT000275,B,PORD000275,PRD0001,LATHE_04,75.41,19.36,6.62
LOT000275,C,PORD000275,PRD0001,DRILL_01,81.08,21.72,7.21
LOT000275,D,PORD000275,PRD0001,GRIND_01,77.06,23.43,4.29
LOT000275,E,PORD000275,PRD0001,ADD_02,102.09,18.69,39.07
LOT000276,A,PORD000276,PRD0003,MILL_02,108.79,24.29,5.34
LOT000276,B,PORD000276,PRD0003,LATHE_01,109.02,23.21,5.29
LOT000276,C,PORD000276,PRD0003,DRILL_01,113.08,22.67,3.77
LOT000276,D,PORD000276,PRD0003,GRIND_01,88.86,16.01,2.49
LOT000276,E,PORD000276,PRD0003,ADD_01,104.22,17.8,7.56
LOT000277,A,PORD000277,PRD0009,MILL_01,89.05,18.1,19.91
LOT000277,B,PORD000277,PRD0009,LATHE_03,77.79,15.4,14.52
LOT000277,C,PORD000277,PRD0009,DRILL_01,75.52,17.84,5.87
LOT000277,D,PORD000277,PRD0009,GRIND_02,71.61,17.65,5.38
LOT000277,E,PORD000277,PRD0009,ADD_02,71.23,20.91,0.27
LOT000278,A,PORD000278,PRD0003,MILL_04,81.81,15.2,3.9
LOT000278,B,PORD000278,PRD0003,LATHE_01,85.26,18.03,2.18
LOT000278,C,PORD000278,PRD0003,DRILL_01,91.68,19.55,4.04
LOT000278,D,PORD000278,PRD0003,GRIND_03,85.42,20.2,7.79
LOT000278,E,PORD000278,PRD0003,ADD_01,85.51,18.38,3.63
LOT000279,A,PORD000279,PRD0017,MILL_04,70.15,19.07,2.38
LOT000279,B,PORD000279,PRD0017,LATHE_01,68.52,21.54,2.48
LOT000279,C,PORD000279,PRD0017,DRILL_01,74.85,24.23,1.27
LOT000279,D,PORD000279,PRD0017,GRIND_03,70.66,18.2,6.54
LOT000279,E,PORD000279,PRD0017,ADD_02,78.63,15.09,14.39
LOT000280,A,PORD000280,PRD0020,MILL_03,87.75,19.86,4.22
LOT000280,B,PORD000280,PRD0020,LATHE_04,84.81,22.2,14.94
LOT000280,C,PORD000280,PRD0020,DRILL_01,81.76,24.08,0.66
LOT000280,D,PORD000280,PRD0020,GRIND_03,87.51,24.07,5.34
LOT000280,E,PORD000280,PRD0020,ADD_02,75.93,15.82,1.05
LOT000281,A,PORD000281,PRD0018,MILL_04,84.96,21.71,3.89
LOT000281,B,PORD000281,PRD0018,LATHE_01,96.9,16.97,20.52
LOT000281,C,PORD000281,PRD0018,DRILL_03,79.71,16.33,2.65
LOT000281,D,PORD000281,PRD0018,GRIND_03,98.71,21.26,22.64
LOT000281,E,PORD000281,PRD0018,ADD_02,96.25,22.7,14.44
LOT000282,A,PORD000282,PRD0015,MILL_03,77.22,20.18,2.52
LOT000282,B,PORD000282,PRD0015,LATHE_02,88.47,15.7,16.49
LOT000282,C,PORD000282,PRD0015,DRILL_03,89.96,21.24,7.56
LOT000282,D,PORD000282,PRD0015,GRIND_01,98.5,19.83,19.46
LOT000282,E,PORD000282,PRD0015,ADD_01,106.52,16.01,34.58
LOT000283,A,PORD000283,PRD0004,MILL_01,46.01,22.8,1.82
LOT000283,B,PORD000283,PRD0004,LATHE_03,40.04,16.76,2.04
LOT000283,C,PORD000283,PRD0004,DRILL_03,41.66,19.86,1.76
LOT000283,D,PORD000283,PRD0004,GRIND_03,43.8,17.63,4.66
LOT000283,E,PORD000283,PRD0004,ADD_01,46.5,18.69,7.78
LOT000284,A,PORD000284,PRD0009,MILL_02,83.61,19.91,6.08
LOT000284,B,PORD000284,PRD0009,LATHE_03,79.47,19.56,2.14
LOT000284,C,PORD000284,PRD0009,DRILL_02,78.31,22.82,1.07
LOT000284,D,PORD000284,PRD0009,GRIND_03,89.52,24.12,16.12
LOT000284,E,PORD000284,PRD0009,ADD_01,90.03,24.68,12.88
LOT000285,A,PORD000285,PRD0017,MILL_01,78.11,19.42,4.35
LOT000285,B,PORD000285,PRD0017,LATHE_04,70.86,16.43,1.32
LOT000285,C,PORD000285,PRD0017,DRILL_02,89.71,23.19,12.99
LOT000285,D,PORD000285,PRD0017,GRIND_03,78.7,23.25,4.8
LOT000285,E,PORD000285,PRD0017,ADD_01,113.75,23.12,42.43
LOT000286,A,PORD000286,PRD0011,MILL_03,99.39,20.52,0.35
LOT000286,B,PORD000286,PRD0011,LATHE_01,102.56,22.86,6.54
LOT000286,C,PORD000286,PRD0011,DRILL_02,89.47,23.06,1.91
LOT000286,D,PORD000286,PRD0011,GRIND_02,100.02,19.46,13.15
LOT000286,E,PORD000286,PRD0011,ADD_02,90.43,15.23,13.13
LOT000287,A,PORD000287,PRD0013,MILL_01,83.59,15.54,4.98
LOT000287,B,PORD000287,PRD0013,LATHE_02,112.55,23.57,24.15
LOT000287,C,PORD000287,PRD0013,DRILL_01,93.16,24.62,0.64
LOT000287,D,PORD000287,PRD0013,GRIND_02,96.69,24.78,4.87
LOT000287,E,PORD000287,PRD0013,ADD_02,89.96,23.02,4.39
LOT000288,A,PORD000288,PRD0017,MILL_04,122.82,24.14,2.38
LOT000288,B,PORD000288,PRD0017,LATHE_02,101.45,16.51,6.17
LOT000288,C,PORD000288,PRD0017,DRILL_02,127.21,21.69,25.17
LOT000288,D,PORD000288,PRD0017,GRIND_01,107.35,17.46,4.82
LOT000288,E,PORD000288,PRD0017,ADD_02,111.06,23.13,9.92
LOT000289,A,PORD000289,PRD0012,MILL_03,48.88,24.42,2.82
LOT000289,B,PORD000289,PRD0012,LATHE_03,53.95,24.22,7.68
LOT000289,C,PORD000289,PRD0012,DRILL_02,48.13,21.94,5.13
LOT000289,D,PORD000289,PRD0012,GRIND_01,52.47,21.2,7.77
LOT000289,E,PORD000289,PRD0012,ADD_02,45.6,15.42,8.17
LOT000290,A,PORD000290,PRD0004,MILL_02,82.32,16.76,5.65
LOT000290,B,PORD000290,PRD0004,LATHE_04,88.85,19.54,6.8
LOT000290,C,PORD000290,PRD0004,DRILL_02,95.17,16.54,22.87
LOT000290,D,PORD000290,PRD0004,GRIND_03,95.94,21.74,0.99
LOT000290,E,PORD000290,PRD0004,ADD_01,88.72,17.63,5.44
LOT000291,A,PORD000291,PRD0007,MILL_02,76.04,24.87,5.5
LOT000291,B,PORD000291,PRD0007,LATHE_01,77.56,23.95,2.79
LOT000291,C,PORD000291,PRD0007,DRILL_03,68.12,15.25,5.37
LOT000291,D,PORD000291,PRD0007,GRIND_03,80.05,23.13,0.18
LOT000291,E,PORD000291,PRD0007,ADD_01,72.46,15.66,8.59
LOT000292,A,PORD000292,PRD0005,MILL_04,57.17,20.13,2.66
LOT000292,B,PORD000292,PRD0005,LATHE_03,61.95,19.24,2.03
LOT000292,C,PORD000292,PRD0005,DRILL_01,71.06,21.88,17.47
LOT000292,D,PORD000292,PRD0005,GRIND_02,59.85,21.16,1.88
LOT000292,E,PORD000292,PRD0005,ADD_02,52.51,19.69,1.51
LOT000293,A,PORD000293,PRD0015,MILL_03,84.15,16.83,6.54
LOT000293,B,PORD000293,PRD0015,LATHE_03,75.56,17.11,2.24
LOT000293,C,PORD000293,PRD0015,DRILL_02,104.07,22.75,7.54
LOT000293,D,PORD000293,PRD0015,GRIND_03,88.97,23.42,1.68
LOT000293,E,PORD000293,PRD0015,ADD_01,85.5,20.36,4.02
LOT000294,A,PORD000294,PRD0009,MILL_03,112.56,17.91,24.33
LOT000294,B,PORD000294,PRD0009,LATHE_02,97.07,19.79,7.31
LOT000294,C,PORD000294,PRD0009,DRILL_01,100.24,18.84,6.51
LOT000294,D,PORD000294,PRD0009,GRIND_01,80.91,17.91,3.08
LOT000294,E,PORD000294,PRD0009,ADD_02,87.71,18.98,10.01
LOT000295,A,PORD000295,PRD0013,MILL_01,33.92,19.39,3.23
LOT000295,B,PORD000295,PRD0013,LATHE_01,57.52,23.13,23.02
LOT000295,C,PORD000295,PRD0013,DRILL_03,36.22,18.97,5.69
LOT000295,D,PORD000295,PRD0013,GRIND_01,42.67,15.73,15.32
LOT000295,E,PORD000295,PRD0013,ADD_02,54.42,20.06,23.29
LOT000296,A,PORD000296,PRD0001,MILL_03,68.12,18.27,7.44
LOT000296,B,PORD000296,PRD0001,LATHE_01,78.53,19.94,21.08
LOT000296,C,PORD000296,PRD0001,DRILL_03,65.02,17.85,7.87
LOT000296,D,PORD000296,PRD0001,GRIND_03,74.75,22.21,9.59
LOT000296,E,PORD000296,PRD0001,ADD_01,66.83,21.13,8.21
LOT000297,A,PORD000297,PRD0007,MILL_03,52.22,16.49,3.94
LOT000297,B,PORD000297,PRD0007,LATHE_04,55.54,18.51,3.15
LOT000297,C,PORD000297,PRD0007,DRILL_02,70.02,22.72,7.48
LOT000297,D,PORD000297,PRD0007,GRIND_01,73.09,22.8,8.3
LOT000297,E,PORD000297,PRD0007,ADD_01,70.02,20.73,12.83
LOT000298,A,PORD000298,PRD0005,MILL_01,45.74,16.89,4.23
LOT000298,B,PORD000298,PRD0005,LATHE_04,40.93,15.29,2.8
LOT000298,C,PORD000298,PRD0005,DRILL_01,57.5,23.94,11.38
LOT000298,D,PORD000298,PRD0005,GRIND_02,64.57,15.94,25.56
LOT000298,E,PORD000298,PRD0005,ADD_02,44.78,15.08,8.71
LOT000299,A,PORD000299,PRD0016,MILL_01,115.14,22.2,5.65
LOT000299,B,PORD000299,PRD0016,LATHE_01,96.99,19.17,4.17
LOT000299,C,PORD000299,PRD0016,DRILL_02,134.39,24.44,8.5
LOT000299,D,PORD000299,PRD0016,GRIND_01,117.26,24.9,0.12
LOT000299,E,PORD000299,PRD0016,ADD_01,118.54,18.05,11.8
LOT000300,A,PORD000300,PRD0015,MILL_01,89.56,21.7,5.0
LOT000300,B,PORD000300,PRD0015,LATHE_03,101.41,21.03,7.11
LOT000300,C,PORD000300,PRD0015,DRILL_02,101.46,17.45,3.21
LOT000300,D,PORD000300,PRD0015,GRIND_03,107.37,19.38,24.15
LOT000300,E,PORD000300,PRD0015,ADD_01,87.62,18.47,5.59
LOT000301,A,PORD000301,PRD0018,MILL_01,95.66,21.03,7.87
LOT000301,B,PORD000301,PRD0018,LATHE_03,90.29,24.22,1.03
LOT000301,C,PORD000301,PRD0018,DRILL_02,84.92,19.5,4.38
LOT000301,D,PORD000301,PRD0018,GRIND_01,91.48,22.56,1.2
LOT000301,E,PORD000301,PRD0018,ADD_02,80.73,20.92,2.21
LOT000302,A,PORD000302,PRD0013,MILL_03,89.77,23.08,0.88
LOT000302,B,PORD000302,PRD0013,LATHE_01,90.26,21.42,4.97
LOT000302,C,PORD000302,PRD0013,DRILL_01,83.68,18.17,0.31
LOT000302,D,PORD000302,PRD0013,GRIND_02,97.24,23.71,7.7
LOT000302,E,PORD000302,PRD0013,ADD_02,120.73,24.74,30.38
LOT000303,A,PORD000303,PRD0001,MILL_03,125.19,15.94,5.98
LOT000303,B,PORD000303,PRD0001,LATHE_02,122.25,22.19,5.91
LOT000303,C,PORD000303,PRD0001,DRILL_03,161.36,20.93,26.95
LOT000303,D,PORD000303,PRD0001,GRIND_02,129.64,23.98,7.11
LOT000303,E,PORD000303,PRD0001,ADD_02,111.55,21.45,0.74
LOT000304,A,PORD000304,PRD0015,MILL_04,80.03,19.8,0.74
LOT000304,B,PORD000304,PRD0015,LATHE_03,88.84,17.37,0.58
LOT000304,C,PORD000304,PRD0015,DRILL_03,95.35,21.95,6.4
LOT000304,D,PORD000304,PRD0015,GRIND_03,92.49,16.77,5.67
LOT000304,E,PORD000304,PRD0015,ADD_02,95.12,15.96,14.01
LOT000305,A,PORD000305,PRD0008,MILL_02,47.97,20.64,5.82
LOT000305,B,PORD000305,PRD0008,LATHE_04,47.15,21.04,5.89
LOT000305,C,PORD000305,PRD0008,DRILL_02,47.98,20.99,7.42
LOT000305,D,PORD000305,PRD0008,GRIND_01,44.61,16.29,8.15
LOT000305,E,PORD000305,PRD0008,ADD_02,44.62,17.47,3.93
LOT000306,A,PORD000306,PRD0006,MILL_04,53.6,15.15,4.62
LOT000306,B,PORD000306,PRD0006,LATHE_01,53.21,21.59,2.26
LOT000306,C,PORD000306,PRD0006,DRILL_01,58.13,21.48,4.7
LOT000306,D,PORD000306,PRD0006,GRIND_01,50.06,18.24,0.26
LOT000306,E,PORD000306,PRD0006,ADD_01,69.6,22.5,13.99
LOT000307,A,PORD000307,PRD0004,MILL_02,83.84,24.24,4.65
LOT000307,B,PORD000307,PRD0004,LATHE_04,83.1,24.55,7.47
LOT000307,C,PORD000307,PRD0004,DRILL_02,75.16,23.56,1.87
LOT000307,D,PORD000307,PRD0004,GRIND_03,91.5,16.23,17.88
LOT000307,E,PORD000307,PRD0004,ADD_01,95.87,24.91,7.6
LOT000308,A,PORD000308,PRD0007,MILL_03,82.17,16.03,1.84
LOT000308,B,PORD000308,PRD0007,LATHE_04,89.63,21.24,0.56
LOT000308,C,PORD000308,PRD0007,DRILL_02,92.77,18.81,7.28
LOT000308,D,PORD000308,PRD0007,GRIND_02,101.46,24.3,4.37
LOT000308,E,PORD000308,PRD0007,ADD_02,91.51,17.0,3.09
LOT000309,A,PORD000309,PRD0015,MILL_04,130.48,18.83,17.66
LOT000309,B,PORD000309,PRD0015,LATHE_03,118.68,16.32,6.74
LOT000309,C,PORD000309,PRD0015,DRILL_02,128.98,19.94,0.14
LOT000309,D,PORD000309,PRD0015,GRIND_01,115.76,17.5,5.12
LOT000309,E,PORD000309,PRD0015,ADD_02,115.27,19.11,2.05
LOT000310,A,PORD000310,PRD0016,MILL_01,57.1,20.75,3.0
LOT000310,B,PORD000310,PRD0016,LATHE_02,53.16,18.46,0.07
LOT000310,C,PORD000310,PRD0016,DRILL_03,68.86,22.49,6.11
LOT000310,D,PORD000310,PRD0016,GRIND_01,59.24,21.54,6.47
LOT000310,E,PORD000310,PRD0016,ADD_02,67.94,22.47,7.69
LOT000311,A,PORD000311,PRD0013,MILL_02,61.9,18.17,1.2
LOT000311,B,PORD000311,PRD0013,LATHE_03,63.52,15.75,3.86
LOT000311,C,PORD000311,PRD0013,DRILL_02,71.43,19.9,8.85
LOT000311,D,PORD000311,PRD0013,GRIND_03,67.61,22.82,4.79
LOT000311,E,PORD000311,PRD0013,ADD_01,62.95,16.3,5.92
LOT000312,A,PORD000312,PRD0011,MILL_02,103.3,22.32,5.44
LOT000312,B,PORD000312,PRD0011,LATHE_01,94.6,21.81,0.91
LOT000312,C,PORD000312,PRD0011,DRILL_01,92.78,19.36,10.94
LOT000312,D,PORD000312,PRD0011,GRIND_01,124.22,17.61,31.59
LOT000312,E,PORD000312,PRD0011,ADD_01,89.93,15.95,4.86
LOT000313,A,PORD000313,PRD0015,MILL_01,61.69,20.85,3.8
LOT000313,B,PORD000313,PRD0015,LATHE_02,66.08,21.48,1.16
LOT000313,C,PORD000313,PRD0015,DRILL_01,73.92,21.25,9.32
LOT000313,D,PORD000313,PRD0015,GRIND_03,59.24,15.63,0.57
LOT000313,E,PORD000313,PRD0015,ADD_01,107.14,24.14,44.99
LOT000314,A,PORD000314,PRD0007,MILL_01,80.59,17.61,23.26
LOT000314,B,PORD000314,PRD0007,LATHE_03,68.55,17.75,3.36
LOT000314,C,PORD000314,PRD0007,DRILL_03,56.93,15.84,0.19
LOT000314,D,PORD000314,PRD0007,GRIND_03,97.21,16.54,28.94
LOT000314,E,PORD000314,PRD0007,ADD_01,78.34,23.05,11.31
LOT000315,A,PORD000315,PRD0020,MILL_03,29.84,17.98,1.1
LOT000315,B,PORD000315,PRD0020,LATHE_01,27.29,17.74,0.93
LOT000315,C,PORD000315,PRD0020,DRILL_03,42.35,19.55,12.61
LOT000315,D,PORD000315,PRD0020,GRIND_02,40.46,18.45,12.55
LOT000315,E,PORD000315,PRD0020,ADD_02,42.59,22.57,10.4
LOT000316,A,PORD000316,PRD0014,MILL_01,82.0,21.37,5.42
LOT000316,B,PORD000316,PRD0014,LATHE_02,73.11,23.03,5.78
LOT000316,C,PORD000316,PRD0014,DRILL_03,77.21,23.42,4.11
LOT000316,D,PORD000316,PRD0014,GRIND_02,81.05,17.14,7.77
LOT000316,E,PORD000316,PRD0014,ADD_01,65.12,18.53,3.68
LOT000317,A,PORD000317,PRD0014,MILL_02,67.02,20.33,3.66
LOT000317,B,PORD000317,PRD0014,LATHE_02,59.74,22.05,0.81
LOT000317,C,PORD000317,PRD0014,DRILL_03,60.79,19.72,4.39
LOT000317,D,PORD000317,PRD0014,GRIND_01,71.83,24.6,8.01
LOT000317,E,PORD000317,PRD0014,ADD_02,59.21,16.83,4.92
LOT000318,A,PORD000318,PRD0004,MILL_04,99.6,24.49,7.73
LOT000318,B,PORD000318,PRD0004,LATHE_03,89.23,17.38,1.67
LOT000318,C,PORD000318,PRD0004,DRILL_03,101.44,19.15,6.86
LOT000318,D,PORD000318,PRD0004,GRIND_02,117.26,20.55,5.33
LOT000318,E,PORD000318,PRD0004,ADD_01,96.34,18.14,3.21
LOT000319,A,PORD000319,PRD0016,MILL_03,113.24,23.5,1.92
LOT000319,B,PORD000319,PRD0016,LATHE_04,126.75,20.86,17.05
LOT000319,C,PORD000319,PRD0016,DRILL_02,123.85,16.91,5.85
LOT000319,D,PORD000319,PRD0016,GRIND_02,125.65,22.63,9.54
LOT000319,E,PORD000319,PRD0016,ADD_02,127.64,16.99,11.13
LOT000320,A,PORD000320,PRD0014,MILL_04,32.92,22.86,3.86
LOT000320,B,PORD000320,PRD0014,LATHE_02,29.44,22.31,1.37
LOT000320,C,PORD000320,PRD0014,DRILL_02,40.55,24.89,9.85
LOT000320,D,PORD000320,PRD0014,GRIND_03,31.24,15.0,9.34
LOT000320,E,PORD000320,PRD0014,ADD_01,34.25,20.2,8.42
LOT000321,A,PORD000321,PRD0020,MILL_01,71.52,24.64,2.3
LOT000321,B,PORD000321,PRD0020,LATHE_02,66.74,19.03,4.41
LOT000321,C,PORD000321,PRD0020,DRILL_02,79.15,18.04,18.02
LOT000321,D,PORD000321,PRD0020,GRIND_03,71.88,21.72,8.96
LOT000321,E,PORD000321,PRD0020,ADD_01,70.43,16.81,5.77
LOT000322,A,PORD000322,PRD0016,MILL_01,91.5,19.8,5.78
LOT000322,B,PORD000322,PRD0016,LATHE_02,79.19,18.63,5.48
LOT000322,C,PORD000322,PRD0016,DRILL_03,84.45,21.19,1.99
LOT000322,D,PORD000322,PRD0016,GRIND_03,84.93,21.38,2.36
LOT000322,E,PORD000322,PRD0016,ADD_01,97.31,15.56,23.84
LOT000323,A,PORD000323,PRD0010,MILL_01,69.83,24.36,2.92
LOT000323,B,PORD000323,PRD0010,LATHE_01,63.47,21.95,1.85
LOT000323,C,PORD000323,PRD0010,DRILL_01,54.75,17.9,0.66
LOT000323,D,PORD000323,PRD0010,GRIND_03,67.03,24.31,4.06
LOT000323,E,PORD000323,PRD0010,ADD_01,53.96,16.27,4.58
LOT000324,A,PORD000324,PRD0020,MILL_04,90.28,24.27,20.44
LOT000324,B,PORD000324,PRD0020,LATHE_02,65.31,20.63,2.36
LOT000324,C,PORD000324,PRD0020,DRILL_02,68.21,23.04,2.49
LOT000324,D,PORD000324,PRD0020,GRIND_02,65.85,20.51,1.26
LOT000324,E,PORD000324,PRD0020,ADD_02,68.8,15.05,7.9
LOT000325,A,PORD000325,PRD0005,MILL_02,106.12,21.84,5.34
LOT000325,B,PORD000325,PRD0005,LATHE_03,127.86,22.98,24.63
LOT000325,C,PORD000325,PRD0005,DRILL_01,99.09,24.96,1.81
LOT000325,D,PORD000325,PRD0005,GRIND_01,98.54,15.86,7.58
LOT000325,E,PORD000325,PRD0005,ADD_02,102.05,18.2,9.07
LOT000326,A,PORD000326,PRD0009,MILL_04,98.32,18.42,0.56
LOT000326,B,PORD000326,PRD0009,LATHE_01,93.4,21.49,0.27
LOT000326,C,PORD000326,PRD0009,DRILL_01,109.14,15.26,9.76
LOT000326,D,PORD000326,PRD0009,GRIND_03,100.47,23.1,1.28
LOT000326,E,PORD000326,PRD0009,ADD_02,102.19,15.75,14.54
LOT000327,A,PORD000327,PRD0005,MILL_03,104.82,24.56,1.66
LOT000327,B,PORD000327,PRD0005,LATHE_02,100.06,17.59,1.72
LOT000327,C,PORD000327,PRD0005,DRILL_02,98.9,16.79,4.18
LOT000327,D,PORD000327,PRD0005,GRIND_02,123.1,24.86,8.6
LOT000327,E,PORD000327,PRD0005,ADD_02,135.57,17.99,37.4
LOT000328,A,PORD000328,PRD0020,MILL_01,80.28,21.96,3.53
LOT000328,B,PORD000328,PRD0020,LATHE_03,81.96,21.73,4.47
LOT000328,C,PORD000328,PRD0020,DRILL_03,85.97,22.44,8.03
LOT000328,D,PORD000328,PRD0020,GRIND_02,74.33,18.98,1.7
LOT000328,E,PORD000328,PRD0020,ADD_01,88.09,22.85,8.32
LOT000329,A,PORD000329,PRD0001,MILL_04,92.36,19.68,6.64
LOT000329,B,PORD000329,PRD0001,LATHE_01,92.74,19.9,6.67
LOT000329,C,PORD000329,PRD0001,DRILL_01,104.33,20.31,1.59
LOT000329,D,PORD000329,PRD0001,GRIND_01,99.62,18.62,6.26
LOT000329,E,PORD000329,PRD0001,ADD_02,90.05,19.47,9.28
LOT000330,A,PORD000330,PRD0001,MILL_04,94.29,21.89,4.31
LOT000330,B,PORD000330,PRD0001,LATHE_02,84.99,16.71,4.6
LOT000330,C,PORD000330,PRD0001,DRILL_02,97.32,18.24,0.67
LOT000330,D,PORD000330,PRD0001,GRIND_03,107.71,19.92,18.33
LOT000330,E,PORD000330,PRD0001,ADD_01,104.8,24.56,14.54
LOT000331,A,PORD000331,PRD0019,MILL_04,120.42,19.5,24.27
LOT000331,B,PORD000331,PRD0019,LATHE_02,98.05,23.5,2.85
LOT000331,C,PORD000331,PRD0019,DRILL_02,94.44,15.04,5.1
LOT000331,D,PORD000331,PRD0019,GRIND_01,120.19,18.44,29.31
LOT000331,E,PORD000331,PRD0019,ADD_02,105.32,15.48,8.56
LOT000332,A,PORD000332,PRD0003,MILL_01,97.0,19.73,7.26
LOT000332,B,PORD000332,PRD0003,LATHE_02,102.72,18.09,7.89
LOT000332,C,PORD000332,PRD0003,DRILL_01,95.45,15.3,0.46
LOT000332,D,PORD000332,PRD0003,GRIND_02,101.71,16.92,7.28
LOT000332,E,PORD000332,PRD0003,ADD_01,97.8,17.7,9.81
LOT000333,A,PORD000333,PRD0012,MILL_04,83.8,16.17,5.39
LOT000333,B,PORD000333,PRD0012,LATHE_03,118.72,22.31,23.5
LOT000333,C,PORD000333,PRD0012,DRILL_02,107.74,18.82,18.25
LOT000333,D,PORD000333,PRD0012,GRIND_03,103.43,22.59,6.39
LOT000333,E,PORD000333,PRD0012,ADD_01,86.63,19.37,4.42
LOT000334,A,PORD000334,PRD0001,MILL_02,122.76,15.56,7.26
LOT000334,B,PORD000334,PRD0001,LATHE_02,119.41,15.85,5.23
LOT000334,C,PORD000334,PRD0001,DRILL_02,123.78,19.9,4.2
LOT000334,D,PORD000334,PRD0001,GRIND_03,118.43,22.66,5.14
LOT000334,E,PORD000334,PRD0001,ADD_02,124.58,15.86,13.48
LOT000335,A,PORD000335,PRD0001,MILL_03,51.36,19.24,2.25
LOT000335,B,PORD000335,PRD0001,LATHE_01,48.0,21.91,0.93
LOT000335,C,PORD000335,PRD0001,DRILL_01,77.05,24.23,21.3
LOT000335,D,PORD000335,PRD0001,GRIND_03,57.24,18.19,9.56
LOT000335,E,PORD000335,PRD0001,ADD_02,52.41,18.56,7.34
LOT000336,A,PORD000336,PRD0005,MILL_03,89.22,20.37,3.55
LOT000336,B,PORD000336,PRD0005,LATHE_03,92.9,21.22,9.61
LOT000336,C,PORD000336,PRD0005,DRILL_03,77.99,22.87,3.24
LOT000336,D,PORD000336,PRD0005,GRIND_01,105.52,19.71,24.65
LOT000336,E,PORD000336,PRD0005,ADD_02,85.63,23.59,5.03
LOT000337,A,PORD000337,PRD0015,MILL_04,51.34,24.15,5.19
LOT000337,B,PORD000337,PRD0015,LATHE_02,50.55,24.93,2.85
LOT000337,C,PORD000337,PRD0015,DRILL_03,59.66,23.28,8.97
LOT000337,D,PORD000337,PRD0015,GRIND_03,45.53,17.93,4.88
LOT000337,E,PORD000337,PRD0015,ADD_01,46.11,17.74,5.82
LOT000338,A,PORD000338,PRD0002,MILL_03,46.12,24.99,2.63
LOT000338,B,PORD000338,PRD0002,LATHE_01,43.39,15.62,6.15
LOT000338,C,PORD000338,PRD0002,DRILL_03,48.26,19.64,8.74
LOT000338,D,PORD000338,PRD0002,GRIND_01,42.36,20.38,1.45
LOT000338,E,PORD000338,PRD0002,ADD_02,51.9,24.07,8.14
LOT000339,A,PORD000339,PRD0009,MILL_02,57.23,19.97,6.59
LOT000339,B,PORD000339,PRD0009,LATHE_01,50.03,19.08,2.0
LOT000339,C,PORD000339,PRD0009,DRILL_01,80.64,19.18,34.83
LOT000339,D,PORD000339,PRD0009,GRIND_02,73.89,18.94,28.98
LOT000339,E,PORD000339,PRD0009,ADD_02,62.45,16.61,20.4
LOT000340,A,PORD000340,PRD0019,MILL_04,44.07,23.34,2.76
LOT000340,B,PORD000340,PRD0019,LATHE_04,38.73,21.87,1.77
LOT000340,C,PORD000340,PRD0019,DRILL_01,44.41,17.89,8.0
LOT000340,D,PORD000340,PRD0019,GRIND_03,44.34,23.87,3.79
LOT000340,E,PORD000340,PRD0019,ADD_02,43.19,17.65,6.74
LOT000341,A,PORD000341,PRD0007,MILL_03,53.75,22.68,16.49
LOT000341,B,PORD000341,PRD0007,LATHE_01,36.31,19.49,1.63
LOT000341,C,PORD000341,PRD0007,DRILL_01,47.84,19.85,10.2
LOT000341,D,PORD000341,PRD0007,GRIND_03,44.74,20.54,7.07
LOT000341,E,PORD000341,PRD0007,ADD_01,34.98,15.25,3.32
LOT000342,A,PORD000342,PRD0002,MILL_03,98.94,16.7,4.75
LOT000342,B,PORD000342,PRD0002,LATHE_03,110.33,16.44,6.47
LOT000342,C,PORD000342,PRD0002,DRILL_03,113.15,18.95,4.17
LOT000342,D,PORD000342,PRD0002,GRIND_03,115.11,17.23,4.28
LOT000342,E,PORD000342,PRD0002,ADD_02,103.62,15.12,0.09
LOT000343,A,PORD000343,PRD0007,MILL_01,58.91,24.28,2.58
LOT000343,B,PORD000343,PRD0007,LATHE_02,81.14,22.48,22.68
LOT000343,C,PORD000343,PRD0007,DRILL_03,61.66,22.24,2.89
LOT000343,D,PORD000343,PRD0007,GRIND_01,58.69,22.43,0.64
LOT000343,E,PORD000343,PRD0007,ADD_02,65.3,23.83,4.7
LOT000344,A,PORD000344,PRD0012,MILL_02,127.84,23.66,3.23
LOT000344,B,PORD000344,PRD0012,LATHE_04,140.09,21.57,1.22
LOT000344,C,PORD000344,PRD0012,DRILL_01,120.79,24.82,0.8
LOT000344,D,PORD000344,PRD0012,GRIND_01,124.08,17.88,2.82
LOT000344,E,PORD000344,PRD0012,ADD_01,124.14,20.17,2.24
LOT000345,A,PORD000345,PRD0003,MILL_01,77.23,16.97,6.66
LOT000345,B,PORD000345,PRD0003,LATHE_03,80.54,17.3,1.68
LOT000345,C,PORD000345,PRD0003,DRILL_03,80.15,16.14,2.53
LOT000345,D,PORD000345,PRD0003,GRIND_03,81.32,23.04,1.27
LOT000345,E,PORD000345,PRD0003,ADD_01,81.86,24.08,7.36
LOT000346,A,PORD000346,PRD0006,MILL_04,95.26,24.74,6.18
LOT000346,B,PORD000346,PRD0006,LATHE_02,87.52,23.12,1.31
LOT000346,C,PORD000346,PRD0006,DRILL_03,85.6,19.72,7.32
LOT000346,D,PORD000346,PRD0006,GRIND_02,97.38,23.96,1.41
LOT000346,E,PORD000346,PRD0006,ADD_02,94.15,18.23,7.51
LOT000347,A,PORD000347,PRD0019,MILL_02,30.42,20.52,2.26
LOT000347,B,PORD000347,PRD0019,LATHE_01,24.0,15.41,1.62
LOT000347,C,PORD000347,PRD0019,DRILL_03,25.68,15.37,2.94
LOT000347,D,PORD000347,PRD0019,GRIND_03,28.68,18.57,3.42
LOT000347,E,PORD000347,PRD0019,ADD_02,61.69,18.01,36.09
LOT000348,A,PORD000348,PRD0016,MILL_04,73.27,18.29,2.1
LOT000348,B,PORD000348,PRD0016,LATHE_04,79.33,21.55,6.24
LOT000348,C,PORD000348,PRD0016,DRILL_03,81.87,17.92,7.83
LOT000348,D,PORD000348,PRD0016,GRIND_01,80.0,23.54,8.76
LOT000348,E,PORD000348,PRD0016,ADD_02,90.71,16.85,14.88
LOT000349,A,PORD000349,PRD0010,MILL_01,74.99,21.9,0.99
LOT000349,B,PORD000349,PRD0010,LATHE_03,78.53,21.08,3.63
LOT000349,C,PORD000349,PRD0010,DRILL_02,79.05,23.61,0.13
LOT000349,D,PORD000349,PRD0010,GRIND_03,76.26,17.01,6.92
LOT000349,E,PORD000349,PRD0010,ADD_01,69.51,16.34,0.07
LOT000350,A,PORD000350,PRD0011,MILL_03,100.72,18.33,1.71
LOT000350,B,PORD000350,PRD0011,LATHE_02,117.96,24.38,17.29
LOT000350,C,PORD000350,PRD0011,DRILL_02,84.89,15.61,3.99
LOT000350,D,PORD000350,PRD0011,GRIND_02,115.03,23.32,22.35
LOT000350,E,PORD000350,PRD0011,ADD_01,102.48,20.03,14.13
LOT000351,A,PORD000351,PRD0012,MILL_04,97.73,22.55,5.01
LOT000351,B,PORD000351,PRD0012,LATHE_04,86.41,16.12,3.42
LOT000351,C,PORD000351,PRD0012,DRILL_02,92.99,23.05,8.31
LOT000351,D,PORD000351,PRD0012,GRIND_01,99.11,23.29,5.71
LOT000351,E,PORD000351,PRD0012,ADD_01,104.37,23.39,7.53
LOT000352,A,PORD000352,PRD0014,MILL_01,79.47,16.23,14.69
LOT000352,B,PORD000352,PRD0014,LATHE_02,65.62,16.07,1.18
LOT000352,C,PORD000352,PRD0014,DRILL_01,85.05,21.87,7.56
LOT000352,D,PORD000352,PRD0014,GRIND_01,96.42,23.64,17.59
LOT000352,E,PORD000352,PRD0014,ADD_02,98.28,23.25,31.71
LOT000353,A,PORD000353,PRD0002,MILL_02,51.79,21.45,18.36
LOT000353,B,PORD000353,PRD0002,LATHE_04,35.84,16.92,5.24
LOT000353,C,PORD000353,PRD0002,DRILL_01,40.97,21.62,7.36
LOT000353,D,PORD000353,PRD0002,GRIND_03,38.6,20.49,6.08
LOT000353,E,PORD000353,PRD0002,ADD_01,36.98,19.3,4.93
LOT000354,A,PORD000354,PRD0007,MILL_04,88.49,17.62,6.19
LOT000354,B,PORD000354,PRD0007,LATHE_03,91.13,15.11,3.01
LOT000354,C,PORD000354,PRD0007,DRILL_02,97.38,20.13,6.42
LOT000354,D,PORD000354,PRD0007,GRIND_03,110.58,21.25,9.52
LOT000354,E,PORD000354,PRD0007,ADD_02,126.63,16.08,42.41
LOT000355,A,PORD000355,PRD0017,MILL_04,127.89,18.01,3.99
LOT000355,B,PORD000355,PRD0017,LATHE_02,131.26,24.28,5.28
LOT000355,C,PORD000355,PRD0017,DRILL_02,114.17,15.74,8.13
LOT000355,D,PORD000355,PRD0017,GRIND_03,117.17,21.84,1.13
LOT000355,E,PORD000355,PRD0017,ADD_01,115.62,20.18,8.46
LOT000356,A,PORD000356,PRD0007,MILL_01,48.08,15.41,1.95
LOT000356,B,PORD000356,PRD0007,LATHE_01,53.81,19.54,0.86
LOT000356,C,PORD000356,PRD0007,DRILL_01,66.25,21.34,13.46
LOT000356,D,PORD000356,PRD0007,GRIND_02,52.38,17.57,0.3
LOT000356,E,PORD000356,PRD0007,ADD_02,92.56,19.32,42.83
LOT000357,A,PORD000357,PRD0011,MILL_03,91.17,24.51,11.88
LOT000357,B,PORD000357,PRD0011,LATHE_03,102.41,20.81,21.8
LOT000357,C,PORD000357,PRD0011,DRILL_03,81.87,23.25,9.3
LOT000357,D,PORD000357,PRD0011,GRIND_03,84.04,23.87,4.23
LOT000357,E,PORD000357,PRD0011,ADD_02,76.45,23.36,7.85
LOT000358,A,PORD000358,PRD0001,MILL_01,74.57,18.38,2.65
LOT000358,B,PORD000358,PRD0001,LATHE_02,80.12,22.34,6.83
LOT000358,C,PORD000358,PRD0001,DRILL_03,76.7,21.12,0.71
LOT000358,D,PORD000358,PRD0001,GRIND_03,79.21,16.2,9.11
LOT000358,E,PORD000358,PRD0001,ADD_02,75.88,18.78,11.88
LOT000359,A,PORD000359,PRD0010,MILL_01,69.79,23.0,3.94
LOT000359,B,PORD000359,PRD0010,LATHE_02,68.54,20.28,3.69
LOT000359,C,PORD000359,PRD0010,DRILL_02,65.88,19.02,5.51
LOT000359,D,PORD000359,PRD0010,GRIND_01,69.29,19.68,8.95
LOT000359,E,PORD000359,PRD0010,ADD_01,75.86,22.19,10.34
LOT000360,A,PORD000360,PRD0017,MILL_04,58.93,22.46,2.15
LOT000360,B,PORD000360,PRD0017,LATHE_01,57.98,22.96,6.35
LOT000360,C,PORD000360,PRD0017,DRILL_02,72.08,16.98,22.79
LOT000360,D,PORD000360,PRD0017,GRIND_03,50.94,19.2,0.63
LOT000360,E,PORD000360,PRD0017,ADD_01,51.76,20.43,2.02
LOT000361,A,PORD000361,PRD0013,MILL_01,94.56,18.18,4.46
LOT000361,B,PORD000361,PRD0013,LATHE_02,109.59,22.69,7.68
LOT000361,C,PORD000361,PRD0013,DRILL_01,95.16,20.35,1.32
LOT000361,D,PORD000361,PRD0013,GRIND_02,100.94,23.55,0.76
LOT000361,E,PORD000361,PRD0013,ADD_01,102.08,20.46,14.02
LOT000362,A,PORD000362,PRD0003,MILL_01,49.5,19.08,5.41
LOT000362,B,PORD000362,PRD0003,LATHE_02,56.87,24.92,2.49
LOT000362,C,PORD000362,PRD0003,DRILL_03,56.28,19.7,8.43
LOT000362,D,PORD000362,PRD0003,GRIND_02,51.83,15.93,9.6
LOT000362,E,PORD000362,PRD0003,ADD_01,63.83,19.13,18.78
LOT000363,A,PORD000363,PRD0014,MILL_03,138.76,20.83,24.01
LOT000363,B,PORD000363,PRD0014,LATHE_03,114.57,21.31,2.55
LOT000363,C,PORD000363,PRD0014,DRILL_02,128.34,23.47,0.93
LOT000363,D,PORD000363,PRD0014,GRIND_01,125.67,17.91,4.51
LOT000363,E,PORD000363,PRD0014,ADD_01,125.0,23.9,11.05
LOT000364,A,PORD000364,PRD0003,MILL_04,71.83,17.24,6.38
LOT000364,B,PORD000364,PRD0003,LATHE_04,77.51,16.01,5.52
LOT000364,C,PORD000364,PRD0003,DRILL_01,82.3,23.41,1.39
LOT000364,D,PORD000364,PRD0003,GRIND_03,74.39,19.89,1.99
LOT000364,E,PORD000364,PRD0003,ADD_02,81.21,19.02,13.15
LOT000365,A,PORD000365,PRD0019,MILL_01,66.32,17.63,6.18
LOT000365,B,PORD000365,PRD0019,LATHE_02,58.08,21.33,0.36
LOT000365,C,PORD000365,PRD0019,DRILL_01,70.9,24.57,2.2
LOT000365,D,PORD000365,PRD0019,GRIND_03,66.36,21.64,7.19
LOT000365,E,PORD000365,PRD0019,ADD_02,83.13,21.45,14.95
LOT000366,A,PORD000366,PRD0004,MILL_01,115.57,22.22,6.77
LOT000366,B,PORD000366,PRD0004,LATHE_02,113.17,21.09,5.01
LOT000366,C,PORD000366,PRD0004,DRILL_01,112.11,20.49,5.65
LOT000366,D,PORD000366,PRD0004,GRIND_01,113.62,21.3,5.41
LOT000366,E,PORD000366,PRD0004,ADD_01,120.98,17.65,12.7
LOT000367,A,PORD000367,PRD0005,MILL_04,93.66,23.81,2.15
LOT000367,B,PORD000367,PRD0005,LATHE_04,92.41,22.08,4.44
LOT000367,C,PORD000367,PRD0005,DRILL_03,85.19,18.7,7.25
LOT000367,D,PORD000367,PRD0005,GRIND_02,102.74,19.99,21.56
LOT000367,E,PORD000367,PRD0005,ADD_02,91.69,22.55,5.07
LOT000368,A,PORD000368,PRD0015,MILL_04,61.15,24.06,1.1
LOT000368,B,PORD000368,PRD0015,LATHE_01,73.47,21.33,13.28
LOT000368,C,PORD000368,PRD0015,DRILL_01,69.51,23.84,3.83
LOT000368,D,PORD000368,PRD0015,GRIND_03,90.3,22.52,26.28
LOT000368,E,PORD000368,PRD0015,ADD_02,70.21,20.61,12.33
LOT000369,A,PORD000369,PRD0009,MILL_02,78.44,21.87,6.64
LOT000369,B,PORD000369,PRD0009,LATHE_04,74.84,15.5,6.42
LOT000369,C,PORD000369,PRD0009,DRILL_01,78.77,22.91,7.81
LOT000369,D,PORD000369,PRD0009,GRIND_03,67.22,15.8,4.93
LOT000369,E,PORD000369,PRD0009,ADD_01,83.92,19.09,23.94
LOT000370,A,PORD000370,PRD0009,MILL_03,95.89,18.76,7.01
LOT000370,B,PORD000370,PRD0009,LATHE_03,87.26,21.65,0.56
LOT000370,C,PORD000370,PRD0009,DRILL_03,80.44,17.35,3.78
LOT000370,D,PORD000370,PRD0009,GRIND_03,83.39,20.4,5.27
LOT000370,E,PORD000370,PRD0009,ADD_01,76.58,17.94,4.51
LOT000371,A,PORD000371,PRD0017,MILL_04,45.54,16.57,6.03
LOT000371,B,PORD000371,PRD0017,LATHE_01,50.99,23.97,6.16
LOT000371,C,PORD000371,PRD0017,DRILL_02,67.78,20.17,23.73
LOT000371,D,PORD000371,PRD0017,GRIND_01,57.58,24.84,9.99
LOT000371,E,PORD000371,PRD0017,ADD_02,52.63,19.32,12.34
LOT000372,A,PORD000372,PRD0011,MILL_01,82.4,17.63,5.57
LOT000372,B,PORD000372,PRD0011,LATHE_02,82.35,22.15,0.84
LOT000372,C,PORD000372,PRD0011,DRILL_03,86.72,24.72,6.01
LOT000372,D,PORD000372,PRD0011,GRIND_02,85.13,18.23,4.49
LOT000372,E,PORD000372,PRD0011,ADD_02,76.4,19.38,1.09
LOT000373,A,PORD000373,PRD0017,MILL_04,70.15,19.58,5.72
LOT000373,B,PORD000373,PRD0017,LATHE_01,64.13,20.12,3.72
LOT000373,C,PORD000373,PRD0017,DRILL_02,64.6,16.69,5.94
LOT000373,D,PORD000373,PRD0017,GRIND_03,60.62,23.8,1.06
LOT000373,E,PORD000373,PRD0017,ADD_02,63.71,16.6,11.29
LOT000374,A,PORD000374,PRD0015,MILL_02,109.28,16.86,2.91
LOT000374,B,PORD000374,PRD0015,LATHE_04,124.96,22.1,6.66
LOT000374,C,PORD000374,PRD0015,DRILL_01,130.21,19.95,9.56
LOT000374,D,PORD000374,PRD0015,GRIND_01,145.48,15.95,34.51
LOT000374,E,PORD000374,PRD0015,ADD_02,118.99,19.64,9.13
LOT000375,A,PORD000375,PRD0005,MILL_01,68.07,17.19,5.14
LOT000375,B,PORD000375,PRD0005,LATHE_02,76.79,18.95,4.88
LOT000375,C,PORD000375,PRD0005,DRILL_03,69.39,17.85,4.65
LOT000375,D,PORD000375,PRD0005,GRIND_02,86.25,24.89,11.96
LOT000375,E,PORD000375,PRD0005,ADD_01,59.86,17.27,0.31
LOT000376,A,PORD000376,PRD0014,MILL_01,54.11,15.34,1.49
LOT000376,B,PORD000376,PRD0014,LATHE_03,56.86,22.87,0.35
LOT000376,C,PORD000376,PRD0014,DRILL_03,60.39,15.33,9.54
LOT000376,D,PORD000376,PRD0014,GRIND_03,64.56,18.38,9.33
LOT000376,E,PORD000376,PRD0014,ADD_01,61.02,16.07,10.46
LOT000377,A,PORD000377,PRD0015,MILL_01,76.98,21.61,0.09
LOT000377,B,PORD000377,PRD0015,LATHE_04,78.0,19.96,3.22
LOT000377,C,PORD000377,PRD0015,DRILL_02,89.83,17.06,3.52
LOT000377,D,PORD000377,PRD0015,GRIND_03,80.99,22.43,2.21
LOT000377,E,PORD000377,PRD0015,ADD_02,78.54,18.37,2.3
LOT000378,A,PORD000378,PRD0004,MILL_04,109.32,22.91,1.02
LOT000378,B,PORD000378,PRD0004,LATHE_01,103.87,22.08,7.32
LOT000378,C,PORD000378,PRD0004,DRILL_02,99.68,17.42,0.19
LOT000378,D,PORD000378,PRD0004,GRIND_01,119.56,17.28,3.58
LOT000378,E,PORD000378,PRD0004,ADD_02,123.58,19.94,11.06
LOT000379,A,PORD000379,PRD0011,MILL_01,61.23,24.21,2.23
LOT000379,B,PORD000379,PRD0011,LATHE_01,60.25,22.42,2.64
LOT000379,C,PORD000379,PRD0011,DRILL_02,83.86,17.34,33.91
LOT000379,D,PORD000379,PRD0011,GRIND_02,50.7,16.06,2.86
LOT000379,E,PORD000379,PRD0011,ADD_01,67.85,24.18,12.05
LOT000380,A,PORD000380,PRD0017,MILL_02,98.07,15.93,1.3
LOT000380,B,PORD000380,PRD0017,LATHE_03,93.13,20.31,1.6
LOT000380,C,PORD000380,PRD0017,DRILL_02,105.09,19.79,9.22
LOT000380,D,PORD000380,PRD0017,GRIND_01,99.69,16.96,8.17
LOT000380,E,PORD000380,PRD0017,ADD_02,101.24,23.7,9.0
LOT000381,A,PORD000381,PRD0010,MILL_02,101.16,21.98,1.28
LOT000381,B,PORD000381,PRD0010,LATHE_04,102.41,16.41,4.7
LOT000381,C,PORD000381,PRD0010,DRILL_03,104.79,20.08,3.13
LOT000381,D,PORD000381,PRD0010,GRIND_01,98.87,24.62,4.13
LOT000381,E,PORD000381,PRD0010,ADD_01,120.92,23.36,28.16
LOT000382,A,PORD000382,PRD0018,MILL_01,103.7,17.07,16.89
LOT000382,B,PORD000382,PRD0018,LATHE_01,102.73,23.09,1.72
LOT000382,C,PORD000382,PRD0018,DRILL_03,114.4,24.12,9.66
LOT000382,D,PORD000382,PRD0018,GRIND_02,104.84,18.52,1.88
LOT000382,E,PORD000382,PRD0018,ADD_02,92.63,19.22,7.18
LOT000383,A,PORD000383,PRD0019,MILL_04,71.98,22.7,5.71
LOT000383,B,PORD000383,PRD0019,LATHE_02,58.27,16.63,4.44
LOT000383,C,PORD000383,PRD0019,DRILL_03,73.6,22.48,7.83
LOT000383,D,PORD000383,PRD0019,GRIND_02,65.27,22.27,6.22
LOT000383,E,PORD000383,PRD0019,ADD_01,71.46,15.09,12.78
LOT000384,A,PORD000384,PRD0016,MILL_02,71.64,18.49,5.14
LOT000384,B,PORD000384,PRD0016,LATHE_04,65.12,18.45,3.93
LOT000384,C,PORD000384,PRD0016,DRILL_02,71.9,17.69,9.92
LOT000384,D,PORD000384,PRD0016,GRIND_01,75.67,24.39,7.26
LOT000384,E,PORD000384,PRD0016,ADD_01,82.33,23.85,9.51
LOT000385,A,PORD000385,PRD0020,MILL_03,76.74,17.71,5.45
LOT000385,B,PORD000385,PRD0020,LATHE_02,82.32,20.38,14.78
LOT000385,C,PORD000385,PRD0020,DRILL_01,74.22,24.06,4.32
LOT000385,D,PORD000385,PRD0020,GRIND_02,74.17,22.68,2.11
LOT000385,E,PORD000385,PRD0020,ADD_01,73.83,15.79,8.77
LOT000386,A,PORD000386,PRD0009,MILL_04,56.33,20.73,18.97
LOT000386,B,PORD000386,PRD0009,LATHE_04,41.69,17.37,7.77
LOT000386,C,PORD000386,PRD0009,DRILL_01,45.41,20.6,7.39
LOT000386,D,PORD000386,PRD0009,GRIND_02,43.21,20.34,8.28
LOT000386,E,PORD000386,PRD0009,ADD_01,69.54,17.93,37.95
LOT000387,A,PORD000387,PRD0004,MILL_02,112.62,23.63,7.96
LOT000387,B,PORD000387,PRD0004,LATHE_03,102.02,19.76,6.17
LOT000387,C,PORD000387,PRD0004,DRILL_03,99.69,23.95,9.96
LOT000387,D,PORD000387,PRD0004,GRIND_02,98.45,16.55,3.59
LOT000387,E,PORD000387,PRD0004,ADD_02,131.74,23.59,23.82
LOT000388,A,PORD000388,PRD0012,MILL_01,50.95,23.15,4.98
LOT000388,B,PORD000388,PRD0012,LATHE_04,56.93,21.46,8.95
LOT000388,C,PORD000388,PRD0012,DRILL_03,70.18,24.5,22.08
LOT000388,D,PORD000388,PRD0012,GRIND_03,49.59,16.55,5.22
LOT000388,E,PORD000388,PRD0012,ADD_02,59.59,24.78,9.66
LOT000389,A,PORD000389,PRD0007,MILL_02,66.22,17.1,0.71
LOT000389,B,PORD000389,PRD0007,LATHE_02,85.3,22.79,4.6
LOT000389,C,PORD000389,PRD0007,DRILL_02,87.35,18.65,11.37
LOT000389,D,PORD000389,PRD0007,GRIND_02,81.28,17.79,5.53
LOT000389,E,PORD000389,PRD0007,ADD_02,83.97,15.84,10.78
LOT000390,A,PORD000390,PRD0016,MILL_02,42.22,20.73,6.9
LOT000390,B,PORD000390,PRD0016,LATHE_01,36.99,18.73,4.47
LOT000390,C,PORD000390,PRD0016,DRILL_02,65.39,24.63,25.76
LOT000390,D,PORD000390,PRD0016,GRIND_03,43.45,24.08,6.06
LOT000390,E,PORD000390,PRD0016,ADD_02,59.45,17.64,26.01
LOT000391,A,PORD000391,PRD0016,MILL_01,92.12,21.14,0.73
LOT000391,B,PORD000391,PRD0016,LATHE_03,90.25,21.87,2.49
LOT000391,C,PORD000391,PRD0016,DRILL_03,89.91,17.27,3.04
LOT000391,D,PORD000391,PRD0016,GRIND_02,100.13,21.2,8.24
LOT000391,E,PORD000391,PRD0016,ADD_02,97.11,15.54,9.92
LOT000392,A,PORD000392,PRD0015,MILL_01,74.27,16.35,15.99
LOT000392,B,PORD000392,PRD0015,LATHE_02,64.84,21.73,2.01
LOT000392,C,PORD000392,PRD0015,DRILL_03,75.84,22.42,6.67
LOT000392,D,PORD000392,PRD0015,GRIND_01,70.86,22.87,8.57
LOT000392,E,PORD000392,PRD0015,ADD_02,67.84,20.65,1.64
LOT000393,A,PORD000393,PRD0005,MILL_02,106.8,24.32,6.74
LOT000393,B,PORD000393,PRD0005,LATHE_02,117.84,23.3,18.78
LOT000393,C,PORD000393,PRD0005,DRILL_03,119.16,18.12,31.76
LOT000393,D,PORD000393,PRD0005,GRIND_03,98.16,17.93,8.16
LOT000393,E,PORD000393,PRD0005,ADD_02,108.39,24.48,13.59
LOT000394,A,PORD000394,PRD0014,MILL_01,39.95,24.47,1.74
LOT000394,B,PORD000394,PRD0014,LATHE_04,51.2,16.8,20.77
LOT000394,C,PORD000394,PRD0014,DRILL_02,37.7,15.32,7.63
LOT000394,D,PORD000394,PRD0014,GRIND_03,39.87,22.04,4.9
LOT000394,E,PORD000394,PRD0014,ADD_01,30.23,15.14,3.6
LOT000395,A,PORD000395,PRD0010,MILL_01,66.45,23.93,5.38
LOT000395,B,PORD000395,PRD0010,LATHE_01,78.09,24.76,7.49
LOT000395,C,PORD000395,PRD0010,DRILL_03,66.23,23.94,5.63
LOT000395,D,PORD000395,PRD0010,GRIND_01,66.77,24.93,3.0
LOT000395,E,PORD000395,PRD0010,ADD_01,59.55,21.19,0.01
LOT000396,A,PORD000396,PRD0004,MILL_04,93.31,23.85,3.73
LOT000396,B,PORD000396,PRD0004,LATHE_04,91.52,19.77,6.2
LOT000396,C,PORD000396,PRD0004,DRILL_01,85.53,20.37,1.21
LOT000396,D,PORD000396,PRD0004,GRIND_03,101.47,16.48,6.81
LOT000396,E,PORD000396,PRD0004,ADD_02,106.28,24.0,14.86
LOT000397,A,PORD000397,PRD0006,MILL_03,71.72,15.57,18.0
LOT000397,B,PORD000397,PRD0006,LATHE_03,58.49,22.19,3.33
LOT000397,C,PORD000397,PRD0006,DRILL_01,55.66,19.17,2.27
LOT000397,D,PORD000397,PRD0006,GRIND_01,82.77,24.79,20.41
LOT000397,E,PORD000397,PRD0006,ADD_01,71.89,17.41,14.58
LOT000398,A,PORD000398,PRD0013,MILL_01,60.23,17.11,2.73
LOT000398,B,PORD000398,PRD0013,LATHE_03,55.39,18.2,2.1
LOT000398,C,PORD000398,PRD0013,DRILL_03,58.71,15.24,2.53
LOT000398,D,PORD000398,PRD0013,GRIND_02,79.57,24.16,10.26
LOT000398,E,PORD000398,PRD0013,ADD_02,65.81,23.91,1.09
LOT000399,A,PORD000399,PRD0002,MILL_04,85.62,24.94,4.99
LOT000399,B,PORD000399,PRD0002,LATHE_04,91.57,19.86,6.62
LOT000399,C,PORD000399,PRD0002,DRILL_03,89.16,20.53,4.69
LOT000399,D,PORD000399,PRD0002,GRIND_01,90.71,21.25,7.84
LOT000399,E,PORD000399,PRD0002,ADD_01,87.03,23.45,2.66
LOT000400,A,PORD000400,PRD0016,MILL_04,101.78,22.96,1.83
LOT000400,B,PORD000400,PRD0016,LATHE_01,101.78,16.31,6.48
LOT000400,C,PORD000400,PRD0016,DRILL_03,116.67,18.92,13.14
LOT000400,D,PORD000400,PRD0016,GRIND_01,112.03,19.45,21.55
LOT000400,E,PORD000400,PRD0016,ADD_01,101.13,20.13,2.76
LOT000401,A,PORD000401,PRD0018,MILL_04,72.82,19.46,4.31
LOT000401,B,PORD000401,PRD0018,LATHE_02,83.05,21.4,6.79
LOT000401,C,PORD000401,PRD0018,DRILL_03,70.52,19.23,0.22
LOT000401,D,PORD000401,PRD0018,GRIND_02,89.49,23.89,9.29
LOT000401,E,PORD000401,PRD0018,ADD_01,83.26,21.67,10.75
LOT000402,A,PORD000402,PRD0008,MILL_03,130.23,18.21,1.64
LOT000402,B,PORD000402,PRD0008,LATHE_03,137.02,22.28,4.04
LOT000402,C,PORD000402,PRD0008,DRILL_03,131.09,16.19,9.06
LOT000402,D,PORD000402,PRD0008,GRIND_02,116.1,20.02,7.05
LOT000402,E,PORD000402,PRD0008,ADD_02,142.13,22.25,22.81
LOT000403,A,PORD000403,PRD0002,MILL_01,94.62,17.62,2.64
LOT000403,B,PORD000403,PRD0002,LATHE_03,104.73,19.52,9.43
LOT000403,C,PORD000403,PRD0002,DRILL_01,91.35,15.17,2.74
LOT000403,D,PORD000403,PRD0002,GRIND_03,99.04,18.18,9.67
LOT000403,E,PORD000403,PRD0002,ADD_01,103.26,15.99,13.97
LOT000404,A,PORD000404,PRD0012,MILL_02,97.44,24.35,4.7
LOT000404,B,PORD000404,PRD0012,LATHE_03,90.74,17.13,2.43
LOT000404,C,PORD000404,PRD0012,DRILL_01,90.59,24.42,0.42
LOT000404,D,PORD000404,PRD0012,GRIND_01,94.91,15.54,8.13
LOT000404,E,PORD000404,PRD0012,ADD_01,108.83,24.79,13.83
LOT000405,A,PORD000405,PRD0020,MILL_04,100.53,20.85,15.75
LOT000405,B,PORD000405,PRD0020,LATHE_01,68.37,16.09,3.42
LOT000405,C,PORD000405,PRD0020,DRILL_02,89.9,21.68,6.58
LOT000405,D,PORD000405,PRD0020,GRIND_03,92.17,21.77,9.78
LOT000405,E,PORD000405,PRD0020,ADD_02,93.17,16.54,11.08
LOT000406,A,PORD000406,PRD0003,MILL_02,52.49,15.78,0.03
LOT000406,B,PORD000406,PRD0003,LATHE_03,74.97,24.08,7.81
LOT000406,C,PORD000406,PRD0003,DRILL_01,72.76,16.93,9.4
LOT000406,D,PORD000406,PRD0003,GRIND_01,67.99,22.06,5.53
LOT000406,E,PORD000406,PRD0003,ADD_02,70.77,19.22,14.61
LOT000407,A,PORD000407,PRD0001,MILL_02,79.66,22.12,0.71
LOT000407,B,PORD000407,PRD0001,LATHE_03,95.9,16.47,24.97
LOT000407,C,PORD000407,PRD0001,DRILL_03,84.25,23.59,5.66
LOT000407,D,PORD000407,PRD0001,GRIND_02,106.88,23.3,31.84
LOT000407,E,PORD000407,PRD0001,ADD_02,80.89,20.21,8.67
LOT000408,A,PORD000408,PRD0014,MILL_01,45.65,19.36,6.29
LOT000408,B,PORD000408,PRD0014,LATHE_02,38.14,16.57,4.8
LOT000408,C,PORD000408,PRD0014,DRILL_03,49.16,23.68,3.8
LOT000408,D,PORD000408,PRD0014,GRIND_02,42.12,18.38,1.25
LOT000408,E,PORD000408,PRD0014,ADD_02,53.06,20.03,14.96
LOT000409,A,PORD000409,PRD0014,MILL_01,87.1,18.46,6.6
LOT000409,B,PORD000409,PRD0014,LATHE_01,106.74,23.68,23.07
LOT000409,C,PORD000409,PRD0014,DRILL_02,115.22,19.71,31.19
LOT000409,D,PORD000409,PRD0014,GRIND_01,89.3,21.48,4.92
LOT000409,E,PORD000409,PRD0014,ADD_02,88.4,21.09,9.68
LOT000410,A,PORD000410,PRD0018,MILL_04,107.19,20.91,1.23
LOT000410,B,PORD000410,PRD0018,LATHE_04,102.28,24.5,2.36
LOT000410,C,PORD000410,PRD0018,DRILL_01,106.64,21.98,4.18
LOT000410,D,PORD000410,PRD0018,GRIND_03,105.03,17.75,7.46
LOT000410,E,PORD000410,PRD0018,ADD_02,108.14,23.4,12.58
LOT000411,A,PORD000411,PRD0005,MILL_01,116.44,21.7,19.22
LOT000411,B,PORD000411,PRD0005,LATHE_03,99.47,20.01,2.76
LOT000411,C,PORD000411,PRD0005,DRILL_02,84.89,21.23,1.54
LOT000411,D,PORD000411,PRD0005,GRIND_03,99.26,18.94,4.76
LOT000411,E,PORD000411,PRD0005,ADD_02,94.89,21.0,13.21
LOT000412,A,PORD000412,PRD0010,MILL_02,67.88,17.52,0.16
LOT000412,B,PORD000412,PRD0010,LATHE_01,71.31,19.61,0.13
LOT000412,C,PORD000412,PRD0010,DRILL_03,73.42,18.69,3.61
LOT000412,D,PORD000412,PRD0010,GRIND_02,75.63,19.36,8.41
LOT000412,E,PORD000412,PRD0010,ADD_02,67.3,22.14,4.42
LOT000413,A,PORD000413,PRD0016,MILL_03,51.48,22.69,0.4
LOT000413,B,PORD000413,PRD0016,LATHE_02,50.36,23.36,4.27
LOT000413,C,PORD000413,PRD0016,DRILL_03,45.27,15.09,1.38
LOT000413,D,PORD000413,PRD0016,GRIND_03,50.86,20.09,4.63
LOT000413,E,PORD000413,PRD0016,ADD_02,53.48,15.37,11.09
LOT000414,A,PORD000414,PRD0009,MILL_01,63.8,19.53,5.7
LOT000414,B,PORD000414,PRD0009,LATHE_03,70.52,23.08,5.59
LOT000414,C,PORD000414,PRD0009,DRILL_01,67.81,19.94,5.44
LOT000414,D,PORD000414,PRD0009,GRIND_02,67.99,24.41,9.92
LOT000414,E,PORD000414,PRD0009,ADD_01,60.77,19.13,8.74
LOT000415,A,PORD000415,PRD0006,MILL_02,93.27,15.54,3.42
LOT000415,B,PORD000415,PRD0006,LATHE_03,109.62,24.6,6.56
LOT000415,C,PORD000415,PRD0006,DRILL_01,122.78,22.67,20.24
LOT000415,D,PORD000415,PRD0006,GRIND_03,104.44,19.95,3.82
LOT000415,E,PORD000415,PRD0006,ADD_01,111.55,20.76,11.25
LOT000416,A,PORD000416,PRD0014,MILL_01,110.23,18.1,10.0
LOT000416,B,PORD000416,PRD0014,LATHE_02,100.23,24.41,7.98
LOT000416,C,PORD000416,PRD0014,DRILL_03,121.34,19.34,24.76
LOT000416,D,PORD000416,PRD0014,GRIND_02,94.66,19.6,2.25
LOT000416,E,PORD000416,PRD0014,ADD_01,114.41,24.76,18.82
LOT000417,A,PORD000417,PRD0001,MILL_01,95.25,21.78,1.29
LOT000417,B,PORD000417,PRD0001,LATHE_03,101.43,23.03,6.21
LOT000417,C,PORD000417,PRD0001,DRILL_03,99.53,21.4,0.18
LOT000417,D,PORD000417,PRD0001,GRIND_02,95.92,21.1,4.74
LOT000417,E,PORD000417,PRD0001,ADD_02,103.35,24.49,4.88
LOT000418,A,PORD000418,PRD0011,MILL_03,84.86,23.71,6.95
LOT000418,B,PORD000418,PRD0011,LATHE_03,91.89,17.56,18.1
LOT000418,C,PORD000418,PRD0011,DRILL_01,81.8,24.29,13.36
LOT000418,D,PORD000418,PRD0011,GRIND_02,83.38,17.91,9.03
LOT000418,E,PORD000418,PRD0011,ADD_02,64.84,18.03,0.83
LOT000419,A,PORD000419,PRD0014,MILL_01,55.08,21.82,5.55
LOT000419,B,PORD000419,PRD0014,LATHE_03,51.69,22.51,4.57
LOT000419,C,PORD000419,PRD0014,DRILL_01,52.65,24.45,0.74
LOT000419,D,PORD000419,PRD0014,GRIND_03,64.53,19.59,19.81
LOT000419,E,PORD000419,PRD0014,ADD_02,53.67,23.44,5.74
LOT000420,A,PORD000420,PRD0020,MILL_02,125.8,17.75,6.66
LOT000420,B,PORD000420,PRD0020,LATHE_01,107.15,23.82,4.71
LOT000420,C,PORD000420,PRD0020,DRILL_02,117.26,17.45,0.99
LOT000420,D,PORD000420,PRD0020,GRIND_03,119.09,22.28,2.23
LOT000420,E,PORD000420,PRD0020,ADD_02,121.36,23.75,2.82
LOT000421,A,PORD000421,PRD0009,MILL_02,71.71,19.56,6.39
LOT000421,B,PORD000421,PRD0009,LATHE_02,67.42,15.39,1.8
LOT000421,C,PORD000421,PRD0009,DRILL_01,95.56,23.09,21.95
LOT000421,D,PORD000421,PRD0009,GRIND_01,58.45,16.33,0.5
LOT000421,E,PORD000421,PRD0009,ADD_02,68.44,15.96,9.4
LOT000422,A,PORD000422,PRD0017,MILL_04,117.4,21.59,6.0
LOT000422,B,PORD000422,PRD0017,LATHE_01,109.14,24.73,2.28
LOT000422,C,PORD000422,PRD0017,DRILL_03,121.39,18.66,18.23
LOT000422,D,PORD000422,PRD0017,GRIND_02,122.22,17.68,14.14
LOT000422,E,PORD000422,PRD0017,ADD_01,114.89,16.77,5.46
LOT000423,A,PORD000423,PRD0011,MILL_04,95.33,22.83,3.94
LOT000423,B,PORD000423,PRD0011,LATHE_03,95.47,22.77,4.21
LOT000423,C,PORD000423,PRD0011,DRILL_03,78.33,15.18,1.75
LOT000423,D,PORD000423,PRD0011,GRIND_02,94.15,22.23,7.25
LOT000423,E,PORD000423,PRD0011,ADD_01,90.8,21.47,11.26
LOT000424,A,PORD000424,PRD0017,MILL_04,108.29,24.35,20.58
LOT000424,B,PORD000424,PRD0017,LATHE_04,84.03,21.31,2.83
LOT000424,C,PORD000424,PRD0017,DRILL_03,89.83,25.0,7.71
LOT000424,D,PORD000424,PRD0017,GRIND_03,82.65,17.14,3.01
LOT000424,E,PORD000424,PRD0017,ADD_01,83.74,19.43,4.68
LOT000425,A,PORD000425,PRD0009,MILL_02,102.42,17.2,5.73
LOT000425,B,PORD000425,PRD0009,LATHE_03,108.37,19.33,5.66
LOT000425,C,PORD000425,PRD0009,DRILL_02,108.5,18.41,3.49
LOT000425,D,PORD000425,PRD0009,GRIND_01,107.23,21.45,5.26
LOT000425,E,PORD000425,PRD0009,ADD_01,100.28,24.86,4.37
LOT000426,A,PORD000426,PRD0006,MILL_02,102.56,22.77,2.85
LOT000426,B,PORD000426,PRD0006,LATHE_01,109.78,22.06,7.12
LOT000426,C,PORD000426,PRD0006,DRILL_02,101.29,19.94,9.55
LOT000426,D,PORD000426,PRD0006,GRIND_02,119.02,20.06,9.25
LOT000426,E,PORD000426,PRD0006,ADD_01,116.35,24.69,0.9
LOT000427,A,PORD000427,PRD0018,MILL_03,103.82,23.9,3.8
LOT000427,B,PORD000427,PRD0018,LATHE_01,92.85,22.99,4.4
LOT000427,C,PORD000427,PRD0018,DRILL_03,104.85,21.77,9.79
LOT000427,D,PORD000427,PRD0018,GRIND_01,98.42,18.75,7.94
LOT000427,E,PORD000427,PRD0018,ADD_01,93.56,16.05,7.66
LOT000428,A,PORD000428,PRD0002,MILL_01,73.17,16.16,3.46
LOT000428,B,PORD000428,PRD0002,LATHE_02,74.83,15.39,4.2
LOT000428,C,PORD000428,PRD0002,DRILL_02,112.75,22.27,34.76
LOT000428,D,PORD000428,PRD0002,GRIND_01,74.52,18.04,5.44
LOT000428,E,PORD000428,PRD0002,ADD_02,78.22,15.81,8.34
LOT000429,A,PORD000429,PRD0020,MILL_04,128.03,17.85,0.64
LOT000429,B,PORD000429,PRD0020,LATHE_02,115.21,21.91,3.85
LOT000429,C,PORD000429,PRD0020,DRILL_01,110.06,15.66,1.28
LOT000429,D,PORD000429,PRD0020,GRIND_03,124.54,20.89,6.56
LOT000429,E,PORD000429,PRD0020,ADD_01,127.77,16.6,13.94
LOT000430,A,PORD000430,PRD0011,MILL_02,89.79,23.07,2.03
LOT000430,B,PORD000430,PRD0011,LATHE_04,80.74,16.06,4.87
LOT000430,C,PORD000430,PRD0011,DRILL_02,79.17,20.95,0.25
LOT000430,D,PORD000430,PRD0011,GRIND_01,104.01,16.07,30.13
LOT000430,E,PORD000430,PRD0011,ADD_02,83.75,23.64,3.13
LOT000431,A,PORD000431,PRD0007,MILL_02,72.84,19.81,1.94
LOT000431,B,PORD000431,PRD0007,LATHE_03,73.61,18.2,5.44
LOT000431,C,PORD000431,PRD0007,DRILL_03,95.77,24.06,18.75
LOT000431,D,PORD000431,PRD0007,GRIND_01,92.58,16.87,9.46
LOT000431,E,PORD000431,PRD0007,ADD_01,87.83,22.02,12.79
LOT000432,A,PORD000432,PRD0019,MILL_04,80.04,23.97,14.44
LOT000432,B,PORD000432,PRD0019,LATHE_02,60.56,20.77,1.56
LOT000432,C,PORD000432,PRD0019,DRILL_02,68.2,19.12,9.23
LOT000432,D,PORD000432,PRD0019,GRIND_02,69.44,24.38,4.58
LOT000432,E,PORD000432,PRD0019,ADD_02,71.07,22.59,4.5
LOT000433,A,PORD000433,PRD0008,MILL_01,38.68,15.7,1.4
LOT000433,B,PORD000433,PRD0008,LATHE_03,58.51,18.59,19.88
LOT000433,C,PORD000433,PRD0008,DRILL_02,64.9,20.88,23.66
LOT000433,D,PORD000433,PRD0008,GRIND_03,61.68,15.52,26.04
LOT000433,E,PORD000433,PRD0008,ADD_01,51.75,24.94,3.61
LOT000434,A,PORD000434,PRD0015,MILL_02,88.87,23.61,1.55
LOT000434,B,PORD000434,PRD0015,LATHE_01,92.62,24.53,0.34
LOT000434,C,PORD000434,PRD0015,DRILL_03,91.22,19.6,1.49
LOT000434,D,PORD000434,PRD0015,GRIND_02,80.63,22.07,1.91
LOT000434,E,PORD000434,PRD0015,ADD_02,100.03,22.28,14.18
LOT000435,A,PORD000435,PRD0012,MILL_01,111.0,22.12,5.7
LOT000435,B,PORD000435,PRD0012,LATHE_01,128.01,22.73,6.14
LOT000435,C,PORD000435,PRD0012,DRILL_01,116.91,23.66,5.95
LOT000435,D,PORD000435,PRD0012,GRIND_01,129.07,24.37,7.18
LOT000435,E,PORD000435,PRD0012,ADD_01,115.12,17.72,0.73
LOT000436,A,PORD000436,PRD0018,MILL_01,93.28,18.35,4.26
LOT000436,B,PORD000436,PRD0018,LATHE_04,117.86,24.66,15.54
LOT000436,C,PORD000436,PRD0018,DRILL_02,97.89,19.08,1.31
LOT000436,D,PORD000436,PRD0018,GRIND_03,105.35,18.3,6.18
LOT000436,E,PORD000436,PRD0018,ADD_02,96.61,19.7,1.58
LOT000437,A,PORD000437,PRD0017,MILL_03,83.3,18.15,6.61
LOT000437,B,PORD000437,PRD0017,LATHE_03,74.55,24.93,0.37
LOT000437,C,PORD000437,PRD0017,DRILL_03,83.77,22.34,7.89
LOT000437,D,PORD000437,PRD0017,GRIND_02,82.42,23.98,4.67
LOT000437,E,PORD000437,PRD0017,ADD_01,87.06,19.34,13.15
LOT000438,A,PORD000438,PRD0016,MILL_01,70.49,19.39,1.64
LOT000438,B,PORD000438,PRD0016,LATHE_04,82.0,15.35,18.91
LOT000438,C,PORD000438,PRD0016,DRILL_02,84.94,20.08,8.66
LOT000438,D,PORD000438,PRD0016,GRIND_02,70.49,21.79,1.62
LOT000438,E,PORD000438,PRD0016,ADD_01,82.88,21.61,11.79
LOT000439,A,PORD000439,PRD0017,MILL_04,53.36,15.14,6.5
LOT000439,B,PORD000439,PRD0017,LATHE_03,54.87,18.68,6.66
LOT000439,C,PORD000439,PRD0017,DRILL_03,61.71,22.57,9.59
LOT000439,D,PORD000439,PRD0017,GRIND_03,55.3,18.25,7.62
LOT000439,E,PORD000439,PRD0017,ADD_02,53.01,20.8,0.97
LOT000440,A,PORD000440,PRD0015,MILL_04,79.66,17.11,4.49
LOT000440,B,PORD000440,PRD0015,LATHE_01,95.02,21.0,18.92
LOT000440,C,PORD000440,PRD0015,DRILL_03,89.05,16.99,5.69
LOT000440,D,PORD000440,PRD0015,GRIND_03,80.4,15.91,2.83
LOT000440,E,PORD000440,PRD0015,ADD_02,85.61,23.34,0.94
LOT000441,A,PORD000441,PRD0006,MILL_02,123.78,18.02,4.97
LOT000441,B,PORD000441,PRD0006,LATHE_01,142.35,22.55,23.56
LOT000441,C,PORD000441,PRD0006,DRILL_01,136.59,16.2,34.95
LOT000441,D,PORD000441,PRD0006,GRIND_02,124.24,21.61,8.37
LOT000441,E,PORD000441,PRD0006,ADD_01,123.72,15.52,13.98
LOT000442,A,PORD000442,PRD0018,MILL_02,89.38,19.94,2.17
LOT000442,B,PORD000442,PRD0018,LATHE_04,101.46,24.43,3.52
LOT000442,C,PORD000442,PRD0018,DRILL_01,90.13,21.58,5.58
LOT000442,D,PORD000442,PRD0018,GRIND_01,112.24,20.29,21.56
LOT000442,E,PORD000442,PRD0018,ADD_01,95.16,20.02,5.15
LOT000443,A,PORD000443,PRD0013,MILL_03,89.14,18.61,17.41
LOT000443,B,PORD000443,PRD0013,LATHE_01,77.66,20.8,7.21
LOT000443,C,PORD000443,PRD0013,DRILL_01,83.94,18.77,16.87
LOT000443,D,PORD000443,PRD0013,GRIND_01,76.46,20.46,2.51
LOT000443,E,PORD000443,PRD0013,ADD_02,82.48,21.74,13.99
LOT000444,A,PORD000444,PRD0015,MILL_02,110.77,22.63,1.97
LOT000444,B,PORD000444,PRD0015,LATHE_01,114.02,17.82,6.53
LOT000444,C,PORD000444,PRD0015,DRILL_02,123.68,16.47,8.93
LOT000444,D,PORD000444,PRD0015,GRIND_02,102.61,15.53,0.47
LOT000444,E,PORD000444,PRD0015,ADD_01,117.52,20.88,8.31
LOT000445,A,PORD000445,PRD0013,MILL_03,75.45,21.64,3.46
LOT000445,B,PORD000445,PRD0013,LATHE_02,73.84,22.25,2.26
LOT000445,C,PORD000445,PRD0013,DRILL_01,66.04,16.42,0.68
LOT000445,D,PORD000445,PRD0013,GRIND_03,78.0,17.97,1.43
LOT000445,E,PORD000445,PRD0013,ADD_01,82.0,21.02,5.34
LOT000446,A,PORD000446,PRD0002,MILL_02,61.94,15.13,0.15
LOT000446,B,PORD000446,PRD0002,LATHE_03,71.96,19.43,6.7
LOT000446,C,PORD000446,PRD0002,DRILL_03,72.74,17.62,9.24
LOT000446,D,PORD000446,PRD0002,GRIND_02,76.92,19.63,5.9
LOT000446,E,PORD000446,PRD0002,ADD_02,77.15,18.99,5.75
LOT000447,A,PORD000447,PRD0020,MILL_02,60.96,23.42,5.8
LOT000447,B,PORD000447,PRD0020,LATHE_04,51.35,17.74,6.39
LOT000447,C,PORD000447,PRD0020,DRILL_03,69.8,22.82,18.0
LOT000447,D,PORD000447,PRD0020,GRIND_02,52.79,19.29,3.72
LOT000447,E,PORD000447,PRD0020,ADD_01,51.59,15.87,3.81
LOT000448,A,PORD000448,PRD0008,MILL_04,83.79,17.42,3.46
LOT000448,B,PORD000448,PRD0008,LATHE_01,98.79,16.91,20.04
LOT000448,C,PORD000448,PRD0008,DRILL_02,83.23,19.25,6.05
LOT000448,D,PORD000448,PRD0008,GRIND_01,75.49,18.5,5.98
LOT000448,E,PORD000448,PRD0008,ADD_01,82.87,19.07,2.55
LOT000449,A,PORD000449,PRD0020,MILL_04,109.27,19.49,24.5
LOT000449,B,PORD000449,PRD0020,LATHE_01,77.97,19.21,4.72
LOT000449,C,PORD000449,PRD0020,DRILL_02,92.67,23.9,2.97
LOT000449,D,PORD000449,PRD0020,GRIND_02,79.02,15.73,4.16
LOT000449,E,PORD000449,PRD0020,ADD_01,89.39,20.81,4.36
LOT000450,A,PORD000450,PRD0010,MILL_02,64.45,19.46,0.64
LOT000450,B,PORD000450,PRD0010,LATHE_01,67.71,21.74,3.8
LOT000450,C,PORD000450,PRD0010,DRILL_01,75.19,24.79,8.17
LOT000450,D,PORD000450,PRD0010,GRIND_03,65.51,19.26,9.01
LOT000450,E,PORD000450,PRD0010,ADD_02,65.84,20.45,6.66
LOT000451,A,PORD000451,PRD0003,MILL_03,71.37,23.62,4.98
LOT000451,B,PORD000451,PRD0003,LATHE_01,72.18,19.31,2.91
LOT000451,C,PORD000451,PRD0003,DRILL_02,79.44,20.61,5.57
LOT000451,D,PORD000451,PRD0003,GRIND_01,92.28,17.79,27.08
LOT000451,E,PORD000451,PRD0003,ADD_02,78.55,17.12,16.76
LOT000452,A,PORD000452,PRD0009,MILL_04,109.64,22.03,4.88
LOT000452,B,PORD000452,PRD0009,LATHE_02,98.73,20.75,3.34
LOT000452,C,PORD000452,PRD0009,DRILL_01,102.26,20.77,4.03
LOT000452,D,PORD000452,PRD0009,GRIND_02,123.25,20.74,28.07
LOT000452,E,PORD000452,PRD0009,ADD_01,98.49,19.16,8.19
LOT000453,A,PORD000453,PRD0019,MILL_01,59.75,18.08,19.5
LOT000453,B,PORD000453,PRD0019,LATHE_02,46.21,18.55,7.59
LOT000453,C,PORD000453,PRD0019,DRILL_03,48.54,18.35,5.98
LOT000453,D,PORD000453,PRD0019,GRIND_03,44.52,18.97,3.78
LOT000453,E,PORD000453,PRD0019,ADD_01,78.64,22.09,35.58
LOT000454,A,PORD000454,PRD0016,MILL_02,63.47,22.13,2.69
LOT000454,B,PORD000454,PRD0016,LATHE_04,62.56,20.56,7.77
LOT000454,C,PORD000454,PRD0016,DRILL_01,71.07,16.26,8.51
LOT000454,D,PORD000454,PRD0016,GRIND_02,62.58,20.47,3.39
LOT000454,E,PORD000454,PRD0016,ADD_01,71.9,23.1,6.76
LOT000455,A,PORD000455,PRD0016,MILL_03,90.64,23.42,6.09
LOT000455,B,PORD000455,PRD0016,LATHE_01,84.05,23.61,0.98
LOT000455,C,PORD000455,PRD0016,DRILL_01,78.11,18.37,0.85
LOT000455,D,PORD000455,PRD0016,GRIND_03,76.73,17.63,4.95
LOT000455,E,PORD000455,PRD0016,ADD_01,96.29,23.08,10.86
LOT000456,A,PORD000456,PRD0003,MILL_03,104.69,16.28,17.72
LOT000456,B,PORD000456,PRD0003,LATHE_03,108.83,16.09,7.16
LOT000456,C,PORD000456,PRD0003,DRILL_03,115.5,20.1,3.35
LOT000456,D,PORD000456,PRD0003,GRIND_03,105.89,21.79,9.0
LOT000456,E,PORD000456,PRD0003,ADD_01,95.94,23.12,3.99
LOT000457,A,PORD000457,PRD0015,MILL_04,83.91,18.18,5.63
LOT000457,B,PORD000457,PRD0015,LATHE_01,76.81,18.51,0.27
LOT000457,C,PORD000457,PRD0015,DRILL_02,96.36,23.56,7.99
LOT000457,D,PORD000457,PRD0015,GRIND_02,86.79,22.86,0.37
LOT000457,E,PORD000457,PRD0015,ADD_01,81.0,17.93,1.05
LOT000458,A,PORD000458,PRD0007,MILL_01,70.08,19.58,3.71
LOT000458,B,PORD000458,PRD0007,LATHE_04,96.79,24.29,20.17
LOT000458,C,PORD000458,PRD0007,DRILL_01,94.7,15.22,27.36
LOT000458,D,PORD000458,PRD0007,GRIND_02,103.62,19.01,30.53
LOT000458,E,PORD000458,PRD0007,ADD_01,78.96,23.87,5.74
LOT000459,A,PORD000459,PRD0018,MILL_01,71.38,15.74,7.12
LOT000459,B,PORD000459,PRD0018,LATHE_03,69.39,16.69,6.51
LOT000459,C,PORD000459,PRD0018,DRILL_03,82.43,24.99,7.95
LOT000459,D,PORD000459,PRD0018,GRIND_02,73.45,18.05,9.51
LOT000459,E,PORD000459,PRD0018,ADD_02,71.48,18.37,3.49
LOT000460,A,PORD000460,PRD0018,MILL_02,104.96,16.72,4.63
LOT000460,B,PORD000460,PRD0018,LATHE_01,102.29,16.64,4.02
LOT000460,C,PORD000460,PRD0018,DRILL_01,109.0,23.13,7.56
LOT000460,D,PORD000460,PRD0018,GRIND_02,122.02,21.53,5.71
LOT000460,E,PORD000460,PRD0018,ADD_02,103.48,23.85,2.52
LOT000461,A,PORD000461,PRD0011,MILL_01,88.75,24.84,5.29
LOT000461,B,PORD000461,PRD0011,LATHE_01,99.82,24.49,14.38
LOT000461,C,PORD000461,PRD0011,DRILL_03,70.27,16.17,4.09
LOT000461,D,PORD000461,PRD0011,GRIND_01,88.04,21.52,5.19
LOT000461,E,PORD000461,PRD0011,ADD_02,98.56,16.21,29.8
LOT000462,A,PORD000462,PRD0018,MILL_03,88.26,16.93,4.49
LOT000462,B,PORD000462,PRD0018,LATHE_03,93.81,22.1,2.45
LOT000462,C,PORD000462,PRD0018,DRILL_01,105.38,23.05,8.79
LOT000462,D,PORD000462,PRD0018,GRIND_01,93.09,17.93,4.38
LOT000462,E,PORD000462,PRD0018,ADD_01,100.26,24.94,2.43
LOT000463,A,PORD000463,PRD0007,MILL_04,65.01,23.58,1.72
LOT000463,B,PORD000463,PRD0007,LATHE_01,69.69,23.68,0.68
LOT000463,C,PORD000463,PRD0007,DRILL_01,68.06,15.74,8.69
LOT000463,D,PORD000463,PRD0007,GRIND_01,64.42,21.34,0.52
LOT000463,E,PORD000463,PRD0007,ADD_01,73.9,20.14,14.47
LOT000464,A,PORD000464,PRD0019,MILL_03,78.45,18.06,4.36
LOT000464,B,PORD000464,PRD0019,LATHE_04,72.92,17.19,7.8
LOT000464,C,PORD000464,PRD0019,DRILL_01,76.95,15.95,7.39
LOT000464,D,PORD000464,PRD0019,GRIND_02,73.12,21.42,0.06
LOT000464,E,PORD000464,PRD0019,ADD_01,80.88,20.87,11.39
LOT000465,A,PORD000465,PRD0002,MILL_04,74.48,18.64,7.95
LOT000465,B,PORD000465,PRD0002,LATHE_03,76.98,20.27,5.72
LOT000465,C,PORD000465,PRD0002,DRILL_02,82.67,24.65,14.85
LOT000465,D,PORD000465,PRD0002,GRIND_03,72.6,20.16,2.22
LOT000465,E,PORD000465,PRD0002,ADD_02,76.16,15.92,8.8
LOT000466,A,PORD000466,PRD0013,MILL_03,59.13,18.4,10.8
LOT000466,B,PORD000466,PRD0013,LATHE_02,64.39,22.87,7.99
LOT000466,C,PORD000466,PRD0013,DRILL_02,53.72,16.0,7.78
LOT000466,D,PORD000466,PRD0013,GRIND_01,53.64,15.98,4.35
LOT000466,E,PORD000466,PRD0013,ADD_01,71.72,24.82,13.55
LOT000467,A,PORD000467,PRD0008,MILL_01,96.83,22.58,0.96
LOT000467,B,PORD000467,PRD0008,LATHE_04,104.69,22.93,5.01
LOT000467,C,PORD000467,PRD0008,DRILL_02,117.8,23.09,29.73
LOT000467,D,PORD000467,PRD0008,GRIND_03,93.41,22.27,7.16
LOT000467,E,PORD000467,PRD0008,ADD_01,111.29,18.32,12.38
LOT000468,A,PORD000468,PRD0001,MILL_03,69.13,17.75,0.96
LOT000468,B,PORD000468,PRD0001,LATHE_04,64.88,16.7,5.75
LOT000468,C,PORD000468,PRD0001,DRILL_01,84.35,24.59,6.45
LOT000468,D,PORD000468,PRD0001,GRIND_03,73.39,19.44,7.96
LOT000468,E,PORD000468,PRD0001,ADD_01,92.71,15.67,35.75
LOT000469,A,PORD000469,PRD0011,MILL_03,117.76,22.8,3.44
LOT000469,B,PORD000469,PRD0011,LATHE_04,132.55,23.57,7.07
LOT000469,C,PORD000469,PRD0011,DRILL_02,143.83,24.89,34.94
LOT000469,D,PORD000469,PRD0011,GRIND_02,116.79,22.34,3.18
LOT000469,E,PORD000469,PRD0011,ADD_02,111.6,17.96,15.12
LOT000470,A,PORD000470,PRD0008,MILL_04,70.58,20.18,6.52
LOT000470,B,PORD000470,PRD0008,LATHE_01,66.58,18.88,6.34
LOT000470,C,PORD000470,PRD0008,DRILL_03,79.09,23.9,16.94
LOT000470,D,PORD000470,PRD0008,GRIND_01,90.63,23.6,30.66
LOT000470,E,PORD000470,PRD0008,ADD_01,65.42,18.27,2.35
LOT000471,A,PORD000471,PRD0011,MILL_03,93.12,23.46,7.63
LOT000471,B,PORD000471,PRD0011,LATHE_02,78.74,15.45,1.1
LOT000471,C,PORD000471,PRD0011,DRILL_03,79.29,20.48,8.78
LOT000471,D,PORD000471,PRD0011,GRIND_01,90.12,19.44,6.79
LOT000471,E,PORD000471,PRD0011,ADD_01,86.6,21.23,12.91
LOT000472,A,PORD000472,PRD0005,MILL_01,72.03,23.08,1.21
LOT000472,B,PORD000472,PRD0005,LATHE_03,71.36,16.07,4.71
LOT000472,C,PORD000472,PRD0005,DRILL_01,67.55,19.12,0.34
LOT000472,D,PORD000472,PRD0005,GRIND_03,79.05,24.6,9.78
LOT000472,E,PORD000472,PRD0005,ADD_02,71.08,24.86,1.06
LOT000473,A,PORD000473,PRD0020,MILL_02,93.97,20.29,15.29
LOT000473,B,PORD000473,PRD0020,LATHE_01,80.51,22.92,7.42
LOT000473,C,PORD000473,PRD0020,DRILL_02,76.88,23.48,6.24
LOT000473,D,PORD000473,PRD0020,GRIND_03,94.87,24.1,18.22
LOT000473,E,PORD000473,PRD0020,ADD_02,102.44,23.55,28.18
LOT000474,A,PORD000474,PRD0002,MILL_03,68.1,19.48,4.02
LOT000474,B,PORD000474,PRD0002,LATHE_01,74.55,24.58,0.39
LOT000474,C,PORD000474,PRD0002,DRILL_03,74.32,22.52,1.97
LOT000474,D,PORD000474,PRD0002,GRIND_03,77.16,23.44,7.26
LOT000474,E,PORD000474,PRD0002,ADD_02,74.83,24.93,3.48
LOT000475,A,PORD000475,PRD0008,MILL_04,115.35,22.5,6.49
LOT000475,B,PORD000475,PRD0008,LATHE_02,98.74,15.17,1.7
LOT000475,C,PORD000475,PRD0008,DRILL_03,123.37,21.47,20.71
LOT000475,D,PORD000475,PRD0008,GRIND_02,101.42,20.62,9.72
LOT000475,E,PORD000475,PRD0008,ADD_02,139.28,16.49,27.13
LOT000476,A,PORD000476,PRD0018,MILL_01,54.41,21.71,4.69
LOT000476,B,PORD000476,PRD0018,LATHE_02,47.66,17.11,2.31
LOT000476,C,PORD000476,PRD0018,DRILL_01,54.96,19.41,7.45
LOT000476,D,PORD000476,PRD0018,GRIND_03,49.9,16.37,6.16
LOT000476,E,PORD000476,PRD0018,ADD_01,60.99,18.4,16.49
LOT000477,A,PORD000477,PRD0018,MILL_02,66.97,22.59,3.41
LOT000477,B,PORD000477,PRD0018,LATHE_04,89.34,22.73,20.02
LOT000477,C,PORD000477,PRD0018,DRILL_02,69.21,15.77,8.02
LOT000477,D,PORD000477,PRD0018,GRIND_03,74.75,23.78,8.23
LOT000477,E,PORD000477,PRD0018,ADD_01,87.52,18.28,23.08
LOT000478,A,PORD000478,PRD0002,MILL_04,99.24,18.18,7.03
LOT000478,B,PORD000478,PRD0002,LATHE_03,106.74,22.63,0.82
LOT000478,C,PORD000478,PRD0002,DRILL_01,97.91,20.87,7.75
LOT000478,D,PORD000478,PRD0002,GRIND_03,92.38,21.48,0.15
LOT000478,E,PORD000478,PRD0002,ADD_02,105.44,21.9,13.85
LOT000479,A,PORD000479,PRD0008,MILL_02,74.67,18.77,4.38
LOT000479,B,PORD000479,PRD0008,LATHE_01,74.43,21.12,0.01
LOT000479,C,PORD000479,PRD0008,DRILL_02,74.95,18.62,8.79
LOT000479,D,PORD000479,PRD0008,GRIND_01,71.1,21.64,0.38
LOT000479,E,PORD000479,PRD0008,ADD_01,91.46,23.1,12.7
LOT000480,A,PORD000480,PRD0005,MILL_03,68.45,22.14,4.91
LOT000480,B,PORD000480,PRD0005,LATHE_03,64.78,24.06,2.05
LOT000480,C,PORD000480,PRD0005,DRILL_01,60.94,18.11,8.06
LOT000480,D,PORD000480,PRD0005,GRIND_01,66.42,21.8,7.93
LOT000480,E,PORD000480,PRD0005,ADD_02,104.41,24.75,40.85
LOT000481,A,PORD000481,PRD0019,MILL_02,116.89,24.92,18.8
LOT000481,B,PORD000481,PRD0019,LATHE_02,82.42,15.05,4.4
LOT000481,C,PORD000481,PRD0019,DRILL_03,97.93,15.73,4.85
LOT000481,D,PORD000481,PRD0019,GRIND_03,93.26,19.66,2.57
LOT000481,E,PORD000481,PRD0019,ADD_01,110.11,21.15,18.34
LOT000482,A,PORD000482,PRD0011,MILL_04,65.82,22.72,13.67
LOT000482,B,PORD000482,PRD0011,LATHE_02,54.48,24.36,5.39
LOT000482,C,PORD000482,PRD0011,DRILL_01,39.42,16.13,1.05
LOT000482,D,PORD000482,PRD0011,GRIND_03,55.55,21.68,7.76
LOT000482,E,PORD000482,PRD0011,ADD_02,55.55,21.94,8.57
LOT000483,A,PORD000483,PRD0012,MILL_04,68.92,19.46,1.35
LOT000483,B,PORD000483,PRD0012,LATHE_01,76.71,16.19,9.32
LOT000483,C,PORD000483,PRD0012,DRILL_03,70.64,18.3,7.41
LOT000483,D,PORD000483,PRD0012,GRIND_03,75.14,24.45,2.16
LOT000483,E,PORD000483,PRD0012,ADD_02,80.0,19.18,11.48
LOT000484,A,PORD000484,PRD0014,MILL_01,48.82,19.27,7.91
LOT000484,B,PORD000484,PRD0014,LATHE_03,47.99,24.82,3.97
LOT000484,C,PORD000484,PRD0014,DRILL_01,50.13,24.44,3.45
LOT000484,D,PORD000484,PRD0014,GRIND_03,64.7,24.89,18.2
LOT000484,E,PORD000484,PRD0014,ADD_01,51.08,22.2,10.2
LOT000485,A,PORD000485,PRD0005,MILL_01,97.63,19.6,23.2
LOT000485,B,PORD000485,PRD0005,LATHE_01,72.37,16.4,1.61
LOT000485,C,PORD000485,PRD0005,DRILL_02,68.73,20.78,6.55
LOT000485,D,PORD000485,PRD0005,GRIND_01,105.42,24.86,33.91
LOT000485,E,PORD000485,PRD0005,ADD_02,74.9,23.31,10.39
LOT000486,A,PORD000486,PRD0013,MILL_04,76.63,18.24,5.3
LOT000486,B,PORD000486,PRD0013,LATHE_04,68.5,21.5,0.05
LOT000486,C,PORD000486,PRD0013,DRILL_02,89.02,21.56,16.32
LOT000486,D,PORD000486,PRD0013,GRIND_03,82.9,19.97,4.83
LOT000486,E,PORD000486,PRD0013,ADD_02,77.27,19.64,5.06
LOT000487,A,PORD000487,PRD0009,MILL_01,55.0,18.55,6.73
LOT000487,B,PORD000487,PRD0009,LATHE_01,60.53,24.51,1.32
LOT000487,C,PORD000487,PRD0009,DRILL_02,56.13,15.64,5.27
LOT000487,D,PORD000487,PRD0009,GRIND_03,54.81,22.48,2.6
LOT000487,E,PORD000487,PRD0009,ADD_02,55.25,17.06,6.77
LOT000488,A,PORD000488,PRD0008,MILL_02,93.27,24.61,5.9
LOT000488,B,PORD000488,PRD0008,LATHE_04,87.29,18.6,1.25
LOT000488,C,PORD000488,PRD0008,DRILL_02,89.16,20.38,6.38
LOT000488,D,PORD000488,PRD0008,GRIND_02,82.06,24.99,0.44
LOT000488,E,PORD000488,PRD0008,ADD_01,90.65,16.2,8.48
LOT000489,A,PORD000489,PRD0012,MILL_02,87.8,18.67,15.39
LOT000489,B,PORD000489,PRD0012,LATHE_01,81.61,17.65,3.54
LOT000489,C,PORD000489,PRD0012,DRILL_03,78.42,17.67,9.86
LOT000489,D,PORD000489,PRD0012,GRIND_01,88.72,20.62,9.55
LOT000489,E,PORD000489,PRD0012,ADD_02,83.93,24.79,3.98
LOT000490,A,PORD000490,PRD0004,MILL_01,50.83,17.32,0.05
LOT000490,B,PORD000490,PRD0004,LATHE_04,54.18,15.43,3.69
LOT000490,C,PORD000490,PRD0004,DRILL_02,47.95,15.15,3.01
LOT000490,D,PORD000490,PRD0004,GRIND_02,65.98,15.86,8.71
LOT000490,E,PORD000490,PRD0004,ADD_01,96.02,22.62,38.33
LOT000491,A,PORD000491,PRD0006,MILL_04,41.46,22.57,1.7
LOT000491,B,PORD000491,PRD0006,LATHE_03,37.67,18.3,2.8
LOT000491,C,PORD000491,PRD0006,DRILL_03,40.59,15.57,7.95
LOT000491,D,PORD000491,PRD0006,GRIND_02,42.53,17.2,7.39
LOT000491,E,PORD000491,PRD0006,ADD_01,47.0,20.07,8.73
LOT000492,A,PORD000492,PRD0020,MILL_02,103.21,15.94,7.33
LOT000492,B,PORD000492,PRD0020,LATHE_01,103.39,20.42,6.72
LOT000492,C,PORD000492,PRD0020,DRILL_03,109.85,18.06,7.05
LOT000492,D,PORD000492,PRD0020,GRIND_02,119.09,21.65,15.04
LOT000492,E,PORD000492,PRD0020,ADD_02,105.28,18.74,4.45
LOT000493,A,PORD000493,PRD0011,MILL_01,52.66,19.25,0.44
LOT000493,B,PORD000493,PRD0011,LATHE_03,63.77,23.96,7.32
LOT000493,C,PORD000493,PRD0011,DRILL_03,42.39,15.01,1.89
LOT000493,D,PORD000493,PRD0011,GRIND_01,51.61,18.33,4.04
LOT000493,E,PORD000493,PRD0011,ADD_01,49.87,21.62,3.83
LOT000494,A,PORD000494,PRD0005,MILL_02,31.4,21.26,3.32
LOT000494,B,PORD000494,PRD0005,LATHE_01,35.28,21.8,6.89
LOT000494,C,PORD000494,PRD0005,DRILL_01,35.76,20.25,9.92
LOT000494,D,PORD000494,PRD0005,GRIND_02,36.91,21.83,8.81
LOT000494,E,PORD000494,PRD0005,ADD_02,34.83,18.83,10.09
LOT000495,A,PORD000495,PRD0014,MILL_01,107.22,20.82,7.74
LOT000495,B,PORD000495,PRD0014,LATHE_04,84.13,18.11,1.29
LOT000495,C,PORD000495,PRD0014,DRILL_01,99.79,20.42,1.01
LOT000495,D,PORD000495,PRD0014,GRIND_01,96.61,18.81,9.07
LOT000495,E,PORD000495,PRD0014,ADD_01,99.61,17.09,14.22
LOT000496,A,PORD000496,PRD0008,MILL_02,104.62,18.91,5.0
LOT000496,B,PORD000496,PRD0008,LATHE_03,107.37,21.95,4.42
LOT000496,C,PORD000496,PRD0008,DRILL_03,105.91,19.76,3.88
LOT000496,D,PORD000496,PRD0008,GRIND_03,129.61,21.04,31.66
LOT000496,E,PORD000496,PRD0008,ADD_01,113.57,16.74,11.07
LOT000497,A,PORD000497,PRD0017,MILL_01,68.42,16.56,5.88
LOT000497,B,PORD000497,PRD0017,LATHE_04,58.48,22.23,0.77
LOT000497,C,PORD000497,PRD0017,DRILL_02,72.29,24.15,7.38
LOT000497,D,PORD000497,PRD0017,GRIND_03,57.74,20.63,0.96
LOT000497,E,PORD000497,PRD0017,ADD_02,68.94,22.22,6.18
LOT000498,A,PORD000498,PRD0010,MILL_02,77.84,17.73,0.42
LOT000498,B,PORD000498,PRD0010,LATHE_01,91.88,16.66,5.55
LOT000498,C,PORD000498,PRD0010,DRILL_01,89.72,15.48,9.42
LOT000498,D,PORD000498,PRD0010,GRIND_03,83.73,24.24,2.47
LOT000498,E,PORD000498,PRD0010,ADD_01,86.27,21.03,9.83
LOT000499,A,PORD000499,PRD0020,MILL_01,83.78,21.03,3.04
LOT000499,B,PORD000499,PRD0020,LATHE_02,79.3,22.53,6.11
LOT000499,C,PORD000499,PRD0020,DRILL_02,78.07,17.23,4.4
LOT000499,D,PORD000499,PRD0020,GRIND_02,94.75,20.21,25.99
LOT000499,E,PORD000499,PRD0020,ADD_02,82.47,17.14,3.41
LOT000500,A,PORD000500,PRD0009,MILL_04,58.82,21.15,6.69
LOT000500,B,PORD000500,PRD0009,LATHE_03,54.1,22.33,6.02
LOT000500,C,PORD000500,PRD0009,DRILL_02,61.35,16.41,14.52
LOT000500,D,PORD000500,PRD0009,GRIND_03,50.87,21.1,3.17
LOT000500,E,PORD000500,PRD0009,ADD_01,45.55,20.5,1.69
LOT000501,A,PORD000501,PRD0017,MILL_01,55.74,21.13,0.17
LOT000501,B,PORD000501,PRD0017,LATHE_03,65.51,24.26,6.63
LOT000501,C,PORD000501,PRD0017,DRILL_02,59.93,17.18,5.6
LOT000501,D,PORD000501,PRD0017,GRIND_01,54.42,17.59,2.33
LOT000501,E,PORD000501,PRD0017,ADD_01,50.72,15.83,0.45
LOT000502,A,PORD000502,PRD0001,MILL_01,83.4,23.95,0.73
LOT000502,B,PORD000502,PRD0001,LATHE_02,77.87,15.19,6.49
LOT000502,C,PORD000502,PRD0001,DRILL_03,82.82,15.54,8.37
LOT000502,D,PORD000502,PRD0001,GRIND_02,83.57,21.67,3.63
LOT000502,E,PORD000502,PRD0001,ADD_01,82.42,19.2,11.43
LOT000503,A,PORD000503,PRD0012,MILL_02,65.04,23.23,4.9
LOT000503,B,PORD000503,PRD0012,LATHE_02,60.14,19.68,1.43
LOT000503,C,PORD000503,PRD0012,DRILL_03,52.73,17.06,1.21
LOT000503,D,PORD000503,PRD0012,GRIND_03,57.84,17.5,7.99
LOT000503,E,PORD000503,PRD0012,ADD_02,66.23,19.3,7.82
LOT000504,A,PORD000504,PRD0006,MILL_02,66.71,24.55,7.62
LOT000504,B,PORD000504,PRD0006,LATHE_03,51.66,18.82,1.95
LOT000504,C,PORD000504,PRD0006,DRILL_01,63.21,21.96,8.17
LOT000504,D,PORD000504,PRD0006,GRIND_01,56.74,18.24,5.97
LOT000504,E,PORD000504,PRD0006,ADD_02,60.44,16.01,7.61
LOT000505,A,PORD000505,PRD0005,MILL_03,75.4,19.14,1.71
LOT000505,B,PORD000505,PRD0005,LATHE_04,83.29,24.33,6.12
LOT000505,C,PORD000505,PRD0005,DRILL_02,77.46,21.0,9.47
LOT000505,D,PORD000505,PRD0005,GRIND_01,84.34,19.18,6.57
LOT000505,E,PORD000505,PRD0005,ADD_02,79.29,24.6,7.84
LOT000506,A,PORD000506,PRD0019,MILL_04,87.28,16.5,2.23
LOT000506,B,PORD000506,PRD0019,LATHE_01,82.52,19.78,3.94
LOT000506,C,PORD000506,PRD0019,DRILL_03,86.32,23.77,3.34
LOT000506,D,PORD000506,PRD0019,GRIND_03,85.16,17.91,6.54
LOT000506,E,PORD000506,PRD0019,ADD_01,94.72,24.6,6.01
LOT000507,A,PORD000507,PRD0020,MILL_03,118.3,23.29,0.49
LOT000507,B,PORD000507,PRD0020,LATHE_01,114.1,15.75,15.4
LOT000507,C,PORD000507,PRD0020,DRILL_01,121.12,20.47,7.55
LOT000507,D,PORD000507,PRD0020,GRIND_01,117.61,22.95,11.8
LOT000507,E,PORD000507,PRD0020,ADD_01,154.39,18.11,38.51
LOT000508,A,PORD000508,PRD0010,MILL_03,67.23,22.15,3.4
LOT000508,B,PORD000508,PRD0010,LATHE_01,78.6,23.74,8.19
LOT000508,C,PORD000508,PRD0010,DRILL_03,71.94,23.61,9.09
LOT000508,D,PORD000508,PRD0010,GRIND_01,70.65,20.74,7.86
LOT000508,E,PORD000508,PRD0010,ADD_01,66.38,20.74,6.03
LOT000509,A,PORD000509,PRD0003,MILL_02,73.73,24.42,5.16
LOT000509,B,PORD000509,PRD0003,LATHE_01,74.25,24.39,2.87
LOT000509,C,PORD000509,PRD0003,DRILL_03,78.62,21.32,4.52
LOT000509,D,PORD000509,PRD0003,GRIND_03,67.07,20.53,2.86
LOT000509,E,PORD000509,PRD0003,ADD_01,60.71,15.57,4.28
LOT000510,A,PORD000510,PRD0015,MILL_01,98.78,21.82,0.88
LOT000510,B,PORD000510,PRD0015,LATHE_02,101.73,17.16,9.45
LOT000510,C,PORD000510,PRD0015,DRILL_02,99.66,16.19,4.44
LOT000510,D,PORD000510,PRD0015,GRIND_03,125.81,24.73,18.56
LOT000510,E,PORD000510,PRD0015,ADD_02,104.8,24.77,2.71
LOT000511,A,PORD000511,PRD0002,MILL_02,70.17,21.24,4.03
LOT000511,B,PORD000511,PRD0002,LATHE_02,65.62,16.29,5.76
LOT000511,C,PORD000511,PRD0002,DRILL_01,63.77,15.35,7.28
LOT000511,D,PORD000511,PRD0002,GRIND_03,83.49,15.93,18.6
LOT000511,E,PORD000511,PRD0002,ADD_02,76.33,24.0,4.66
LOT000512,A,PORD000512,PRD0014,MILL_02,43.8,15.75,3.07
LOT000512,B,PORD000512,PRD0014,LATHE_04,52.42,15.34,16.2
LOT000512,C,PORD000512,PRD0014,DRILL_02,46.68,22.9,1.94
LOT000512,D,PORD000512,PRD0014,GRIND_02,60.64,24.81,14.02
LOT000512,E,PORD000512,PRD0014,ADD_01,41.94,17.16,6.22
LOT000513,A,PORD000513,PRD0009,MILL_02,124.68,19.14,17.9
LOT000513,B,PORD000513,PRD0009,LATHE_03,102.24,20.6,1.94
LOT000513,C,PORD000513,PRD0009,DRILL_02,98.95,17.01,2.55
LOT000513,D,PORD000513,PRD0009,GRIND_01,93.8,19.76,3.23
LOT000513,E,PORD000513,PRD0009,ADD_01,107.26,20.37,9.52
LOT000514,A,PORD000514,PRD0011,MILL_01,99.85,24.54,3.41
LOT000514,B,PORD000514,PRD0011,LATHE_03,93.14,23.34,5.27
LOT000514,C,PORD000514,PRD0011,DRILL_01,99.43,19.07,24.48
LOT000514,D,PORD000514,PRD0011,GRIND_03,91.0,18.85,5.77
LOT000514,E,PORD000514,PRD0011,ADD_02,90.82,17.88,14.61
LOT000515,A,PORD000515,PRD0018,MILL_04,82.39,20.07,4.24
LOT000515,B,PORD000515,PRD0018,LATHE_02,96.15,20.44,18.63
LOT000515,C,PORD000515,PRD0018,DRILL_02,75.83,21.93,3.56
LOT000515,D,PORD000515,PRD0018,GRIND_02,73.58,19.84,2.27
LOT000515,E,PORD000515,PRD0018,ADD_01,75.15,15.99,8.95
LOT000516,A,PORD000516,PRD0014,MILL_04,89.83,16.7,7.25
LOT000516,B,PORD000516,PRD0014,LATHE_01,78.32,17.15,8.89
LOT000516,C,PORD000516,PRD0014,DRILL_02,88.22,18.01,7.74
LOT000516,D,PORD000516,PRD0014,GRIND_02,97.19,23.36,8.02
LOT000516,E,PORD000516,PRD0014,ADD_01,71.11,17.23,1.37
LOT000517,A,PORD000517,PRD0016,MILL_04,91.68,21.55,7.46
LOT000517,B,PORD000517,PRD0016,LATHE_03,72.47,15.66,0.84
LOT000517,C,PORD000517,PRD0016,DRILL_02,108.81,23.67,9.25
LOT000517,D,PORD000517,PRD0016,GRIND_02,90.68,20.74,2.63
LOT000517,E,PORD000517,PRD0016,ADD_02,102.47,24.38,13.28
LOT000518,A,PORD000518,PRD0007,MILL_01,122.1,18.41,19.84
LOT000518,B,PORD000518,PRD0007,LATHE_02,120.37,24.44,5.73
LOT000518,C,PORD000518,PRD0007,DRILL_03,107.93,23.16,4.34
LOT000518,D,PORD000518,PRD0007,GRIND_02,120.96,15.62,1.24
LOT000518,E,PORD000518,PRD0007,ADD_02,115.08,22.03,11.38
LOT000519,A,PORD000519,PRD0017,MILL_02,72.28,16.89,5.54
LOT000519,B,PORD000519,PRD0017,LATHE_03,72.62,23.33,6.32
LOT000519,C,PORD000519,PRD0017,DRILL_02,72.3,22.57,2.97
LOT000519,D,PORD000519,PRD0017,GRIND_02,75.29,18.51,8.68
LOT000519,E,PORD000519,PRD0017,ADD_01,85.97,23.49,14.03
LOT000520,A,PORD000520,PRD0015,MILL_03,71.1,18.06,3.18
LOT000520,B,PORD000520,PRD0015,LATHE_01,88.5,23.5,16.64
LOT000520,C,PORD000520,PRD0015,DRILL_01,73.4,18.56,1.0
LOT000520,D,PORD000520,PRD0015,GRIND_03,98.41,20.05,25.7
LOT000520,E,PORD000520,PRD0015,ADD_01,79.88,24.04,3.25
LOT000521,A,PORD000521,PRD0016,MILL_02,40.66,23.4,3.42
LOT000521,B,PORD000521,PRD0016,LATHE_02,37.93,23.71,3.1
LOT000521,C,PORD000521,PRD0016,DRILL_03,39.7,17.51,8.5
LOT000521,D,PORD000521,PRD0016,GRIND_02,43.24,23.27,6.75
LOT000521,E,PORD000521,PRD0016,ADD_01,43.17,17.72,11.01
LOT000522,A,PORD000522,PRD0019,MILL_02,71.58,18.38,2.71
LOT000522,B,PORD000522,PRD0019,LATHE_01,67.48,16.7,3.87
LOT000522,C,PORD000522,PRD0019,DRILL_03,68.93,18.39,2.11
LOT000522,D,PORD000522,PRD0019,GRIND_03,68.5,18.47,1.86
LOT000522,E,PORD000522,PRD0019,ADD_01,70.42,16.95,4.32
LOT000523,A,PORD000523,PRD0003,MILL_03,65.15,21.01,2.54
LOT000523,B,PORD000523,PRD0003,LATHE_04,72.35,16.43,10.97
LOT000523,C,PORD000523,PRD0003,DRILL_01,79.43,21.21,5.58
LOT000523,D,PORD000523,PRD0003,GRIND_01,65.26,19.05,2.34
LOT000523,E,PORD000523,PRD0003,ADD_02,66.86,23.24,0.94
LOT000524,A,PORD000524,PRD0008,MILL_03,58.88,22.27,0.74
LOT000524,B,PORD000524,PRD0008,LATHE_04,67.63,21.78,11.99
LOT000524,C,PORD000524,PRD0008,DRILL_02,80.14,24.27,22.82
LOT000524,D,PORD000524,PRD0008,GRIND_01,51.16,16.87,5.0
LOT000524,E,PORD000524,PRD0008,ADD_02,65.04,16.26,10.98
LOT000525,A,PORD000525,PRD0010,MILL_02,98.2,21.59,3.95
LOT000525,B,PORD000525,PRD0010,LATHE_02,108.72,23.32,5.44
LOT000525,C,PORD000525,PRD0010,DRILL_02,109.21,23.63,7.44
LOT000525,D,PORD000525,PRD0010,GRIND_01,95.12,24.21,2.48
LOT000525,E,PORD000525,PRD0010,ADD_02,93.15,18.08,8.48
LOT000526,A,PORD000526,PRD0019,MILL_04,36.97,16.98,5.34
LOT000526,B,PORD000526,PRD0019,LATHE_03,37.41,23.68,0.16
LOT000526,C,PORD000526,PRD0019,DRILL_01,56.4,24.97,17.43
LOT000526,D,PORD000526,PRD0019,GRIND_01,44.18,19.06,10.8
LOT000526,E,PORD000526,PRD0019,ADD_02,43.71,16.64,12.19
LOT000527,A,PORD000527,PRD0004,MILL_04,84.32,17.33,1.43
LOT000527,B,PORD000527,PRD0004,LATHE_03,88.18,22.64,1.29
LOT000527,C,PORD000527,PRD0004,DRILL_02,92.01,19.94,8.72
LOT000527,D,PORD000527,PRD0004,GRIND_02,90.01,21.27,0.64
LOT000527,E,PORD000527,PRD0004,ADD_02,125.48,20.54,36.72
LOT000528,A,PORD000528,PRD0017,MILL_04,117.4,15.46,7.9
LOT000528,B,PORD000528,PRD0017,LATHE_04,111.92,21.87,4.52
LOT000528,C,PORD000528,PRD0017,DRILL_01,112.61,23.83,8.4
LOT000528,D,PORD000528,PRD0017,GRIND_02,100.16,22.88,2.06
LOT000528,E,PORD000528,PRD0017,ADD_01,143.27,15.78,41.37
LOT000529,A,PORD000529,PRD0015,MILL_04,92.95,22.15,6.17
LOT000529,B,PORD000529,PRD0015,LATHE_02,98.13,17.62,0.86
LOT000529,C,PORD000529,PRD0015,DRILL_01,100.54,17.76,2.02
LOT000529,D,PORD000529,PRD0015,GRIND_02,98.09,17.95,3.94
LOT000529,E,PORD000529,PRD0015,ADD_01,105.79,24.13,3.41
LOT000530,A,PORD000530,PRD0018,MILL_03,67.24,23.31,6.28
LOT000530,B,PORD000530,PRD0018,LATHE_03,58.66,19.94,0.52
LOT000530,C,PORD000530,PRD0018,DRILL_03,72.97,16.12,17.01
LOT000530,D,PORD000530,PRD0018,GRIND_01,56.56,15.65,3.22
LOT000530,E,PORD000530,PRD0018,ADD_02,59.26,20.3,3.52
LOT000531,A,PORD000531,PRD0014,MILL_01,55.12,16.9,17.73
LOT000531,B,PORD000531,PRD0014,LATHE_02,44.83,21.95,4.93
LOT000531,C,PORD000531,PRD0014,DRILL_01,52.38,24.92,6.83
LOT000531,D,PORD000531,PRD0014,GRIND_03,53.79,24.45,6.62
LOT000531,E,PORD000531,PRD0014,ADD_01,53.78,22.12,13.92
LOT000532,A,PORD000532,PRD0015,MILL_03,35.98,17.26,1.31
LOT000532,B,PORD000532,PRD0015,LATHE_02,48.87,20.54,7.44
LOT000532,C,PORD000532,PRD0015,DRILL_03,54.08,20.93,9.46
LOT000532,D,PORD000532,PRD0015,GRIND_01,40.0,17.07,1.24
LOT000532,E,PORD000532,PRD0015,ADD_01,42.74,17.57,6.17
LOT000533,A,PORD000533,PRD0006,MILL_04,84.28,16.22,9.01
LOT000533,B,PORD000533,PRD0006,LATHE_02,83.95,24.15,3.15
LOT000533,C,PORD000533,PRD0006,DRILL_03,93.88,16.87,19.76
LOT000533,D,PORD000533,PRD0006,GRIND_03,85.08,18.04,8.74
LOT000533,E,PORD000533,PRD0006,ADD_01,116.94,21.62,36.52
LOT000534,A,PORD000534,PRD0001,MILL_02,88.93,16.02,4.31
LOT000534,B,PORD000534,PRD0001,LATHE_03,87.34,23.97,1.13
LOT000534,C,PORD000534,PRD0001,DRILL_03,84.39,15.91,0.64
LOT000534,D,PORD000534,PRD0001,GRIND_02,96.38,18.16,8.14
LOT000534,E,PORD000534,PRD0001,ADD_01,115.39,19.56,40.51
LOT000535,A,PORD000535,PRD0019,MILL_03,47.38,21.56,0.8
LOT000535,B,PORD000535,PRD0019,LATHE_02,41.77,21.72,1.07
LOT000535,C,PORD000535,PRD0019,DRILL_02,53.2,24.72,4.05
LOT000535,D,PORD000535,PRD0019,GRIND_03,68.26,15.29,30.54
LOT000535,E,PORD000535,PRD0019,ADD_01,53.29,23.79,6.16
LOT000536,A,PORD000536,PRD0004,MILL_03,87.75,15.57,4.56
LOT000536,B,PORD000536,PRD0004,LATHE_02,92.01,19.92,1.18
LOT000536,C,PORD000536,PRD0004,DRILL_03,93.4,17.47,8.86
LOT000536,D,PORD000536,PRD0004,GRIND_03,110.1,18.26,4.89
LOT000536,E,PORD000536,PRD0004,ADD_02,102.56,24.9,3.79
LOT000537,A,PORD000537,PRD0017,MILL_02,93.72,19.54,3.98
LOT000537,B,PORD000537,PRD0017,LATHE_04,91.39,23.72,4.48
LOT000537,C,PORD000537,PRD0017,DRILL_03,106.6,21.61,8.48
LOT000537,D,PORD000537,PRD0017,GRIND_02,88.22,17.65,6.74
LOT000537,E,PORD000537,PRD0017,ADD_02,101.83,21.45,9.66
LOT000538,A,PORD000538,PRD0002,MILL_04,65.4,19.99,7.75
LOT000538,B,PORD000538,PRD0002,LATHE_01,69.14,15.01,4.73
LOT000538,C,PORD000538,PRD0002,DRILL_01,70.88,22.23,3.19
LOT000538,D,PORD000538,PRD0002,GRIND_03,68.34,17.5,6.88
LOT000538,E,PORD000538,PRD0002,ADD_01,67.57,20.39,1.08
LOT000539,A,PORD000539,PRD0014,MILL_01,67.62,15.56,16.19
LOT000539,B,PORD000539,PRD0014,LATHE_02,58.77,23.44,6.32
LOT000539,C,PORD000539,PRD0014,DRILL_01,62.45,19.67,8.63
LOT000539,D,PORD000539,PRD0014,GRIND_01,61.03,22.63,6.31
LOT000539,E,PORD000539,PRD0014,ADD_02,60.95,23.09,5.84
LOT000540,A,PORD000540,PRD0011,MILL_04,88.5,22.42,3.8
LOT000540,B,PORD000540,PRD0011,LATHE_03,112.31,23.9,16.4
LOT000540,C,PORD000540,PRD0011,DRILL_03,73.11,16.51,1.22
LOT000540,D,PORD000540,PRD0011,GRIND_02,97.0,18.17,9.06
LOT000540,E,PORD000540,PRD0011,ADD_02,77.5,19.65,3.32
LOT000541,A,PORD000541,PRD0004,MILL_04,29.7,22.21,0.8
LOT000541,B,PORD000541,PRD0004,LATHE_02,36.14,24.57,5.79
LOT000541,C,PORD000541,PRD0004,DRILL_03,37.64,23.28,8.71
LOT000541,D,PORD000541,PRD0004,GRIND_01,37.1,20.5,9.38
LOT000541,E,PORD000541,PRD0004,ADD_02,42.27,24.93,10.95
LOT000542,A,PORD000542,PRD0018,MILL_04,87.11,21.76,2.55
LOT000542,B,PORD000542,PRD0018,LATHE_02,86.26,18.28,1.47
LOT000542,C,PORD000542,PRD0018,DRILL_01,101.25,22.75,13.54
LOT000542,D,PORD000542,PRD0018,GRIND_02,100.01,19.9,5.92
LOT000542,E,PORD000542,PRD0018,ADD_01,94.54,18.89,13.41
LOT000543,A,PORD000543,PRD0001,MILL_01,114.98,21.97,8.23
LOT000543,B,PORD000543,PRD0001,LATHE_02,115.95,22.69,6.55
LOT000543,C,PORD000543,PRD0001,DRILL_03,114.41,22.42,2.51
LOT000543,D,PORD000543,PRD0001,GRIND_01,148.44,22.62,31.3
LOT000543,E,PORD000543,PRD0001,ADD_02,140.51,22.46,32.85
LOT000544,A,PORD000544,PRD0016,MILL_03,31.94,19.74,1.02
LOT000544,B,PORD000544,PRD0016,LATHE_01,32.77,19.32,2.18
LOT000544,C,PORD000544,PRD0016,DRILL_02,35.54,18.13,5.89
LOT000544,D,PORD000544,PRD0016,GRIND_02,58.65,16.83,31.06
LOT000544,E,PORD000544,PRD0016,ADD_02,45.13,24.74,8.98
LOT000545,A,PORD000545,PRD0014,MILL_01,147.65,19.31,0.82
LOT000545,B,PORD000545,PRD0014,LATHE_04,130.62,22.37,4.1
LOT000545,C,PORD000545,PRD0014,DRILL_03,146.6,19.26,6.99
LOT000545,D,PORD000545,PRD0014,GRIND_03,156.19,16.46,5.83
LOT000545,E,PORD000545,PRD0014,ADD_01,127.16,21.01,3.16
LOT000546,A,PORD000546,PRD0002,MILL_04,85.22,19.08,2.38
LOT000546,B,PORD000546,PRD0002,LATHE_04,88.95,17.54,4.0
LOT000546,C,PORD000546,PRD0002,DRILL_03,96.27,21.18,7.82
LOT000546,D,PORD000546,PRD0002,GRIND_01,92.15,21.54,2.29
LOT000546,E,PORD000546,PRD0002,ADD_01,104.72,18.46,14.27
LOT000547,A,PORD000547,PRD0012,MILL_01,115.47,22.11,3.65
LOT000547,B,PORD000547,PRD0012,LATHE_04,126.62,21.83,6.72
LOT000547,C,PORD000547,PRD0012,DRILL_02,117.33,22.61,3.72
LOT000547,D,PORD000547,PRD0012,GRIND_02,126.99,16.23,8.14
LOT000547,E,PORD000547,PRD0012,ADD_01,131.55,22.02,7.83
LOT000548,A,PORD000548,PRD0019,MILL_02,81.24,17.31,1.11
LOT000548,B,PORD000548,PRD0019,LATHE_04,74.86,16.09,6.07
LOT000548,C,PORD000548,PRD0019,DRILL_01,82.06,24.25,1.73
LOT000548,D,PORD000548,PRD0019,GRIND_01,87.24,22.46,4.16
LOT000548,E,PORD000548,PRD0019,ADD_01,85.03,15.36,8.87
LOT000549,A,PORD000549,PRD0016,MILL_03,98.0,23.73,4.96
LOT000549,B,PORD000549,PRD0016,LATHE_01,86.94,23.62,2.23
LOT000549,C,PORD000549,PRD0016,DRILL_01,104.99,21.52,0.23
LOT000549,D,PORD000549,PRD0016,GRIND_02,128.23,20.32,34.94
LOT000549,E,PORD000549,PRD0016,ADD_02,99.31,16.17,1.12
LOT000550,A,PORD000550,PRD0019,MILL_01,60.51,21.47,2.19
LOT000550,B,PORD000550,PRD0019,LATHE_01,58.57,24.75,3.57
LOT000550,C,PORD000550,PRD0019,DRILL_03,63.5,24.31,5.2
LOT000550,D,PORD000550,PRD0019,GRIND_03,59.6,18.38,7.6
LOT000550,E,PORD000550,PRD0019,ADD_02,55.73,21.0,0.14
LOT000551,A,PORD000551,PRD0010,MILL_04,65.54,20.5,5.46
LOT000551,B,PORD000551,PRD0010,LATHE_04,55.69,16.19,0.62
LOT000551,C,PORD000551,PRD0010,DRILL_03,53.96,17.68,3.55
LOT000551,D,PORD000551,PRD0010,GRIND_02,59.08,19.98,7.5
LOT000551,E,PORD000551,PRD0010,ADD_01,51.17,17.69,3.03
LOT000552,A,PORD000552,PRD0013,MILL_04,78.41,24.82,7.29
LOT000552,B,PORD000552,PRD0013,LATHE_02,70.3,18.37,4.59
LOT000552,C,PORD000552,PRD0013,DRILL_03,78.86,24.65,8.19
LOT000552,D,PORD000552,PRD0013,GRIND_01,76.04,20.92,4.94
LOT000552,E,PORD000552,PRD0013,ADD_02,62.54,15.16,1.49
LOT000553,A,PORD000553,PRD0019,MILL_01,78.65,22.68,3.27
LOT000553,B,PORD000553,PRD0019,LATHE_01,72.98,19.49,4.42
LOT000553,C,PORD000553,PRD0019,DRILL_01,66.65,16.9,0.78
LOT000553,D,PORD000553,PRD0019,GRIND_03,70.06,21.72,2.65
LOT000553,E,PORD000553,PRD0019,ADD_01,86.5,20.89,12.71
LOT000554,A,PORD000554,PRD0017,MILL_02,98.98,23.41,7.13
LOT000554,B,PORD000554,PRD0017,LATHE_03,107.3,22.55,24.39
LOT000554,C,PORD000554,PRD0017,DRILL_01,82.59,17.11,1.8
LOT000554,D,PORD000554,PRD0017,GRIND_01,78.19,15.0,3.3
LOT000554,E,PORD000554,PRD0017,ADD_02,86.82,18.26,2.81
LOT000555,A,PORD000555,PRD0015,MILL_04,87.49,16.09,0.33
LOT000555,B,PORD000555,PRD0015,LATHE_01,113.16,19.2,19.81
LOT000555,C,PORD000555,PRD0015,DRILL_01,116.6,24.75,8.95
LOT000555,D,PORD000555,PRD0015,GRIND_02,93.65,17.9,7.83
LOT000555,E,PORD000555,PRD0015,ADD_01,88.54,17.89,2.79
LOT000556,A,PORD000556,PRD0011,MILL_01,55.54,16.87,2.26
LOT000556,B,PORD000556,PRD0011,LATHE_02,51.79,15.71,1.4
LOT000556,C,PORD000556,PRD0011,DRILL_03,56.32,18.71,3.56
LOT000556,D,PORD000556,PRD0011,GRIND_03,63.27,21.91,6.57
LOT000556,E,PORD000556,PRD0011,ADD_01,57.79,20.21,3.73
LOT000557,A,PORD000557,PRD0013,MILL_02,56.21,21.87,2.8
LOT000557,B,PORD000557,PRD0013,LATHE_02,51.08,17.24,4.17
LOT000557,C,PORD000557,PRD0013,DRILL_03,50.31,17.89,1.57
LOT000557,D,PORD000557,PRD0013,GRIND_01,55.39,17.48,7.7
LOT000557,E,PORD000557,PRD0013,ADD_01,63.16,23.81,12.91
LOT000558,A,PORD000558,PRD0020,MILL_01,57.11,22.13,3.97
LOT000558,B,PORD000558,PRD0020,LATHE_03,41.29,15.14,1.06
LOT000558,C,PORD000558,PRD0020,DRILL_03,62.49,21.73,9.32
LOT000558,D,PORD000558,PRD0020,GRIND_01,52.23,20.21,0.4
LOT000558,E,PORD000558,PRD0020,ADD_02,75.57,18.15,25.42
LOT000559,A,PORD000559,PRD0007,MILL_01,61.79,23.67,1.03
LOT000559,B,PORD000559,PRD0007,LATHE_04,59.47,23.13,0.56
LOT000559,C,PORD000559,PRD0007,DRILL_02,55.9,17.34,2.22
LOT000559,D,PORD000559,PRD0007,GRIND_02,69.35,24.77,3.55
LOT000559,E,PORD000559,PRD0007,ADD_01,74.65,23.65,15.71
LOT000560,A,PORD000560,PRD0011,MILL_02,112.12,23.81,16.92
LOT000560,B,PORD000560,PRD0011,LATHE_03,99.17,16.57,3.91
LOT000560,C,PORD000560,PRD0011,DRILL_03,92.25,19.42,5.22
LOT000560,D,PORD000560,PRD0011,GRIND_03,100.34,21.9,7.05
LOT000560,E,PORD000560,PRD0011,ADD_01,106.5,22.05,13.42
LOT000561,A,PORD000561,PRD0019,MILL_04,60.53,23.83,1.67
LOT000561,B,PORD000561,PRD0019,LATHE_02,46.02,19.33,0.78
LOT000561,C,PORD000561,PRD0019,DRILL_03,55.4,16.75,4.25
LOT000561,D,PORD000561,PRD0019,GRIND_02,59.33,19.8,8.17
LOT000561,E,PORD000561,PRD0019,ADD_02,65.57,23.0,12.48
LOT000562,A,PORD000562,PRD0008,MILL_04,86.87,19.73,5.84
LOT000562,B,PORD000562,PRD0008,LATHE_03,85.56,23.35,3.64
LOT000562,C,PORD000562,PRD0008,DRILL_02,94.25,22.7,6.99
LOT000562,D,PORD000562,PRD0008,GRIND_02,83.11,16.87,7.98
LOT000562,E,PORD000562,PRD0008,ADD_02,93.76,24.5,2.09
LOT000563,A,PORD000563,PRD0002,MILL_01,65.57,22.78,6.14
LOT000563,B,PORD000563,PRD0002,LATHE_03,62.27,18.74,0.58
LOT000563,C,PORD000563,PRD0002,DRILL_01,61.89,15.04,7.05
LOT000563,D,PORD000563,PRD0002,GRIND_02,64.75,16.22,4.34
LOT000563,E,PORD000563,PRD0002,ADD_02,61.39,16.46,3.07
LOT000564,A,PORD000564,PRD0012,MILL_01,78.74,20.64,5.79
LOT000564,B,PORD000564,PRD0012,LATHE_02,78.28,16.27,7.02
LOT000564,C,PORD000564,PRD0012,DRILL_01,101.64,23.1,19.25
LOT000564,D,PORD000564,PRD0012,GRIND_02,84.06,23.87,3.72
LOT000564,E,PORD000564,PRD0012,ADD_01,90.18,20.39,11.11
LOT000565,A,PORD000565,PRD0001,MILL_04,76.76,19.58,1.46
LOT000565,B,PORD000565,PRD0001,LATHE_03,85.57,22.1,4.7
LOT000565,C,PORD000565,PRD0001,DRILL_03,99.13,23.45,7.71
LOT000565,D,PORD000565,PRD0001,GRIND_03,78.62,15.56,2.59
LOT000565,E,PORD000565,PRD0001,ADD_02,95.83,23.76,14.28
LOT000566,A,PORD000566,PRD0016,MILL_04,86.34,24.44,2.06
LOT000566,B,PORD000566,PRD0016,LATHE_03,85.95,24.62,7.0
LOT000566,C,PORD000566,PRD0016,DRILL_01,115.25,20.23,30.63
LOT000566,D,PORD000566,PRD0016,GRIND_03,78.05,19.55,1.86
LOT000566,E,PORD000566,PRD0016,ADD_02,94.25,17.98,12.44
LOT000567,A,PORD000567,PRD0011,MILL_02,77.35,22.76,4.57
LOT000567,B,PORD000567,PRD0011,LATHE_04,77.1,20.04,7.41
LOT000567,C,PORD000567,PRD0011,DRILL_03,64.07,15.52,4.3
LOT000567,D,PORD000567,PRD0011,GRIND_02,70.73,17.07,4.32
LOT000567,E,PORD000567,PRD0011,ADD_01,81.31,23.06,8.32
LOT000568,A,PORD000568,PRD0020,MILL_03,85.95,19.43,4.36
LOT000568,B,PORD000568,PRD0020,LATHE_01,91.26,24.69,7.61
LOT000568,C,PORD000568,PRD0020,DRILL_01,79.38,19.93,1.83
LOT000568,D,PORD000568,PRD0020,GRIND_01,84.8,15.4,0.88
LOT000568,E,PORD000568,PRD0020,ADD_02,91.54,19.55,9.43
LOT000569,A,PORD000569,PRD0011,MILL_03,66.97,18.4,3.4
LOT000569,B,PORD000569,PRD0011,LATHE_02,78.29,19.59,7.88
LOT000569,C,PORD000569,PRD0011,DRILL_03,65.21,16.68,5.03
LOT000569,D,PORD000569,PRD0011,GRIND_03,72.4,24.71,3.72
LOT000569,E,PORD000569,PRD0011,ADD_01,76.75,21.35,15.0
LOT000570,A,PORD000570,PRD0009,MILL_02,123.22,15.4,13.79
LOT000570,B,PORD000570,PRD0009,LATHE_03,129.59,24.22,6.13
LOT000570,C,PORD000570,PRD0009,DRILL_02,117.62,20.44,6.92
LOT000570,D,PORD000570,PRD0009,GRIND_02,108.13,24.73,2.13
LOT000570,E,PORD000570,PRD0009,ADD_02,123.6,18.8,10.08
LOT000571,A,PORD000571,PRD0009,MILL_04,67.71,22.46,0.58
LOT000571,B,PORD000571,PRD0009,LATHE_01,84.94,21.77,18.85
LOT000571,C,PORD000571,PRD0009,DRILL_03,60.26,18.31,0.55
LOT000571,D,PORD000571,PRD0009,GRIND_01,80.79,19.68,19.04
LOT000571,E,PORD000571,PRD0009,ADD_01,55.89,18.22,2.7
LOT000572,A,PORD000572,PRD0020,MILL_04,55.76,16.7,3.77
LOT000572,B,PORD000572,PRD0020,LATHE_04,45.07,15.13,2.47
LOT000572,C,PORD000572,PRD0020,DRILL_01,53.71,19.96,4.0
LOT000572,D,PORD000572,PRD0020,GRIND_02,54.47,22.02,4.4
LOT000572,E,PORD000572,PRD0020,ADD_02,55.79,19.88,2.27
LOT000573,A,PORD000573,PRD0013,MILL_01,51.21,21.54,3.78
LOT000573,B,PORD000573,PRD0013,LATHE_02,46.97,18.54,4.8
LOT000573,C,PORD000573,PRD0013,DRILL_03,51.33,18.08,7.61
LOT000573,D,PORD000573,PRD0013,GRIND_02,49.42,20.71,5.52
LOT000573,E,PORD000573,PRD0013,ADD_02,39.52,15.42,0.93
LOT000574,A,PORD000574,PRD0009,MILL_02,104.25,16.87,5.44
LOT000574,B,PORD000574,PRD0009,LATHE_01,111.75,19.12,7.53
LOT000574,C,PORD000574,PRD0009,DRILL_02,100.77,18.42,1.43
LOT000574,D,PORD000574,PRD0009,GRIND_01,92.19,16.41,4.82
LOT000574,E,PORD000574,PRD0009,ADD_01,132.46,21.4,41.38
LOT000575,A,PORD000575,PRD0014,MILL_01,110.26,22.34,21.93
LOT000575,B,PORD000575,PRD0014,LATHE_03,79.94,21.58,0.93
LOT000575,C,PORD000575,PRD0014,DRILL_02,83.78,16.02,8.6
LOT000575,D,PORD000575,PRD0014,GRIND_01,119.6,22.68,29.47
LOT000575,E,PORD000575,PRD0014,ADD_01,78.44,20.79,0.13
LOT000576,A,PORD000576,PRD0012,MILL_04,58.43,20.36,12.28
LOT000576,B,PORD000576,PRD0012,LATHE_04,57.01,23.98,4.7
LOT000576,C,PORD000576,PRD0012,DRILL_01,53.75,23.89,5.16
LOT000576,D,PORD000576,PRD0012,GRIND_01,43.93,15.45,3.14
LOT000576,E,PORD000576,PRD0012,ADD_01,51.52,16.91,9.04
LOT000577,A,PORD000577,PRD0007,MILL_02,65.29,22.52,2.14
LOT000577,B,PORD000577,PRD0007,LATHE_02,73.82,22.87,7.05
LOT000577,C,PORD000577,PRD0007,DRILL_02,68.49,20.46,5.42
LOT000577,D,PORD000577,PRD0007,GRIND_03,68.14,23.99,0.29
LOT000577,E,PORD000577,PRD0007,ADD_01,103.06,17.17,40.25
LOT000578,A,PORD000578,PRD0012,MILL_01,88.02,19.9,1.36
LOT000578,B,PORD000578,PRD0012,LATHE_04,104.21,21.49,3.99
LOT000578,C,PORD000578,PRD0012,DRILL_01,87.63,22.92,0.37
LOT000578,D,PORD000578,PRD0012,GRIND_02,92.74,22.8,4.04
LOT000578,E,PORD000578,PRD0012,ADD_02,102.34,22.17,11.84
LOT000579,A,PORD000579,PRD0011,MILL_02,95.11,24.58,3.14
LOT000579,B,PORD000579,PRD0011,LATHE_03,79.07,16.93,1.05
LOT000579,C,PORD000579,PRD0011,DRILL_02,86.17,24.22,5.73
LOT000579,D,PORD000579,PRD0011,GRIND_01,104.84,20.74,22.65
LOT000579,E,PORD000579,PRD0011,ADD_01,89.04,18.99,14.5
LOT000580,A,PORD000580,PRD0013,MILL_04,70.4,18.07,1.07
LOT000580,B,PORD000580,PRD0013,LATHE_04,77.44,24.57,3.19
LOT000580,C,PORD000580,PRD0013,DRILL_02,70.11,18.72,2.74
LOT000580,D,PORD000580,PRD0013,GRIND_01,106.67,20.2,33.31
LOT000580,E,PORD000580,PRD0013,ADD_02,70.73,24.64,2.27
LOT000581,A,PORD000581,PRD0005,MILL_01,69.81,20.94,3.42
LOT000581,B,PORD000581,PRD0005,LATHE_04,101.86,24.2,24.19
LOT000581,C,PORD000581,PRD0005,DRILL_03,70.29,19.1,8.73
LOT000581,D,PORD000581,PRD0005,GRIND_02,70.86,16.41,7.61
LOT000581,E,PORD000581,PRD0005,ADD_01,78.03,20.71,15.52
LOT000582,A,PORD000582,PRD0005,MILL_03,104.31,20.08,5.7
LOT000582,B,PORD000582,PRD0005,LATHE_04,120.41,23.59,16.03
LOT000582,C,PORD000582,PRD0005,DRILL_02,105.39,24.78,6.59
LOT000582,D,PORD000582,PRD0005,GRIND_01,132.32,23.96,31.99
LOT000582,E,PORD000582,PRD0005,ADD_01,129.2,18.86,41.69
LOT000583,A,PORD000583,PRD0011,MILL_04,84.56,21.3,1.69
LOT000583,B,PORD000583,PRD0011,LATHE_03,86.2,24.74,7.28
LOT000583,C,PORD000583,PRD0011,DRILL_01,83.1,23.09,13.52
LOT000583,D,PORD000583,PRD0011,GRIND_01,70.78,15.38,1.31
LOT000583,E,PORD000583,PRD0011,ADD_02,72.15,17.55,7.52
LOT000584,A,PORD000584,PRD0008,MILL_03,104.05,24.06,6.03
LOT000584,B,PORD000584,PRD0008,LATHE_04,95.03,18.35,2.46
LOT000584,C,PORD000584,PRD0008,DRILL_02,100.09,16.32,6.92
LOT000584,D,PORD000584,PRD0008,GRIND_01,97.2,24.31,6.7
LOT000584,E,PORD000584,PRD0008,ADD_02,112.06,22.02,6.27
LOT000585,A,PORD000585,PRD0002,MILL_04,52.1,17.3,6.39
LOT000585,B,PORD000585,PRD0002,LATHE_01,50.63,18.16,4.75
LOT000585,C,PORD000585,PRD0002,DRILL_01,52.48,22.3,1.96
LOT000585,D,PORD000585,PRD0002,GRIND_02,57.13,21.46,4.17
LOT000585,E,PORD000585,PRD0002,ADD_01,50.13,17.85,1.85
LOT000586,A,PORD000586,PRD0018,MILL_04,71.14,24.24,2.53
LOT000586,B,PORD000586,PRD0018,LATHE_03,63.93,16.94,3.07
LOT000586,C,PORD000586,PRD0018,DRILL_01,59.01,16.99,4.13
LOT000586,D,PORD000586,PRD0018,GRIND_01,73.06,23.19,5.79
LOT000586,E,PORD000586,PRD0018,ADD_02,72.19,19.94,13.03
LOT000587,A,PORD000587,PRD0020,MILL_04,74.94,15.93,0.6
LOT000587,B,PORD000587,PRD0020,LATHE_02,80.36,18.96,7.35
LOT000587,C,PORD000587,PRD0020,DRILL_01,79.53,18.48,6.52
LOT000587,D,PORD000587,PRD0020,GRIND_02,74.02,19.53,0.33
LOT000587,E,PORD000587,PRD0020,ADD_02,100.71,24.43,13.85
LOT000588,A,PORD000588,PRD0020,MILL_01,99.0,22.81,5.89
LOT000588,B,PORD000588,PRD0020,LATHE_04,79.3,20.89,0.53
LOT000588,C,PORD000588,PRD0020,DRILL_01,80.33,15.18,2.29
LOT000588,D,PORD000588,PRD0020,GRIND_03,84.89,16.27,5.61
LOT000588,E,PORD000588,PRD0020,ADD_01,135.22,21.52,40.0
LOT000589,A,PORD000589,PRD0016,MILL_04,77.02,16.24,1.1
LOT000589,B,PORD000589,PRD0016,LATHE_01,72.65,20.12,3.35
LOT000589,C,PORD000589,PRD0016,DRILL_02,78.57,16.5,3.32
LOT000589,D,PORD000589,PRD0016,GRIND_03,81.36,23.89,6.08
LOT000589,E,PORD000589,PRD0016,ADD_02,92.93,20.36,14.08
LOT000590,A,PORD000590,PRD0005,MILL_02,118.71,19.32,3.29
LOT000590,B,PORD000590,PRD0005,LATHE_01,123.32,23.88,5.83
LOT000590,C,PORD000590,PRD0005,DRILL_02,119.45,21.38,19.02
LOT000590,D,PORD000590,PRD0005,GRIND_02,115.36,17.59,9.9
LOT000590,E,PORD000590,PRD0005,ADD_01,116.0,23.42,4.74
LOT000591,A,PORD000591,PRD0008,MILL_01,45.8,22.58,1.42
LOT000591,B,PORD000591,PRD0008,LATHE_02,48.14,18.96,6.9
LOT000591,C,PORD000591,PRD0008,DRILL_02,42.6,16.86,2.58
LOT000591,D,PORD000591,PRD0008,GRIND_01,53.72,24.58,6.04
LOT000591,E,PORD000591,PRD0008,ADD_02,84.55,19.69,40.46
LOT000592,A,PORD000592,PRD0011,MILL_03,94.01,24.05,2.97
LOT000592,B,PORD000592,PRD0011,LATHE_02,97.61,22.73,7.05
LOT000592,C,PORD000592,PRD0011,DRILL_02,91.9,21.46,9.16
LOT000592,D,PORD000592,PRD0011,GRIND_03,113.39,15.41,25.23
LOT000592,E,PORD000592,PRD0011,ADD_02,95.59,15.86,13.17
LOT000593,A,PORD000593,PRD0011,MILL_03,99.18,19.69,6.13
LOT000593,B,PORD000593,PRD0011,LATHE_04,102.61,22.76,7.12
LOT000593,C,PORD000593,PRD0011,DRILL_02,84.42,15.32,8.66
LOT000593,D,PORD000593,PRD0011,GRIND_02,83.88,15.17,0.92
LOT000593,E,PORD000593,PRD0011,ADD_02,96.67,23.02,10.44
LOT000594,A,PORD000594,PRD0001,MILL_03,59.85,24.33,4.92
LOT000594,B,PORD000594,PRD0001,LATHE_03,52.84,17.25,1.44
LOT000594,C,PORD000594,PRD0001,DRILL_01,59.04,18.93,4.7
LOT000594,D,PORD000594,PRD0001,GRIND_02,56.68,17.45,8.07
LOT000594,E,PORD000594,PRD0001,ADD_02,54.5,20.7,5.48
LOT000595,A,PORD000595,PRD0015,MILL_03,81.93,24.93,1.3
LOT000595,B,PORD000595,PRD0015,LATHE_02,83.82,23.83,3.35
LOT000595,C,PORD000595,PRD0015,DRILL_02,86.5,19.46,4.85
LOT000595,D,PORD000595,PRD0015,GRIND_02,83.38,17.17,6.71
LOT000595,E,PORD000595,PRD0015,ADD_01,75.47,18.19,6.13
LOT000596,A,PORD000596,PRD0014,MILL_04,81.66,17.23,7.61
LOT000596,B,PORD000596,PRD0014,LATHE_01,84.3,18.42,7.88
LOT000596,C,PORD000596,PRD0014,DRILL_03,80.43,22.71,0.27
LOT000596,D,PORD000596,PRD0014,GRIND_02,81.73,24.34,1.14
LOT000596,E,PORD000596,PRD0014,ADD_02,89.45,19.18,14.99
LOT000597,A,PORD000597,PRD0006,MILL_02,81.15,20.97,2.99
LOT000597,B,PORD000597,PRD0006,LATHE_01,76.78,21.81,4.8
LOT000597,C,PORD000597,PRD0006,DRILL_02,79.8,21.81,7.34
LOT000597,D,PORD000597,PRD0006,GRIND_01,72.12,17.99,0.47
LOT000597,E,PORD000597,PRD0006,ADD_02,90.17,18.87,14.97
LOT000598,A,PORD000598,PRD0007,MILL_04,63.83,24.51,2.61
LOT000598,B,PORD000598,PRD0007,LATHE_03,59.79,20.63,1.33
LOT000598,C,PORD000598,PRD0007,DRILL_03,66.44,20.14,6.74
LOT000598,D,PORD000598,PRD0007,GRIND_01,64.97,22.69,0.46
LOT000598,E,PORD000598,PRD0007,ADD_02,60.4,17.84,3.73
LOT000599,A,PORD000599,PRD0013,MILL_02,79.92,20.22,1.54
LOT000599,B,PORD000599,PRD0013,LATHE_01,88.66,21.15,11.02
LOT000599,C,PORD000599,PRD0013,DRILL_01,88.43,24.34,8.78
LOT000599,D,PORD000599,PRD0013,GRIND_02,89.92,20.39,12.44
LOT000599,E,PORD000599,PRD0013,ADD_02,90.4,23.35,6.09
LOT000600,A,PORD000600,PRD0012,MILL_04,47.61,16.48,6.64
LOT000600,B,PORD000600,PRD0012,LATHE_03,49.27,20.25,3.11
LOT000600,C,PORD000600,PRD0012,DRILL_02,78.54,24.62,29.83
LOT000600,D,PORD000600,PRD0012,GRIND_01,54.95,24.94,4.74
LOT000600,E,PORD000600,PRD0012,ADD_02,56.9,19.23,12.15
LOT000601,A,PORD000601,PRD0011,MILL_01,66.73,21.41,21.31
LOT000601,B,PORD000601,PRD0011,LATHE_01,50.65,20.66,3.99
LOT000601,C,PORD000601,PRD0011,DRILL_01,43.66,19.66,2.98
LOT000601,D,PORD000601,PRD0011,GRIND_02,50.62,22.38,4.09
LOT000601,E,PORD000601,PRD0011,ADD_02,46.08,18.62,5.63
LOT000602,A,PORD000602,PRD0018,MILL_04,107.23,18.56,23.91
LOT000602,B,PORD000602,PRD0018,LATHE_03,82.79,18.94,0.7
LOT000602,C,PORD000602,PRD0018,DRILL_01,92.17,23.91,9.98
LOT000602,D,PORD000602,PRD0018,GRIND_02,110.73,18.93,31.17
LOT000602,E,PORD000602,PRD0018,ADD_02,91.03,24.0,9.38
LOT000603,A,PORD000603,PRD0016,MILL_01,49.69,21.54,4.83
LOT000603,B,PORD000603,PRD0016,LATHE_04,41.28,18.35,4.34
LOT000603,C,PORD000603,PRD0016,DRILL_02,44.25,15.12,8.38
LOT000603,D,PORD000603,PRD0016,GRIND_01,45.09,18.81,4.85
LOT000603,E,PORD000603,PRD0016,ADD_02,60.21,15.51,21.81
LOT000604,A,PORD000604,PRD0007,MILL_01,69.6,18.42,2.69
LOT000604,B,PORD000604,PRD0007,LATHE_01,76.93,20.86,4.2
LOT000604,C,PORD000604,PRD0007,DRILL_03,66.77,15.16,3.55
LOT000604,D,PORD000604,PRD0007,GRIND_02,76.02,18.94,0.03
LOT000604,E,PORD000604,PRD0007,ADD_02,80.13,15.22,14.61
LOT000605,A,PORD000605,PRD0015,MILL_02,80.43,24.18,6.12
LOT000605,B,PORD000605,PRD0015,LATHE_03,77.5,21.25,4.27
LOT000605,C,PORD000605,PRD0015,DRILL_01,107.31,20.72,30.65
LOT000605,D,PORD000605,PRD0015,GRIND_03,72.25,19.51,4.02
LOT000605,E,PORD000605,PRD0015,ADD_02,88.6,22.91,12.56
LOT000606,A,PORD000606,PRD0001,MILL_03,75.97,22.2,1.6
LOT000606,B,PORD000606,PRD0001,LATHE_04,78.24,24.22,4.68
LOT000606,C,PORD000606,PRD0001,DRILL_01,78.26,17.31,4.67
LOT000606,D,PORD000606,PRD0001,GRIND_01,70.52,20.22,1.44
LOT000606,E,PORD000606,PRD0001,ADD_02,76.05,19.27,12.03
LOT000607,A,PORD000607,PRD0003,MILL_03,82.99,24.32,5.87
LOT000607,B,PORD000607,PRD0003,LATHE_04,77.68,20.32,0.99
LOT000607,C,PORD000607,PRD0003,DRILL_03,85.88,18.07,7.53
LOT000607,D,PORD000607,PRD0003,GRIND_02,83.25,19.83,3.22
LOT000607,E,PORD000607,PRD0003,ADD_02,80.5,19.45,9.29
LOT000608,A,PORD000608,PRD0012,MILL_04,82.23,23.64,4.92
LOT000608,B,PORD000608,PRD0012,LATHE_03,80.08,15.67,14.66
LOT000608,C,PORD000608,PRD0012,DRILL_03,66.42,15.35,0.23
LOT000608,D,PORD000608,PRD0012,GRIND_02,74.82,20.8,8.29
LOT000608,E,PORD000608,PRD0012,ADD_02,75.58,19.68,6.57
LOT000609,A,PORD000609,PRD0010,MILL_02,139.67,23.94,1.52
LOT000609,B,PORD000609,PRD0010,LATHE_01,147.75,20.48,6.54
LOT000609,C,PORD000609,PRD0010,DRILL_03,146.21,22.89,9.71
LOT000609,D,PORD000609,PRD0010,GRIND_01,140.3,22.41,0.55
LOT000609,E,PORD000609,PRD0010,ADD_02,139.51,21.53,2.76
LOT000610,A,PORD000610,PRD0006,MILL_04,78.59,24.54,4.85
LOT000610,B,PORD000610,PRD0006,LATHE_01,63.05,15.94,0.06
LOT000610,C,PORD000610,PRD0006,DRILL_02,70.33,18.43,4.99
LOT000610,D,PORD000610,PRD0006,GRIND_01,78.2,22.52,4.6
LOT000610,E,PORD000610,PRD0006,ADD_01,86.65,15.26,12.84
LOT000611,A,PORD000611,PRD0019,MILL_01,112.48,21.48,4.47
LOT000611,B,PORD000611,PRD0019,LATHE_02,100.32,17.92,7.15
LOT000611,C,PORD000611,PRD0019,DRILL_03,111.05,21.91,2.89
LOT000611,D,PORD000611,PRD0019,GRIND_01,102.93,21.09,9.9
LOT000611,E,PORD000611,PRD0019,ADD_02,108.65,24.04,3.44
LOT000612,A,PORD000612,PRD0015,MILL_04,83.3,20.15,5.25
LOT000612,B,PORD000612,PRD0015,LATHE_01,75.71,17.05,1.21
LOT000612,C,PORD000612,PRD0015,DRILL_03,85.97,20.35,4.16
LOT000612,D,PORD000612,PRD0015,GRIND_02,84.91,19.89,3.71
LOT000612,E,PORD000612,PRD0015,ADD_02,85.88,17.44,12.13
LOT000613,A,PORD000613,PRD0013,MILL_01,105.68,17.95,6.39
LOT000613,B,PORD000613,PRD0013,LATHE_04,98.05,17.19,1.71
LOT000613,C,PORD000613,PRD0013,DRILL_02,114.96,16.21,9.54
LOT000613,D,PORD000613,PRD0013,GRIND_02,116.21,23.74,8.78
LOT000613,E,PORD000613,PRD0013,ADD_02,107.47,24.6,7.23
LOT000614,A,PORD000614,PRD0018,MILL_01,69.84,18.98,4.41
LOT000614,B,PORD000614,PRD0018,LATHE_04,65.91,20.04,0.61
LOT000614,C,PORD000614,PRD0018,DRILL_03,66.35,15.65,0.04
LOT000614,D,PORD000614,PRD0018,GRIND_03,81.5,17.91,8.43
LOT000614,E,PORD000614,PRD0018,ADD_02,66.09,19.62,1.69
LOT000615,A,PORD000615,PRD0016,MILL_02,63.49,21.86,4.42
LOT000615,B,PORD000615,PRD0016,LATHE_04,66.32,21.57,7.98
LOT000615,C,PORD000615,PRD0016,DRILL_03,63.01,19.55,4.28
LOT000615,D,PORD000615,PRD0016,GRIND_02,61.92,23.06,4.63
LOT000615,E,PORD000615,PRD0016,ADD_01,63.53,18.37,7.48
LOT000616,A,PORD000616,PRD0004,MILL_02,64.06,24.78,3.26
LOT000616,B,PORD000616,PRD0004,LATHE_04,66.94,21.33,3.24
LOT000616,C,PORD000616,PRD0004,DRILL_01,60.85,17.05,5.41
LOT000616,D,PORD000616,PRD0004,GRIND_01,65.61,23.21,1.43
LOT000616,E,PORD000616,PRD0004,ADD_01,66.46,22.69,2.99
LOT000617,A,PORD000617,PRD0009,MILL_01,81.93,18.76,0.88
LOT000617,B,PORD000617,PRD0009,LATHE_02,93.6,19.47,16.79
LOT000617,C,PORD000617,PRD0009,DRILL_01,92.39,21.19,6.16
LOT000617,D,PORD000617,PRD0009,GRIND_02,87.06,21.51,3.74
LOT000617,E,PORD000617,PRD0009,ADD_02,104.35,20.87,24.62
LOT000618,A,PORD000618,PRD0019,MILL_03,92.79,16.62,15.89
LOT000618,B,PORD000618,PRD0019,LATHE_03,72.26,16.18,7.23
LOT000618,C,PORD000618,PRD0019,DRILL_03,80.27,17.69,2.91
LOT000618,D,PORD000618,PRD0019,GRIND_02,78.27,22.08,4.96
LOT000618,E,PORD000618,PRD0019,ADD_02,109.26,15.73,28.76
LOT000619,A,PORD000619,PRD0001,MILL_01,91.3,15.35,4.77
LOT000619,B,PORD000619,PRD0001,LATHE_04,88.1,15.2,2.89
LOT000619,C,PORD000619,PRD0001,DRILL_02,107.89,22.07,8.81
LOT000619,D,PORD000619,PRD0001,GRIND_03,92.01,15.51,7.23
LOT000619,E,PORD000619,PRD0001,ADD_02,88.03,19.05,5.39
LOT000620,A,PORD000620,PRD0010,MILL_02,78.06,18.63,6.01
LOT000620,B,PORD000620,PRD0010,LATHE_01,81.66,18.49,4.32
LOT000620,C,PORD000620,PRD0010,DRILL_03,75.0,19.72,6.41
LOT000620,D,PORD000620,PRD0010,GRIND_02,73.52,17.21,4.17
LOT000620,E,PORD000620,PRD0010,ADD_02,109.63,18.84,40.11
LOT000621,A,PORD000621,PRD0004,MILL_02,117.45,18.49,19.33
LOT000621,B,PORD000621,PRD0004,LATHE_02,98.76,16.81,4.93
LOT000621,C,PORD000621,PRD0004,DRILL_02,99.81,18.71,2.26
LOT000621,D,PORD000621,PRD0004,GRIND_03,127.06,21.48,26.07
LOT000621,E,PORD000621,PRD0004,ADD_02,117.04,20.12,9.42
LOT000622,A,PORD000622,PRD0015,MILL_04,65.78,18.25,2.73
LOT000622,B,PORD000622,PRD0015,LATHE_03,77.37,22.99,1.6
LOT000622,C,PORD000622,PRD0015,DRILL_01,77.88,17.1,8.8
LOT000622,D,PORD000622,PRD0015,GRIND_01,76.13,21.49,8.21
LOT000622,E,PORD000622,PRD0015,ADD_01,73.84,19.35,2.12
LOT000623,A,PORD000623,PRD0012,MILL_04,63.68,23.99,5.69
LOT000623,B,PORD000623,PRD0012,LATHE_01,54.85,15.65,0.55
LOT000623,C,PORD000623,PRD0012,DRILL_02,67.4,23.62,8.14
LOT000623,D,PORD000623,PRD0012,GRIND_01,59.02,17.58,7.31
LOT000623,E,PORD000623,PRD0012,ADD_01,67.6,17.46,13.38
LOT000624,A,PORD000624,PRD0017,MILL_03,136.79,24.41,17.8
LOT000624,B,PORD000624,PRD0017,LATHE_03,95.48,21.04,2.39
LOT000624,C,PORD000624,PRD0017,DRILL_03,104.98,22.74,4.44
LOT000624,D,PORD000624,PRD0017,GRIND_02,96.11,19.1,4.01
LOT000624,E,PORD000624,PRD0017,ADD_02,102.41,23.51,0.36
LOT000625,A,PORD000625,PRD0010,MILL_04,54.52,15.94,7.79
LOT000625,B,PORD000625,PRD0010,LATHE_01,55.16,23.74,2.61
LOT000625,C,PORD000625,PRD0010,DRILL_02,57.31,20.35,9.08
LOT000625,D,PORD000625,PRD0010,GRIND_02,57.46,18.53,8.85
LOT000625,E,PORD000625,PRD0010,ADD_01,55.27,18.14,11.25
LOT000626,A,PORD000626,PRD0002,MILL_03,36.61,20.12,8.63
LOT000626,B,PORD000626,PRD0002,LATHE_02,34.45,19.86,5.9
LOT000626,C,PORD000626,PRD0002,DRILL_03,32.64,23.91,0.72
LOT000626,D,PORD000626,PRD0002,GRIND_02,31.61,18.7,4.9
LOT000626,E,PORD000626,PRD0002,ADD_01,35.56,24.34,3.07
LOT000627,A,PORD000627,PRD0004,MILL_01,65.12,20.84,0.21
LOT000627,B,PORD000627,PRD0004,LATHE_04,78.25,23.22,7.12
LOT000627,C,PORD000627,PRD0004,DRILL_02,69.85,20.5,2.88
LOT000627,D,PORD000627,PRD0004,GRIND_03,67.68,18.29,0.39
LOT000627,E,PORD000627,PRD0004,ADD_02,73.31,16.43,3.84
LOT000628,A,PORD000628,PRD0020,MILL_01,82.91,22.04,5.5
LOT000628,B,PORD000628,PRD0020,LATHE_03,67.84,16.42,4.37
LOT000628,C,PORD000628,PRD0020,DRILL_02,86.06,24.36,11.26
LOT000628,D,PORD000628,PRD0020,GRIND_01,76.05,17.81,9.46
LOT000628,E,PORD000628,PRD0020,ADD_02,79.32,19.84,0.89
LOT000629,A,PORD000629,PRD0015,MILL_01,44.19,19.43,2.12
LOT000629,B,PORD000629,PRD0015,LATHE_04,57.25,22.19,8.09
LOT000629,C,PORD000629,PRD0015,DRILL_01,63.37,19.03,17.33
LOT000629,D,PORD000629,PRD0015,GRIND_02,49.82,16.78,6.57
LOT000629,E,PORD000629,PRD0015,ADD_01,56.84,24.57,8.51
LOT000630,A,PORD000630,PRD0007,MILL_01,70.28,22.44,4.87
LOT000630,B,PORD000630,PRD0007,LATHE_02,79.45,23.23,9.81
LOT000630,C,PORD000630,PRD0007,DRILL_01,72.92,22.17,9.05
LOT000630,D,PORD000630,PRD0007,GRIND_03,70.65,17.26,5.31
LOT000630,E,PORD000630,PRD0007,ADD_01,72.12,19.73,7.83
LOT000631,A,PORD000631,PRD0001,MILL_01,118.14,19.57,1.89
LOT000631,B,PORD000631,PRD0001,LATHE_02,130.23,24.93,16.32
LOT000631,C,PORD000631,PRD0001,DRILL_02,128.14,20.71,6.53
LOT000631,D,PORD000631,PRD0001,GRIND_03,121.08,22.46,8.76
LOT000631,E,PORD000631,PRD0001,ADD_01,116.32,15.68,13.07
LOT000632,A,PORD000632,PRD0002,MILL_04,91.67,23.1,3.12
LOT000632,B,PORD000632,PRD0002,LATHE_01,98.83,20.62,5.89
LOT000632,C,PORD000632,PRD0002,DRILL_03,108.18,24.22,5.67
LOT000632,D,PORD000632,PRD0002,GRIND_02,102.72,22.97,9.01
LOT000632,E,PORD000632,PRD0002,ADD_01,113.7,22.62,14.95
LOT000633,A,PORD000633,PRD0012,MILL_02,74.59,24.65,4.47
LOT000633,B,PORD000633,PRD0012,LATHE_02,61.58,17.03,0.51
LOT000633,C,PORD000633,PRD0012,DRILL_03,66.37,15.85,8.82
LOT000633,D,PORD000633,PRD0012,GRIND_03,74.55,21.42,9.03
LOT000633,E,PORD000633,PRD0012,ADD_02,80.32,17.48,14.86
LOT000634,A,PORD000634,PRD0005,MILL_01,115.86,19.82,4.9
LOT000634,B,PORD000634,PRD0005,LATHE_03,116.16,20.95,3.14
LOT000634,C,PORD000634,PRD0005,DRILL_03,96.8,19.39,1.52
LOT000634,D,PORD000634,PRD0005,GRIND_03,99.66,21.45,5.42
LOT000634,E,PORD000634,PRD0005,ADD_01,111.05,21.64,12.73
LOT000635,A,PORD000635,PRD0019,MILL_03,96.7,18.38,22.03
LOT000635,B,PORD000635,PRD0019,LATHE_04,77.03,24.29,2.53
LOT000635,C,PORD000635,PRD0019,DRILL_01,77.66,21.8,3.77
LOT000635,D,PORD000635,PRD0019,GRIND_01,89.27,18.81,21.03
LOT000635,E,PORD000635,PRD0019,ADD_01,95.52,17.91,28.55
LOT000636,A,PORD000636,PRD0011,MILL_03,63.32,21.41,9.91
LOT000636,B,PORD000636,PRD0011,LATHE_01,48.25,18.47,0.1
LOT000636,C,PORD000636,PRD0011,DRILL_02,56.74,22.85,3.55
LOT000636,D,PORD000636,PRD0011,GRIND_01,58.18,16.57,9.27
LOT000636,E,PORD000636,PRD0011,ADD_01,46.76,19.4,1.01
LOT000637,A,PORD000637,PRD0014,MILL_03,44.51,15.13,5.09
LOT000637,B,PORD000637,PRD0014,LATHE_02,43.36,19.4,0.4
LOT000637,C,PORD000637,PRD0014,DRILL_01,49.57,17.18,5.82
LOT000637,D,PORD000637,PRD0014,GRIND_02,45.63,17.49,4.62
LOT000637,E,PORD000637,PRD0014,ADD_02,49.87,17.8,10.26
LOT000638,A,PORD000638,PRD0008,MILL_03,105.98,23.33,0.27
LOT000638,B,PORD000638,PRD0008,LATHE_03,127.21,21.28,17.14
LOT000638,C,PORD000638,PRD0008,DRILL_03,115.98,21.32,7.79
LOT000638,D,PORD000638,PRD0008,GRIND_03,95.86,16.21,1.77
LOT000638,E,PORD000638,PRD0008,ADD_02,118.72,17.89,5.07
LOT000639,A,PORD000639,PRD0006,MILL_02,34.29,21.46,5.73
LOT000639,B,PORD000639,PRD0006,LATHE_03,32.47,21.99,4.6
LOT000639,C,PORD000639,PRD0006,DRILL_02,40.69,18.43,16.06
LOT000639,D,PORD000639,PRD0006,GRIND_03,30.67,23.23,0.38
LOT000639,E,PORD000639,PRD0006,ADD_01,32.73,23.27,2.47
LOT000640,A,PORD000640,PRD0004,MILL_04,78.38,22.34,4.83
LOT000640,B,PORD000640,PRD0004,LATHE_01,86.8,22.85,14.37
LOT000640,C,PORD000640,PRD0004,DRILL_03,75.28,21.91,3.39
LOT000640,D,PORD000640,PRD0004,GRIND_02,84.17,22.32,6.93
LOT000640,E,PORD000640,PRD0004,ADD_01,84.1,15.87,10.79
LOT000641,A,PORD000641,PRD0020,MILL_02,108.3,18.73,0.51
LOT000641,B,PORD000641,PRD0020,LATHE_02,100.05,18.82,7.42
LOT000641,C,PORD000641,PRD0020,DRILL_02,111.6,22.42,5.23
LOT000641,D,PORD000641,PRD0020,GRIND_02,110.85,21.35,7.92
LOT000641,E,PORD000641,PRD0020,ADD_01,124.95,20.86,12.06
LOT000642,A,PORD000642,PRD0011,MILL_03,122.25,15.17,1.57
LOT000642,B,PORD000642,PRD0011,LATHE_04,120.72,17.31,9.65
LOT000642,C,PORD000642,PRD0011,DRILL_03,114.02,21.74,7.02
LOT000642,D,PORD000642,PRD0011,GRIND_03,116.5,18.4,5.91
LOT000642,E,PORD000642,PRD0011,ADD_02,124.89,21.82,11.95
LOT000643,A,PORD000643,PRD0019,MILL_04,63.69,19.3,1.94
LOT000643,B,PORD000643,PRD0019,LATHE_04,65.32,22.97,2.3
LOT000643,C,PORD000643,PRD0019,DRILL_01,60.39,17.35,0.06
LOT000643,D,PORD000643,PRD0019,GRIND_02,61.39,15.23,5.58
LOT000643,E,PORD000643,PRD0019,ADD_01,87.72,21.47,25.34
LOT000644,A,PORD000644,PRD0011,MILL_03,71.22,22.52,2.76
LOT000644,B,PORD000644,PRD0011,LATHE_02,67.1,22.5,0.11
LOT000644,C,PORD000644,PRD0011,DRILL_01,72.28,22.55,9.59
LOT000644,D,PORD000644,PRD0011,GRIND_02,66.04,15.58,3.49
LOT000644,E,PORD000644,PRD0011,ADD_01,69.66,23.25,5.38
LOT000645,A,PORD000645,PRD0011,MILL_04,127.04,19.32,4.7
LOT000645,B,PORD000645,PRD0011,LATHE_02,115.78,24.45,3.06
LOT000645,C,PORD000645,PRD0011,DRILL_03,108.26,19.82,9.49
LOT000645,D,PORD000645,PRD0011,GRIND_01,123.69,19.57,5.23
LOT000645,E,PORD000645,PRD0011,ADD_02,96.96,15.41,5.18
LOT000646,A,PORD000646,PRD0015,MILL_03,49.67,23.45,1.3
LOT000646,B,PORD000646,PRD0015,LATHE_04,59.28,19.59,8.77
LOT000646,C,PORD000646,PRD0015,DRILL_02,56.13,22.01,3.38
LOT000646,D,PORD000646,PRD0015,GRIND_03,54.19,23.96,1.99
LOT000646,E,PORD000646,PRD0015,ADD_02,49.7,16.52,4.4
LOT000647,A,PORD000647,PRD0013,MILL_03,33.9,21.11,2.76
LOT000647,B,PORD000647,PRD0013,LATHE_02,30.64,19.99,0.62
LOT000647,C,PORD000647,PRD0013,DRILL_02,31.92,17.69,4.44
LOT000647,D,PORD000647,PRD0013,GRIND_01,37.55,22.83,4.54
LOT000647,E,PORD000647,PRD0013,ADD_01,41.82,21.61,10.56
LOT000648,A,PORD000648,PRD0005,MILL_03,104.08,17.55,5.54
LOT000648,B,PORD000648,PRD0005,LATHE_01,104.18,15.68,1.31
LOT000648,C,PORD000648,PRD0005,DRILL_03,106.94,23.47,0.22
LOT000648,D,PORD000648,PRD0005,GRIND_03,122.85,16.56,26.09
LOT000648,E,PORD000648,PRD0005,ADD_02,105.7,21.74,12.57
LOT000649,A,PORD000649,PRD0012,MILL_04,46.08,17.38,4.54
LOT000649,B,PORD000649,PRD0012,LATHE_04,49.98,16.69,6.75
LOT000649,C,PORD000649,PRD0012,DRILL_03,48.66,19.24,3.72
LOT000649,D,PORD000649,PRD0012,GRIND_03,48.67,18.01,3.8
LOT000649,E,PORD000649,PRD0012,ADD_02,67.81,20.1,24.07
LOT000650,A,PORD000650,PRD0007,MILL_01,75.49,18.11,7.63
LOT000650,B,PORD000650,PRD0007,LATHE_01,71.36,16.23,7.09
LOT000650,C,PORD000650,PRD0007,DRILL_03,78.33,23.01,0.63
LOT000650,D,PORD000650,PRD0007,GRIND_03,75.04,20.92,2.15
LOT000650,E,PORD000650,PRD0007,ADD_01,77.72,20.76,7.07
LOT000651,A,PORD000651,PRD0007,MILL_04,52.09,22.2,1.42
LOT000651,B,PORD000651,PRD0007,LATHE_03,53.43,17.75,7.7
LOT000651,C,PORD000651,PRD0007,DRILL_02,82.69,24.42,32.1
LOT000651,D,PORD000651,PRD0007,GRIND_01,54.5,18.16,4.09
LOT000651,E,PORD000651,PRD0007,ADD_02,58.14,24.74,5.9
LOT000652,A,PORD000652,PRD0007,MILL_01,139.92,18.27,14.26
LOT000652,B,PORD000652,PRD0007,LATHE_02,119.42,15.55,0.73
LOT000652,C,PORD000652,PRD0007,DRILL_01,142.46,16.3,9.17
LOT000652,D,PORD000652,PRD0007,GRIND_02,156.42,21.4,8.16
LOT000652,E,PORD000652,PRD0007,ADD_01,133.74,23.68,0.02
LOT000653,A,PORD000653,PRD0001,MILL_02,80.23,24.97,2.6
LOT000653,B,PORD000653,PRD0001,LATHE_02,68.76,16.64,1.24
LOT000653,C,PORD000653,PRD0001,DRILL_01,91.21,23.51,5.05
LOT000653,D,PORD000653,PRD0001,GRIND_03,72.65,15.07,6.05
LOT000653,E,PORD000653,PRD0001,ADD_02,67.3,16.63,0.65
LOT000654,A,PORD000654,PRD0011,MILL_01,112.77,24.82,4.18
LOT000654,B,PORD000654,PRD0011,LATHE_04,107.26,16.8,5.13
LOT000654,C,PORD000654,PRD0011,DRILL_03,88.43,15.45,2.33
LOT000654,D,PORD000654,PRD0011,GRIND_02,105.11,20.52,9.99
LOT000654,E,PORD000654,PRD0011,ADD_01,101.42,23.89,6.21
LOT000655,A,PORD000655,PRD0003,MILL_04,38.65,18.24,7.6
LOT000655,B,PORD000655,PRD0003,LATHE_01,34.75,17.56,2.8
LOT000655,C,PORD000655,PRD0003,DRILL_01,39.74,19.92,5.67
LOT000655,D,PORD000655,PRD0003,GRIND_01,31.97,17.28,0.22
LOT000655,E,PORD000655,PRD0003,ADD_02,33.6,20.15,1.14
LOT000656,A,PORD000656,PRD0015,MILL_01,95.35,24.03,3.81
LOT000656,B,PORD000656,PRD0015,LATHE_03,104.07,24.77,14.1
LOT000656,C,PORD000656,PRD0015,DRILL_01,104.39,15.3,3.96
LOT000656,D,PORD000656,PRD0015,GRIND_02,96.87,21.16,6.86
LOT000656,E,PORD000656,PRD0015,ADD_02,91.64,15.25,2.18
LOT000657,A,PORD000657,PRD0014,MILL_03,84.94,18.95,3.75
LOT000657,B,PORD000657,PRD0014,LATHE_03,93.8,18.11,20.73
LOT000657,C,PORD000657,PRD0014,DRILL_03,80.31,21.18,0.29
LOT000657,D,PORD000657,PRD0014,GRIND_01,104.33,20.52,27.97
LOT000657,E,PORD000657,PRD0014,ADD_01,79.7,17.44,8.66
LOT000658,A,PORD000658,PRD0017,MILL_02,121.25,18.17,1.4
LOT000658,B,PORD000658,PRD0017,LATHE_02,107.17,16.5,6.98
LOT000658,C,PORD000658,PRD0017,DRILL_01,117.92,23.52,1.49
LOT000658,D,PORD000658,PRD0017,GRIND_02,112.82,21.09,3.74
LOT000658,E,PORD000658,PRD0017,ADD_02,111.46,19.81,4.93
LOT000659,A,PORD000659,PRD0004,MILL_03,94.42,17.66,5.54
LOT000659,B,PORD000659,PRD0004,LATHE_04,94.26,18.74,6.1
LOT000659,C,PORD000659,PRD0004,DRILL_01,94.93,23.03,8.0
LOT000659,D,PORD000659,PRD0004,GRIND_01,101.34,20.78,2.55
LOT000659,E,PORD000659,PRD0004,ADD_01,97.77,17.29,11.67
LOT000660,A,PORD000660,PRD0015,MILL_02,91.04,20.17,21.43
LOT000660,B,PORD000660,PRD0015,LATHE_03,75.48,23.35,0.02
LOT000660,C,PORD000660,PRD0015,DRILL_03,74.33,16.83,6.12
LOT000660,D,PORD000660,PRD0015,GRIND_02,74.95,19.89,2.43
LOT000660,E,PORD000660,PRD0015,ADD_01,73.17,20.19,0.93
LOT000661,A,PORD000661,PRD0014,MILL_04,35.36,18.23,5.44
LOT000661,B,PORD000661,PRD0014,LATHE_03,53.33,23.56,19.03
LOT000661,C,PORD000661,PRD0014,DRILL_02,37.14,24.79,1.04
LOT000661,D,PORD000661,PRD0014,GRIND_02,33.16,18.14,4.35
LOT000661,E,PORD000661,PRD0014,ADD_01,37.17,18.63,9.02
LOT000662,A,PORD000662,PRD0003,MILL_04,54.81,20.14,0.6
LOT000662,B,PORD000662,PRD0003,LATHE_02,55.61,18.36,1.15
LOT000662,C,PORD000662,PRD0003,DRILL_02,73.9,24.02,7.0
LOT000662,D,PORD000662,PRD0003,GRIND_02,84.26,23.83,20.98
LOT000662,E,PORD000662,PRD0003,ADD_01,87.81,20.52,30.54
LOT000663,A,PORD000663,PRD0005,MILL_01,132.58,20.31,5.67
LOT000663,B,PORD000663,PRD0005,LATHE_04,132.43,20.27,0.97
LOT000663,C,PORD000663,PRD0005,DRILL_01,113.03,15.78,7.73
LOT000663,D,PORD000663,PRD0005,GRIND_02,136.91,20.91,5.73
LOT000663,E,PORD000663,PRD0005,ADD_02,107.31,17.14,1.4
LOT000664,A,PORD000664,PRD0009,MILL_03,112.77,24.06,22.02
LOT000664,B,PORD000664,PRD0009,LATHE_02,84.34,15.81,1.13
LOT000664,C,PORD000664,PRD0009,DRILL_01,95.75,18.76,10.43
LOT000664,D,PORD000664,PRD0009,GRIND_01,85.75,23.32,8.92
LOT000664,E,PORD000664,PRD0009,ADD_01,84.57,23.27,6.69
LOT000665,A,PORD000665,PRD0002,MILL_03,89.48,22.17,4.46
LOT000665,B,PORD000665,PRD0002,LATHE_03,107.93,24.01,6.82
LOT000665,C,PORD000665,PRD0002,DRILL_01,94.1,19.33,2.54
LOT000665,D,PORD000665,PRD0002,GRIND_03,101.86,22.63,7.57
LOT000665,E,PORD000665,PRD0002,ADD_02,99.34,24.73,3.81
LOT000666,A,PORD000666,PRD0005,MILL_04,79.12,23.52,2.78
LOT000666,B,PORD000666,PRD0005,LATHE_04,79.66,15.69,7.48
LOT000666,C,PORD000666,PRD0005,DRILL_01,72.18,18.67,2.83
LOT000666,D,PORD000666,PRD0005,GRIND_01,78.34,24.66,0.62
LOT000666,E,PORD000666,PRD0005,ADD_01,75.13,20.71,13.54
LOT000667,A,PORD000667,PRD0011,MILL_04,85.23,22.95,15.96
LOT000667,B,PORD000667,PRD0011,LATHE_02,65.39,24.25,2.14
LOT000667,C,PORD000667,PRD0011,DRILL_03,60.67,18.42,2.84
LOT000667,D,PORD000667,PRD0011,GRIND_03,58.73,16.67,2.47
LOT000667,E,PORD000667,PRD0011,ADD_01,72.31,21.25,14.59
LOT000668,A,PORD000668,PRD0012,MILL_01,97.69,22.67,6.56
LOT000668,B,PORD000668,PRD0012,LATHE_01,99.54,18.49,9.41
LOT000668,C,PORD000668,PRD0012,DRILL_03,106.19,17.73,22.01
LOT000668,D,PORD000668,PRD0012,GRIND_03,103.44,24.12,7.66
LOT000668,E,PORD000668,PRD0012,ADD_01,93.34,17.23,10.51
LOT000669,A,PORD000669,PRD0012,MILL_03,76.56,23.02,7.5
LOT000669,B,PORD000669,PRD0012,LATHE_03,75.33,23.26,2.77
LOT000669,C,PORD000669,PRD0012,DRILL_02,67.79,16.97,2.13
LOT000669,D,PORD000669,PRD0012,GRIND_01,71.79,15.08,2.81
LOT000669,E,PORD000669,PRD0012,ADD_01,81.76,17.46,18.12
LOT000670,A,PORD000670,PRD0017,MILL_04,125.04,18.17,5.29
LOT000670,B,PORD000670,PRD0017,LATHE_03,111.15,20.62,4.73
LOT000670,C,PORD000670,PRD0017,DRILL_03,135.61,23.94,20.96
LOT000670,D,PORD000670,PRD0017,GRIND_01,103.26,18.0,4.25
LOT000670,E,PORD000670,PRD0017,ADD_01,115.67,16.16,14.53
LOT000671,A,PORD000671,PRD0004,MILL_02,88.98,21.57,1.52
LOT000671,B,PORD000671,PRD0004,LATHE_01,109.56,18.17,21.64
LOT000671,C,PORD000671,PRD0004,DRILL_02,92.63,20.46,3.03
LOT000671,D,PORD000671,PRD0004,GRIND_01,93.01,19.84,1.05
LOT000671,E,PORD000671,PRD0004,ADD_01,99.38,23.81,5.71
LOT000672,A,PORD000672,PRD0015,MILL_02,81.97,15.85,4.57
LOT000672,B,PORD000672,PRD0015,LATHE_01,84.6,17.85,1.29
LOT000672,C,PORD000672,PRD0015,DRILL_01,87.29,19.91,5.67
LOT000672,D,PORD000672,PRD0015,GRIND_02,86.48,22.2,2.24
LOT000672,E,PORD000672,PRD0015,ADD_01,91.38,15.24,15.32
LOT000673,A,PORD000673,PRD0014,MILL_04,85.71,18.53,4.32
LOT000673,B,PORD000673,PRD0014,LATHE_01,83.27,19.58,0.82
LOT000673,C,PORD000673,PRD0014,DRILL_02,87.41,21.77,0.17
LOT000673,D,PORD000673,PRD0014,GRIND_01,103.03,24.6,6.83
LOT000673,E,PORD000673,PRD0014,ADD_01,86.71,20.32,7.12
LOT000674,A,PORD000674,PRD0019,MILL_01,92.49,15.36,6.8
LOT000674,B,PORD000674,PRD0019,LATHE_03,76.21,17.53,3.65
LOT000674,C,PORD000674,PRD0019,DRILL_02,96.69,23.29,6.31
LOT000674,D,PORD000674,PRD0019,GRIND_03,81.62,21.51,0.83
LOT000674,E,PORD000674,PRD0019,ADD_01,91.91,15.02,11.26
LOT000675,A,PORD000675,PRD0020,MILL_03,78.87,16.47,3.28
LOT000675,B,PORD000675,PRD0020,LATHE_03,67.56,18.86,3.0
LOT000675,C,PORD000675,PRD0020,DRILL_01,87.09,24.52,6.99
LOT000675,D,PORD000675,PRD0020,GRIND_01,87.29,23.3,12.81
LOT000675,E,PORD000675,PRD0020,ADD_02,88.27,23.49,10.99
LOT000676,A,PORD000676,PRD0006,MILL_02,115.98,24.53,2.45
LOT000676,B,PORD000676,PRD0006,LATHE_04,119.09,22.86,6.65
LOT000676,C,PORD000676,PRD0006,DRILL_03,100.66,16.81,4.27
LOT000676,D,PORD000676,PRD0006,GRIND_02,156.37,24.15,34.27
LOT000676,E,PORD000676,PRD0006,ADD_02,119.75,18.57,8.19
LOT000677,A,PORD000677,PRD0011,MILL_01,59.59,23.32,18.91
LOT000677,B,PORD000677,PRD0011,LATHE_02,44.49,15.01,13.2
LOT000677,C,PORD000677,PRD0011,DRILL_02,32.83,15.01,1.88
LOT000677,D,PORD000677,PRD0011,GRIND_03,35.66,17.93,1.18
LOT000677,E,PORD000677,PRD0011,ADD_02,47.36,20.33,11.86
LOT000678,A,PORD000678,PRD0018,MILL_01,65.37,18.81,4.19
LOT000678,B,PORD000678,PRD0018,LATHE_01,65.8,23.78,0.98
LOT000678,C,PORD000678,PRD0018,DRILL_01,68.98,21.22,6.95
LOT000678,D,PORD000678,PRD0018,GRIND_02,68.47,23.72,2.39
LOT000678,E,PORD000678,PRD0018,ADD_02,97.89,20.37,32.89
LOT000679,A,PORD000679,PRD0003,MILL_04,105.48,23.11,19.95
LOT000679,B,PORD000679,PRD0003,LATHE_04,104.63,21.63,3.23
LOT000679,C,PORD000679,PRD0003,DRILL_02,96.74,20.26,1.55
LOT000679,D,PORD000679,PRD0003,GRIND_03,95.43,20.06,0.1
LOT000679,E,PORD000679,PRD0003,ADD_01,93.36,23.85,6.76
LOT000680,A,PORD000680,PRD0007,MILL_02,79.41,22.33,1.74
LOT000680,B,PORD000680,PRD0007,LATHE_03,84.02,22.51,3.11
LOT000680,C,PORD000680,PRD0007,DRILL_03,79.93,21.57,6.38
LOT000680,D,PORD000680,PRD0007,GRIND_02,89.94,18.19,4.92
LOT000680,E,PORD000680,PRD0007,ADD_01,76.71,20.87,1.2
LOT000681,A,PORD000681,PRD0015,MILL_04,62.64,17.67,3.89
LOT000681,B,PORD000681,PRD0015,LATHE_04,65.15,17.32,4.38
LOT000681,C,PORD000681,PRD0015,DRILL_02,69.19,17.4,2.0
LOT000681,D,PORD000681,PRD0015,GRIND_01,75.44,23.75,6.02
LOT000681,E,PORD000681,PRD0015,ADD_02,74.93,19.77,10.88
LOT000682,A,PORD000682,PRD0013,MILL_03,101.67,16.69,0.01
LOT000682,B,PORD000682,PRD0013,LATHE_04,125.0,22.18,19.07
LOT000682,C,PORD000682,PRD0013,DRILL_01,122.72,22.25,6.08
LOT000682,D,PORD000682,PRD0013,GRIND_03,107.38,16.45,6.25
LOT000682,E,PORD000682,PRD0013,ADD_02,109.63,20.04,8.25
LOT000683,A,PORD000683,PRD0008,MILL_04,73.35,18.48,1.74
LOT000683,B,PORD000683,PRD0008,LATHE_02,66.73,15.07,1.6
LOT000683,C,PORD000683,PRD0008,DRILL_01,78.61,21.18,2.14
LOT000683,D,PORD000683,PRD0008,GRIND_01,79.11,21.59,6.97
LOT000683,E,PORD000683,PRD0008,ADD_01,85.81,21.42,8.11
LOT000684,A,PORD000684,PRD0003,MILL_01,26.82,18.93,1.82
LOT000684,B,PORD000684,PRD0003,LATHE_01,25.52,15.43,3.89
LOT000684,C,PORD000684,PRD0003,DRILL_01,58.49,22.95,28.18
LOT000684,D,PORD000684,PRD0003,GRIND_02,32.45,22.33,3.69
LOT000684,E,PORD000684,PRD0003,ADD_02,39.66,21.82,12.23
LOT000685,A,PORD000685,PRD0016,MILL_04,69.72,17.68,4.76
LOT000685,B,PORD000685,PRD0016,LATHE_01,75.47,22.72,3.81
LOT000685,C,PORD000685,PRD0016,DRILL_03,72.39,18.33,0.39
LOT000685,D,PORD000685,PRD0016,GRIND_03,88.71,19.08,19.49
LOT000685,E,PORD000685,PRD0016,ADD_02,84.65,17.2,14.65
LOT000686,A,PORD000686,PRD0002,MILL_03,62.05,22.75,2.34
LOT000686,B,PORD000686,PRD0002,LATHE_04,63.92,19.1,4.23
LOT000686,C,PORD000686,PRD0002,DRILL_03,65.77,17.3,9.2
LOT000686,D,PORD000686,PRD0002,GRIND_03,69.02,24.85,6.45
LOT000686,E,PORD000686,PRD0002,ADD_02,80.81,17.96,26.14
LOT000687,A,PORD000687,PRD0014,MILL_02,95.97,22.57,2.23
LOT000687,B,PORD000687,PRD0014,LATHE_03,79.79,15.82,3.25
LOT000687,C,PORD000687,PRD0014,DRILL_02,101.84,24.57,6.74
LOT000687,D,PORD000687,PRD0014,GRIND_01,97.09,19.81,7.81
LOT000687,E,PORD000687,PRD0014,ADD_01,87.91,18.21,14.74
LOT000688,A,PORD000688,PRD0001,MILL_04,66.83,22.96,7.49
LOT000688,B,PORD000688,PRD0001,LATHE_01,51.37,15.65,1.17
LOT000688,C,PORD000688,PRD0001,DRILL_01,62.72,15.67,6.09
LOT000688,D,PORD000688,PRD0001,GRIND_02,68.94,18.26,15.14
LOT000688,E,PORD000688,PRD0001,ADD_02,57.04,19.75,5.14
LOT000689,A,PORD000689,PRD0003,MILL_01,97.14,22.47,6.99
LOT000689,B,PORD000689,PRD0003,LATHE_02,103.47,23.68,3.63
LOT000689,C,PORD000689,PRD0003,DRILL_01,90.67,15.89,0.86
LOT000689,D,PORD000689,PRD0003,GRIND_02,95.83,15.1,8.09
LOT000689,E,PORD000689,PRD0003,ADD_01,107.05,19.79,22.22
LOT000690,A,PORD000690,PRD0014,MILL_03,43.02,20.94,4.22
LOT000690,B,PORD000690,PRD0014,LATHE_04,41.47,23.53,3.21
LOT000690,C,PORD000690,PRD0014,DRILL_01,39.55,17.79,4.07
LOT000690,D,PORD000690,PRD0014,GRIND_03,48.33,24.33,5.61
LOT000690,E,PORD000690,PRD0014,ADD_02,45.13,18.35,11.88
LOT000691,A,PORD000691,PRD0011,MILL_04,166.49,19.68,23.82
LOT000691,B,PORD000691,PRD0011,LATHE_03,142.51,21.94,13.02
LOT000691,C,PORD000691,PRD0011,DRILL_01,117.08,16.31,0.89
LOT000691,D,PORD000691,PRD0011,GRIND_01,126.51,15.7,3.35
LOT000691,E,PORD000691,PRD0011,ADD_02,132.87,16.08,11.01
LOT000692,A,PORD000692,PRD0020,MILL_02,81.1,15.41,4.33
LOT000692,B,PORD000692,PRD0020,LATHE_04,77.1,21.17,0.71
LOT000692,C,PORD000692,PRD0020,DRILL_03,84.09,15.41,6.8
LOT000692,D,PORD000692,PRD0020,GRIND_01,85.09,20.81,4.59
LOT000692,E,PORD000692,PRD0020,ADD_02,93.27,15.98,14.53
LOT000693,A,PORD000693,PRD0003,MILL_02,91.51,21.15,10.78
LOT000693,B,PORD000693,PRD0003,LATHE_01,86.25,21.41,6.36
LOT000693,C,PORD000693,PRD0003,DRILL_01,84.14,20.95,0.3
LOT000693,D,PORD000693,PRD0003,GRIND_01,86.54,23.38,3.27
LOT000693,E,PORD000693,PRD0003,ADD_01,77.95,16.47,3.68
LOT000694,A,PORD000694,PRD0001,MILL_03,77.79,19.22,0.36
LOT000694,B,PORD000694,PRD0001,LATHE_01,84.77,19.95,4.87
LOT000694,C,PORD000694,PRD0001,DRILL_02,92.02,20.64,12.72
LOT000694,D,PORD000694,PRD0001,GRIND_02,96.19,24.32,15.01
LOT000694,E,PORD000694,PRD0001,ADD_01,89.63,21.45,9.51
LOT000695,A,PORD000695,PRD0006,MILL_03,34.88,16.3,0.73
LOT000695,B,PORD000695,PRD0006,LATHE_02,45.64,23.23,4.18
LOT000695,C,PORD000695,PRD0006,DRILL_01,39.11,18.61,0.46
LOT000695,D,PORD000695,PRD0006,GRIND_03,55.37,18.48,17.56
LOT000695,E,PORD000695,PRD0006,ADD_02,47.11,16.46,8.59
LOT000696,A,PORD000696,PRD0006,MILL_04,113.33,15.81,16.34
LOT000696,B,PORD000696,PRD0006,LATHE_03,109.93,23.57,6.89
LOT000696,C,PORD000696,PRD0006,DRILL_01,97.29,20.29,5.69
LOT000696,D,PORD000696,PRD0006,GRIND_01,115.38,23.11,8.77
LOT000696,E,PORD000696,PRD0006,ADD_01,112.45,21.82,9.4
LOT000697,A,PORD000697,PRD0001,MILL_03,108.67,20.91,10.67
LOT000697,B,PORD000697,PRD0001,LATHE_01,79.2,16.83,0.48
LOT000697,C,PORD000697,PRD0001,DRILL_02,96.85,18.6,6.01
LOT000697,D,PORD000697,PRD0001,GRIND_03,95.23,21.55,1.52
LOT000697,E,PORD000697,PRD0001,ADD_02,97.2,18.81,6.26
LOT000698,A,PORD000698,PRD0008,MILL_02,112.36,21.02,1.57
LOT000698,B,PORD000698,PRD0008,LATHE_03,105.08,23.65,2.31
LOT000698,C,PORD000698,PRD0008,DRILL_03,112.0,22.74,16.53
LOT000698,D,PORD000698,PRD0008,GRIND_01,94.8,22.93,1.32
LOT000698,E,PORD000698,PRD0008,ADD_01,110.48,16.66,8.12
LOT000699,A,PORD000699,PRD0001,MILL_03,63.23,19.01,4.07
LOT000699,B,PORD000699,PRD0001,LATHE_02,54.74,18.34,3.29
LOT000699,C,PORD000699,PRD0001,DRILL_02,71.07,16.93,9.03
LOT000699,D,PORD000699,PRD0001,GRIND_02,61.54,17.64,3.7
LOT000699,E,PORD000699,PRD0001,ADD_02,63.34,23.56,4.52
LOT000700,A,PORD000700,PRD0009,MILL_02,84.49,21.27,6.11
LOT000700,B,PORD000700,PRD0009,LATHE_03,71.75,18.49,1.37
LOT000700,C,PORD000700,PRD0009,DRILL_02,86.12,24.52,9.16
LOT000700,D,PORD000700,PRD0009,GRIND_01,79.05,23.29,1.85
LOT000700,E,PORD000700,PRD0009,ADD_01,78.84,23.08,8.7
LOT000701,A,PORD000701,PRD0001,MILL_04,108.56,23.53,1.78
LOT000701,B,PORD000701,PRD0001,LATHE_02,110.32,19.67,5.79
LOT000701,C,PORD000701,PRD0001,DRILL_01,111.53,16.67,9.18
LOT000701,D,PORD000701,PRD0001,GRIND_02,120.13,24.71,16.65
LOT000701,E,PORD000701,PRD0001,ADD_02,95.17,21.55,2.1
LOT000702,A,PORD000702,PRD0010,MILL_02,84.34,23.79,0.52
LOT000702,B,PORD000702,PRD0010,LATHE_01,88.32,18.31,3.6
LOT000702,C,PORD000702,PRD0010,DRILL_01,82.47,17.3,2.35
LOT000702,D,PORD000702,PRD0010,GRIND_02,82.07,17.74,1.73
LOT000702,E,PORD000702,PRD0010,ADD_01,74.7,18.58,3.51
LOT000703,A,PORD000703,PRD0008,MILL_02,47.5,17.19,4.37
LOT000703,B,PORD000703,PRD0008,LATHE_02,57.61,24.66,7.92
LOT000703,C,PORD000703,PRD0008,DRILL_01,53.82,18.56,7.46
LOT000703,D,PORD000703,PRD0008,GRIND_02,62.66,23.09,15.92
LOT000703,E,PORD000703,PRD0008,ADD_02,59.56,22.0,8.22
LOT000704,A,PORD000704,PRD0019,MILL_01,77.15,16.83,7.1
LOT000704,B,PORD000704,PRD0019,LATHE_01,70.66,20.14,0.36
LOT000704,C,PORD000704,PRD0019,DRILL_01,65.56,16.03,0.55
LOT000704,D,PORD000704,PRD0019,GRIND_01,67.15,17.62,4.19
LOT000704,E,PORD000704,PRD0019,ADD_02,91.05,22.9,18.57
LOT000705,A,PORD000705,PRD0006,MILL_02,78.15,15.88,2.05
LOT000705,B,PORD000705,PRD0006,LATHE_02,79.01,16.48,0.84
LOT000705,C,PORD000705,PRD0006,DRILL_03,84.39,18.85,3.81
LOT000705,D,PORD000705,PRD0006,GRIND_03,87.11,15.88,3.98
LOT000705,E,PORD000705,PRD0006,ADD_02,79.54,20.79,2.53
LOT000706,A,PORD000706,PRD0013,MILL_03,75.98,15.36,5.55
LOT000706,B,PORD000706,PRD0013,LATHE_03,84.79,17.69,8.93
LOT000706,C,PORD000706,PRD0013,DRILL_01,79.28,22.75,3.24
LOT000706,D,PORD000706,PRD0013,GRIND_02,84.38,15.49,8.54
LOT000706,E,PORD000706,PRD0013,ADD_02,68.34,18.81,0.44
LOT000707,A,PORD000707,PRD0016,MILL_02,73.42,23.79,2.97
LOT000707,B,PORD000707,PRD0016,LATHE_02,87.0,22.57,20.18
LOT000707,C,PORD000707,PRD0016,DRILL_01,75.53,19.28,7.61
LOT000707,D,PORD000707,PRD0016,GRIND_02,71.0,21.5,7.04
LOT000707,E,PORD000707,PRD0016,ADD_02,84.46,24.38,14.42
LOT000708,A,PORD000708,PRD0007,MILL_04,104.06,15.5,3.75
LOT000708,B,PORD000708,PRD0007,LATHE_01,107.19,19.01,1.19
LOT000708,C,PORD000708,PRD0007,DRILL_03,116.1,16.49,3.67
LOT000708,D,PORD000708,PRD0007,GRIND_03,137.8,20.4,4.39
LOT000708,E,PORD000708,PRD0007,ADD_02,113.6,15.81,2.03
LOT000709,A,PORD000709,PRD0006,MILL_03,72.91,20.98,5.64
LOT000709,B,PORD000709,PRD0006,LATHE_01,71.17,21.22,5.81
LOT000709,C,PORD000709,PRD0006,DRILL_02,63.81,20.95,0.04
LOT000709,D,PORD000709,PRD0006,GRIND_03,80.21,18.35,18.92
LOT000709,E,PORD000709,PRD0006,ADD_01,80.22,16.79,14.86
LOT000710,A,PORD000710,PRD0016,MILL_02,79.93,23.76,7.11
LOT000710,B,PORD000710,PRD0016,LATHE_04,64.49,18.05,1.98
LOT000710,C,PORD000710,PRD0016,DRILL_01,99.74,21.91,21.33
LOT000710,D,PORD000710,PRD0016,GRIND_02,75.07,21.75,6.66
LOT000710,E,PORD000710,PRD0016,ADD_02,84.75,17.53,14.25
LOT000711,A,PORD000711,PRD0004,MILL_01,163.26,22.94,7.65
LOT000711,B,PORD000711,PRD0004,LATHE_02,132.65,21.74,1.11
LOT000711,C,PORD000711,PRD0004,DRILL_02,136.08,24.11,4.8
LOT000711,D,PORD000711,PRD0004,GRIND_03,163.98,22.45,2.09
LOT000711,E,PORD000711,PRD0004,ADD_01,174.56,19.43,13.38
LOT000712,A,PORD000712,PRD0008,MILL_04,76.17,22.16,6.35
LOT000712,B,PORD000712,PRD0008,LATHE_04,83.53,24.01,7.51
LOT000712,C,PORD000712,PRD0008,DRILL_02,77.44,24.01,2.65
LOT000712,D,PORD000712,PRD0008,GRIND_02,62.0,15.57,3.28
LOT000712,E,PORD000712,PRD0008,ADD_01,84.63,24.35,6.3
LOT000713,A,PORD000713,PRD0001,MILL_01,65.68,24.71,1.02
LOT000713,B,PORD000713,PRD0001,LATHE_03,66.05,24.84,3.89
LOT000713,C,PORD000713,PRD0001,DRILL_03,62.17,15.16,5.8
LOT000713,D,PORD000713,PRD0001,GRIND_03,68.18,23.98,3.22
LOT000713,E,PORD000713,PRD0001,ADD_01,61.45,19.18,7.59
LOT000714,A,PORD000714,PRD0019,MILL_04,58.1,24.14,6.45
LOT000714,B,PORD000714,PRD0019,LATHE_03,56.3,22.24,6.98
LOT000714,C,PORD000714,PRD0019,DRILL_01,63.28,15.01,20.16
LOT000714,D,PORD000714,PRD0019,GRIND_03,57.59,24.95,7.24
LOT000714,E,PORD000714,PRD0019,ADD_01,55.47,22.31,6.54
LOT000715,A,PORD000715,PRD0009,MILL_02,80.01,18.09,2.44
LOT000715,B,PORD000715,PRD0009,LATHE_01,82.6,20.4,2.55
LOT000715,C,PORD000715,PRD0009,DRILL_02,104.43,22.34,20.81
LOT000715,D,PORD000715,PRD0009,GRIND_03,87.92,24.26,0.52
LOT000715,E,PORD000715,PRD0009,ADD_01,95.01,22.8,10.98
LOT000716,A,PORD000716,PRD0005,MILL_02,96.28,21.41,24.43
LOT000716,B,PORD000716,PRD0005,LATHE_03,74.93,17.93,7.4
LOT000716,C,PORD000716,PRD0005,DRILL_02,86.1,23.82,16.91
LOT000716,D,PORD000716,PRD0005,GRIND_02,70.15,15.77,9.19
LOT000716,E,PORD000716,PRD0005,ADD_01,59.88,17.08,1.69
LOT000717,A,PORD000717,PRD0003,MILL_03,40.5,19.64,5.85
LOT000717,B,PORD000717,PRD0003,LATHE_03,42.59,20.61,6.06
LOT000717,C,PORD000717,PRD0003,DRILL_03,37.52,16.3,4.59
LOT000717,D,PORD000717,PRD0003,GRIND_03,36.31,15.44,5.72
LOT000717,E,PORD000717,PRD0003,ADD_02,40.71,18.65,7.79
LOT000718,A,PORD000718,PRD0018,MILL_04,122.21,21.89,4.91
LOT000718,B,PORD000718,PRD0018,LATHE_04,124.52,18.45,4.64
LOT000718,C,PORD000718,PRD0018,DRILL_01,126.2,19.0,6.8
LOT000718,D,PORD000718,PRD0018,GRIND_01,136.18,22.85,1.93
LOT000718,E,PORD000718,PRD0018,ADD_02,111.95,15.25,3.96
LOT000719,A,PORD000719,PRD0004,MILL_03,66.8,20.93,0.17
LOT000719,B,PORD000719,PRD0004,LATHE_01,70.97,23.16,2.68
LOT000719,C,PORD000719,PRD0004,DRILL_03,66.62,17.12,0.67
LOT000719,D,PORD000719,PRD0004,GRIND_03,82.47,17.77,8.62
LOT000719,E,PORD000719,PRD0004,ADD_02,80.8,22.66,6.13
LOT000720,A,PORD000720,PRD0005,MILL_01,74.6,22.88,4.11
LOT000720,B,PORD000720,PRD0005,LATHE_04,76.24,16.56,4.1
LOT000720,C,PORD000720,PRD0005,DRILL_03,68.43,21.85,1.49
LOT000720,D,PORD000720,PRD0005,GRIND_02,85.26,22.4,13.43
LOT000720,E,PORD000720,PRD0005,ADD_02,92.27,19.76,31.56
LOT000721,A,PORD000721,PRD0015,MILL_01,44.56,20.53,2.74
LOT000721,B,PORD000721,PRD0015,LATHE_04,50.28,21.59,7.66
LOT000721,C,PORD000721,PRD0015,DRILL_03,50.42,20.52,5.32
LOT000721,D,PORD000721,PRD0015,GRIND_02,47.58,19.2,5.04
LOT000721,E,PORD000721,PRD0015,ADD_02,50.69,22.39,6.72
LOT000722,A,PORD000722,PRD0018,MILL_04,99.98,24.35,0.45
LOT000722,B,PORD000722,PRD0018,LATHE_04,86.05,18.23,2.71
LOT000722,C,PORD000722,PRD0018,DRILL_01,89.57,17.39,3.07
LOT000722,D,PORD000722,PRD0018,GRIND_02,95.93,16.04,7.79
LOT000722,E,PORD000722,PRD0018,ADD_01,101.42,22.44,15.0
LOT000723,A,PORD000723,PRD0007,MILL_01,73.45,22.02,2.75
LOT000723,B,PORD000723,PRD0007,LATHE_04,80.25,23.54,6.23
LOT000723,C,PORD000723,PRD0007,DRILL_03,65.72,19.36,0.59
LOT000723,D,PORD000723,PRD0007,GRIND_02,69.27,15.63,1.45
LOT000723,E,PORD000723,PRD0007,ADD_02,75.15,18.36,10.06
LOT000724,A,PORD000724,PRD0017,MILL_01,77.39,18.23,7.53
LOT000724,B,PORD000724,PRD0017,LATHE_02,70.72,16.53,4.63
LOT000724,C,PORD000724,PRD0017,DRILL_03,88.28,24.46,9.89
LOT000724,D,PORD000724,PRD0017,GRIND_02,70.58,22.33,0.12
LOT000724,E,PORD000724,PRD0017,ADD_02,80.8,24.61,5.68
LOT000725,A,PORD000725,PRD0004,MILL_01,57.27,17.24,0.92
LOT000725,B,PORD000725,PRD0004,LATHE_01,59.87,18.09,4.55
LOT000725,C,PORD000725,PRD0004,DRILL_03,62.28,16.64,8.55
LOT000725,D,PORD000725,PRD0004,GRIND_03,65.49,18.07,0.82
LOT000725,E,PORD000725,PRD0004,ADD_02,114.01,24.67,44.52
LOT000726,A,PORD000726,PRD0001,MILL_02,87.62,15.29,1.69
LOT000726,B,PORD000726,PRD0001,LATHE_02,81.41,15.85,5.49
LOT000726,C,PORD000726,PRD0001,DRILL_03,100.59,24.09,0.94
LOT000726,D,PORD000726,PRD0001,GRIND_01,94.79,24.41,0.01
LOT000726,E,PORD000726,PRD0001,ADD_02,78.47,16.0,1.27
LOT000727,A,PORD000727,PRD0018,MILL_01,77.26,24.76,5.74
LOT000727,B,PORD000727,PRD0018,LATHE_03,72.67,20.05,7.17
LOT000727,C,PORD000727,PRD0018,DRILL_02,74.29,20.59,0.62
LOT000727,D,PORD000727,PRD0018,GRIND_03,74.62,17.25,4.69
LOT000727,E,PORD000727,PRD0018,ADD_02,84.52,23.6,14.47
LOT000728,A,PORD000728,PRD0016,MILL_01,108.05,20.68,2.98
LOT000728,B,PORD000728,PRD0016,LATHE_02,114.77,24.3,5.08
LOT000728,C,PORD000728,PRD0016,DRILL_03,119.32,20.76,2.62
LOT000728,D,PORD000728,PRD0016,GRIND_01,117.7,19.68,9.95
LOT000728,E,PORD000728,PRD0016,ADD_02,113.0,20.37,2.77
LOT000729,A,PORD000729,PRD0014,MILL_02,53.83,20.26,3.19
LOT000729,B,PORD000729,PRD0014,LATHE_04,46.77,16.3,2.98
LOT000729,C,PORD000729,PRD0014,DRILL_03,59.73,23.6,4.05
LOT000729,D,PORD000729,PRD0014,GRIND_02,50.8,15.88,5.46
LOT000729,E,PORD000729,PRD0014,ADD_02,54.77,19.89,6.4
LOT000730,A,PORD000730,PRD0013,MILL_04,88.42,17.33,0.57
LOT000730,B,PORD000730,PRD0013,LATHE_04,99.55,20.94,6.51
LOT000730,C,PORD000730,PRD0013,DRILL_01,89.49,16.91,6.73
LOT000730,D,PORD000730,PRD0013,GRIND_02,96.5,16.45,9.34
LOT000730,E,PORD000730,PRD0013,ADD_02,113.39,16.6,23.79
LOT000731,A,PORD000731,PRD0001,MILL_04,142.3,21.78,3.5
LOT000731,B,PORD000731,PRD0001,LATHE_03,118.06,16.91,5.85
LOT000731,C,PORD000731,PRD0001,DRILL_02,151.47,18.62,12.78
LOT000731,D,PORD000731,PRD0001,GRIND_03,159.74,17.44,28.14
LOT000731,E,PORD000731,PRD0001,ADD_02,137.14,18.74,13.22
LOT000732,A,PORD000732,PRD0013,MILL_02,72.45,20.07,2.64
LOT000732,B,PORD000732,PRD0013,LATHE_01,71.51,15.31,4.02
LOT000732,C,PORD000732,PRD0013,DRILL_01,74.45,16.35,3.2
LOT000732,D,PORD000732,PRD0013,GRIND_03,78.84,21.42,4.8
LOT000732,E,PORD000732,PRD0013,ADD_02,72.45,21.69,2.83
LOT000733,A,PORD000733,PRD0012,MILL_03,99.6,18.25,1.73
LOT000733,B,PORD000733,PRD0012,LATHE_04,94.67,17.79,4.37
LOT000733,C,PORD000733,PRD0012,DRILL_01,95.09,18.25,8.34
LOT000733,D,PORD000733,PRD0012,GRIND_03,107.97,20.87,7.5
LOT000733,E,PORD000733,PRD0012,ADD_01,105.94,19.04,9.09
LOT000734,A,PORD000734,PRD0010,MILL_04,54.19,18.06,0.36
LOT000734,B,PORD000734,PRD0010,LATHE_01,60.34,24.6,0.88
LOT000734,C,PORD000734,PRD0010,DRILL_02,60.69,18.64,8.49
LOT000734,D,PORD000734,PRD0010,GRIND_02,61.66,22.14,5.51
LOT000734,E,PORD000734,PRD0010,ADD_02,56.97,20.18,7.67
LOT000735,A,PORD000735,PRD0014,MILL_04,29.92,19.9,4.06
LOT000735,B,PORD000735,PRD0014,LATHE_01,35.13,23.46,5.69
LOT000735,C,PORD000735,PRD0014,DRILL_03,37.96,22.87,8.39
LOT000735,D,PORD000735,PRD0014,GRIND_03,31.46,16.55,8.43
LOT000735,E,PORD000735,PRD0014,ADD_02,34.15,20.28,8.1
LOT000736,A,PORD000736,PRD0017,MILL_03,96.1,22.77,23.12
LOT000736,B,PORD000736,PRD0017,LATHE_03,78.88,23.52,4.05
LOT000736,C,PORD000736,PRD0017,DRILL_02,96.2,19.4,28.47
LOT000736,D,PORD000736,PRD0017,GRIND_03,65.62,21.18,1.13
LOT000736,E,PORD000736,PRD0017,ADD_02,77.37,15.54,11.12
LOT000737,A,PORD000737,PRD0019,MILL_02,108.55,19.64,6.9
LOT000737,B,PORD000737,PRD0019,LATHE_04,98.01,17.38,3.57
LOT000737,C,PORD000737,PRD0019,DRILL_01,108.34,20.36,7.7
LOT000737,D,PORD000737,PRD0019,GRIND_01,112.09,24.67,8.25
LOT000737,E,PORD000737,PRD0019,ADD_01,143.86,18.63,44.5
LOT000738,A,PORD000738,PRD0014,MILL_01,136.66,24.22,21.58
LOT000738,B,PORD000738,PRD0014,LATHE_02,91.95,20.78,1.57
LOT000738,C,PORD000738,PRD0014,DRILL_01,114.43,17.19,8.48
LOT000738,D,PORD000738,PRD0014,GRIND_02,113.9,19.45,3.33
LOT000738,E,PORD000738,PRD0014,ADD_02,117.96,17.77,26.64
LOT000739,A,PORD000739,PRD0020,MILL_04,95.36,20.53,1.07
LOT000739,B,PORD000739,PRD0020,LATHE_02,86.73,20.23,1.01
LOT000739,C,PORD000739,PRD0020,DRILL_01,91.58,17.42,3.32
LOT000739,D,PORD000739,PRD0020,GRIND_01,78.55,16.85,0.43
LOT000739,E,PORD000739,PRD0020,ADD_01,104.32,20.95,11.24
LOT000740,A,PORD000740,PRD0014,MILL_01,69.17,23.3,6.93
LOT000740,B,PORD000740,PRD0014,LATHE_02,60.05,19.73,0.8
LOT000740,C,PORD000740,PRD0014,DRILL_02,67.23,19.46,7.74
LOT000740,D,PORD000740,PRD0014,GRIND_02,71.6,19.33,7.77
LOT000740,E,PORD000740,PRD0014,ADD_01,52.13,15.89,1.9
LOT000741,A,PORD000741,PRD0002,MILL_02,51.91,15.55,1.51
LOT000741,B,PORD000741,PRD0002,LATHE_04,64.01,24.86,0.45
LOT000741,C,PORD000741,PRD0002,DRILL_02,65.67,19.89,8.97
LOT000741,D,PORD000741,PRD0002,GRIND_02,50.85,15.85,1.26
LOT000741,E,PORD000741,PRD0002,ADD_02,81.74,16.41,30.14
LOT000742,A,PORD000742,PRD0004,MILL_03,63.62,21.18,6.63
LOT000742,B,PORD000742,PRD0004,LATHE_01,60.49,20.19,5.66
LOT000742,C,PORD000742,PRD0004,DRILL_01,62.7,20.41,11.0
LOT000742,D,PORD000742,PRD0004,GRIND_03,59.11,16.52,7.73
LOT000742,E,PORD000742,PRD0004,ADD_01,72.08,20.64,13.04
LOT000743,A,PORD000743,PRD0012,MILL_01,90.44,17.43,6.35
LOT000743,B,PORD000743,PRD0012,LATHE_03,100.89,24.76,3.43
LOT000743,C,PORD000743,PRD0012,DRILL_02,89.58,15.59,7.46
LOT000743,D,PORD000743,PRD0012,GRIND_03,98.17,20.99,1.79
LOT000743,E,PORD000743,PRD0012,ADD_01,100.82,18.47,1.35
LOT000744,A,PORD000744,PRD0015,MILL_03,56.12,21.11,5.36
LOT000744,B,PORD000744,PRD0015,LATHE_03,57.1,19.09,2.66
LOT000744,C,PORD000744,PRD0015,DRILL_02,62.28,18.5,9.4
LOT000744,D,PORD000744,PRD0015,GRIND_02,72.01,15.64,22.84
LOT000744,E,PORD000744,PRD0015,ADD_02,60.82,21.67,8.67
LOT000745,A,PORD000745,PRD0014,MILL_01,80.38,19.81,3.51
LOT000745,B,PORD000745,PRD0014,LATHE_04,76.1,23.16,3.45
LOT000745,C,PORD000745,PRD0014,DRILL_01,85.51,25.0,6.94
LOT000745,D,PORD000745,PRD0014,GRIND_03,69.14,16.06,0.87
LOT000745,E,PORD000745,PRD0014,ADD_02,61.62,15.68,0.7
LOT000746,A,PORD000746,PRD0007,MILL_02,34.77,22.55,6.54
LOT000746,B,PORD000746,PRD0007,LATHE_03,35.38,24.22,5.67
LOT000746,C,PORD000746,PRD0007,DRILL_03,38.82,23.99,8.47
LOT000746,D,PORD000746,PRD0007,GRIND_03,32.97,21.79,4.11
LOT000746,E,PORD000746,PRD0007,ADD_02,39.85,24.24,9.6
LOT000747,A,PORD000747,PRD0002,MILL_02,85.46,24.02,6.51
LOT000747,B,PORD000747,PRD0002,LATHE_03,104.5,18.43,19.93
LOT000747,C,PORD000747,PRD0002,DRILL_02,75.25,19.12,0.22
LOT000747,D,PORD000747,PRD0002,GRIND_01,104.39,18.87,29.04
LOT000747,E,PORD000747,PRD0002,ADD_01,98.12,22.04,13.22
LOT000748,A,PORD000748,PRD0019,MILL_02,99.04,21.69,4.18
LOT000748,B,PORD000748,PRD0019,LATHE_02,94.76,18.74,5.22
LOT000748,C,PORD000748,PRD0019,DRILL_02,98.25,24.65,4.8
LOT000748,D,PORD000748,PRD0019,GRIND_03,94.59,23.98,8.5
LOT000748,E,PORD000748,PRD0019,ADD_01,110.23,23.03,12.71
LOT000749,A,PORD000749,PRD0017,MILL_04,80.46,22.26,1.08
LOT000749,B,PORD000749,PRD0017,LATHE_01,74.97,16.75,5.15
LOT000749,C,PORD000749,PRD0017,DRILL_02,77.45,17.88,2.3
LOT000749,D,PORD000749,PRD0017,GRIND_02,76.68,16.64,9.16
LOT000749,E,PORD000749,PRD0017,ADD_02,77.92,18.46,3.07
LOT000750,A,PORD000750,PRD0003,MILL_04,86.54,21.63,15.65
LOT000750,B,PORD000750,PRD0003,LATHE_03,77.25,18.28,5.65
LOT000750,C,PORD000750,PRD0003,DRILL_01,70.34,15.25,3.3
LOT000750,D,PORD000750,PRD0003,GRIND_03,108.87,21.08,33.66
LOT000750,E,PORD000750,PRD0003,ADD_01,69.71,18.18,0.07
LOT000751,A,PORD000751,PRD0018,MILL_02,118.63,17.25,0.75
LOT000751,B,PORD000751,PRD0018,LATHE_01,110.13,19.48,1.51
LOT000751,C,PORD000751,PRD0018,DRILL_02,121.64,17.73,3.64
LOT000751,D,PORD000751,PRD0018,GRIND_03,138.6,15.93,22.17
LOT000751,E,PORD000751,PRD0018,ADD_02,123.68,16.08,12.79
LOT000752,A,PORD000752,PRD0019,MILL_02,108.03,23.29,18.8
LOT000752,B,PORD000752,PRD0019,LATHE_02,82.37,23.46,1.36
LOT000752,C,PORD000752,PRD0019,DRILL_01,89.69,16.38,5.77
LOT000752,D,PORD000752,PRD0019,GRIND_03,85.34,16.08,9.24
LOT000752,E,PORD000752,PRD0019,ADD_02,107.95,24.26,5.22
LOT000753,A,PORD000753,PRD0013,MILL_03,77.54,20.39,2.88
LOT000753,B,PORD000753,PRD0013,LATHE_01,71.09,22.46,0.36
LOT000753,C,PORD000753,PRD0013,DRILL_02,87.97,23.23,8.39
LOT000753,D,PORD000753,PRD0013,GRIND_01,88.24,24.29,9.83
LOT000753,E,PORD000753,PRD0013,ADD_02,106.47,22.25,27.37
LOT000754,A,PORD000754,PRD0009,MILL_04,146.44,17.76,7.3
LOT000754,B,PORD000754,PRD0009,LATHE_02,128.18,24.42,2.66
LOT000754,C,PORD000754,PRD0009,DRILL_03,132.56,16.89,8.9
LOT000754,D,PORD000754,PRD0009,GRIND_03,132.1,22.12,6.99
LOT000754,E,PORD000754,PRD0009,ADD_01,123.81,24.59,4.45
LOT000755,A,PORD000755,PRD0011,MILL_02,85.91,20.95,2.43
LOT000755,B,PORD000755,PRD0011,LATHE_01,85.94,15.22,0.55
LOT000755,C,PORD000755,PRD0011,DRILL_02,86.96,22.92,2.61
LOT000755,D,PORD000755,PRD0011,GRIND_03,86.73,18.71,0.53
LOT000755,E,PORD000755,PRD0011,ADD_02,102.74,19.66,26.54
LOT000756,A,PORD000756,PRD0020,MILL_04,66.47,22.78,4.59
LOT000756,B,PORD000756,PRD0020,LATHE_04,64.38,20.24,5.85
LOT000756,C,PORD000756,PRD0020,DRILL_03,74.09,21.84,14.43
LOT000756,D,PORD000756,PRD0020,GRIND_02,62.49,19.62,7.51
LOT000756,E,PORD000756,PRD0020,ADD_02,72.67,15.43,11.43
LOT000757,A,PORD000757,PRD0007,MILL_02,74.63,16.22,3.6
LOT000757,B,PORD000757,PRD0007,LATHE_03,85.07,16.3,14.08
LOT000757,C,PORD000757,PRD0007,DRILL_02,80.63,19.06,3.64
LOT000757,D,PORD000757,PRD0007,GRIND_01,82.9,17.96,5.03
LOT000757,E,PORD000757,PRD0007,ADD_02,89.3,20.98,10.71
LOT000758,A,PORD000758,PRD0004,MILL_01,64.49,22.26,4.2
LOT000758,B,PORD000758,PRD0004,LATHE_02,65.89,22.37,1.77
LOT000758,C,PORD000758,PRD0004,DRILL_03,97.86,21.29,34.9
LOT000758,D,PORD000758,PRD0004,GRIND_01,78.17,24.53,8.01
LOT000758,E,PORD000758,PRD0004,ADD_01,70.78,16.4,6.48
LOT000759,A,PORD000759,PRD0013,MILL_01,76.16,16.73,7.32
LOT000759,B,PORD000759,PRD0013,LATHE_02,62.9,17.11,1.87
LOT000759,C,PORD000759,PRD0013,DRILL_01,74.38,24.91,2.34
LOT000759,D,PORD000759,PRD0013,GRIND_02,73.83,24.21,0.45
LOT000759,E,PORD000759,PRD0013,ADD_01,73.79,23.82,2.72
LOT000760,A,PORD000760,PRD0001,MILL_03,63.45,21.35,6.99
LOT000760,B,PORD000760,PRD0001,LATHE_01,57.87,24.8,1.35
LOT000760,C,PORD000760,PRD0001,DRILL_03,57.36,16.51,5.81
LOT000760,D,PORD000760,PRD0001,GRIND_01,58.16,21.93,4.14
LOT000760,E,PORD000760,PRD0001,ADD_01,55.86,22.35,4.69
LOT000761,A,PORD000761,PRD0011,MILL_03,130.22,22.83,0.21
LOT000761,B,PORD000761,PRD0011,LATHE_02,149.42,24.8,16.1
LOT000761,C,PORD000761,PRD0011,DRILL_03,104.82,15.26,9.45
LOT000761,D,PORD000761,PRD0011,GRIND_03,112.32,18.58,0.64
LOT000761,E,PORD000761,PRD0011,ADD_02,150.71,20.91,35.65
LOT000762,A,PORD000762,PRD0005,MILL_04,63.27,16.34,4.81
LOT000762,B,PORD000762,PRD0005,LATHE_04,73.45,23.01,1.53
LOT000762,C,PORD000762,PRD0005,DRILL_02,65.02,20.34,2.15
LOT000762,D,PORD000762,PRD0005,GRIND_01,67.01,15.91,3.98
LOT000762,E,PORD000762,PRD0005,ADD_02,98.03,17.91,42.33
LOT000763,A,PORD000763,PRD0002,MILL_04,99.91,18.8,9.08
LOT000763,B,PORD000763,PRD0002,LATHE_01,94.64,17.21,1.16
LOT000763,C,PORD000763,PRD0002,DRILL_03,103.14,22.08,7.77
LOT000763,D,PORD000763,PRD0002,GRIND_01,101.74,16.5,5.61
LOT000763,E,PORD000763,PRD0002,ADD_02,135.8,20.46,41.48
LOT000764,A,PORD000764,PRD0018,MILL_03,136.24,23.61,23.16
LOT000764,B,PORD000764,PRD0018,LATHE_04,119.59,24.96,6.29
LOT000764,C,PORD000764,PRD0018,DRILL_02,107.19,19.01,2.31
LOT000764,D,PORD000764,PRD0018,GRIND_01,107.61,22.13,2.72
LOT000764,E,PORD000764,PRD0018,ADD_01,119.92,20.26,22.88
LOT000765,A,PORD000765,PRD0014,MILL_04,32.48,19.23,7.23
LOT000765,B,PORD000765,PRD0014,LATHE_03,26.3,19.92,1.05
LOT000765,C,PORD000765,PRD0014,DRILL_02,38.03,23.56,8.35
LOT000765,D,PORD000765,PRD0014,GRIND_02,59.89,19.59,33.73
LOT000765,E,PORD000765,PRD0014,ADD_01,31.35,19.55,6.65
LOT000766,A,PORD000766,PRD0016,MILL_01,80.38,20.04,3.1
LOT000766,B,PORD000766,PRD0016,LATHE_03,79.09,24.28,1.54
LOT000766,C,PORD000766,PRD0016,DRILL_01,86.12,23.08,0.41
LOT000766,D,PORD000766,PRD0016,GRIND_03,73.5,17.42,0.24
LOT000766,E,PORD000766,PRD0016,ADD_01,97.9,22.26,10.23
LOT000767,A,PORD000767,PRD0004,MILL_01,94.21,17.82,4.98
LOT000767,B,PORD000767,PRD0004,LATHE_03,78.87,16.39,2.55
LOT000767,C,PORD000767,PRD0004,DRILL_02,84.86,15.45,8.67
LOT000767,D,PORD000767,PRD0004,GRIND_03,105.4,21.72,13.47
LOT000767,E,PORD000767,PRD0004,ADD_01,100.46,24.72,7.67
LOT000768,A,PORD000768,PRD0018,MILL_02,99.2,23.15,3.23
LOT000768,B,PORD000768,PRD0018,LATHE_02,108.6,20.3,4.9
LOT000768,C,PORD000768,PRD0018,DRILL_03,96.82,19.35,3.85
LOT000768,D,PORD000768,PRD0018,GRIND_01,104.39,19.72,7.1
LOT000768,E,PORD000768,PRD0018,ADD_02,110.97,20.49,14.99
LOT000769,A,PORD000769,PRD0007,MILL_01,47.68,19.1,1.76
LOT000769,B,PORD000769,PRD0007,LATHE_03,52.88,22.38,4.86
LOT000769,C,PORD000769,PRD0007,DRILL_01,58.93,22.73,11.43
LOT000769,D,PORD000769,PRD0007,GRIND_02,58.75,23.75,5.12
LOT000769,E,PORD000769,PRD0007,ADD_02,44.87,16.6,1.65
LOT000770,A,PORD000770,PRD0003,MILL_03,72.05,16.14,0.43
LOT000770,B,PORD000770,PRD0003,LATHE_02,89.21,23.86,4.78
LOT000770,C,PORD000770,PRD0003,DRILL_01,93.15,23.55,0.44
LOT000770,D,PORD000770,PRD0003,GRIND_02,80.27,15.69,3.38
LOT000770,E,PORD000770,PRD0003,ADD_02,88.28,23.91,7.19
LOT000771,A,PORD000771,PRD0015,MILL_02,112.2,20.91,7.82
LOT000771,B,PORD000771,PRD0015,LATHE_04,102.85,21.83,2.18
LOT000771,C,PORD000771,PRD0015,DRILL_02,118.67,18.48,7.19
LOT000771,D,PORD000771,PRD0015,GRIND_02,113.3,17.39,18.32
LOT000771,E,PORD000771,PRD0015,ADD_02,121.55,24.04,11.3
LOT000772,A,PORD000772,PRD0008,MILL_02,65.0,20.61,2.12
LOT000772,B,PORD000772,PRD0008,LATHE_01,62.04,19.31,5.55
LOT000772,C,PORD000772,PRD0008,DRILL_03,65.77,24.39,5.06
LOT000772,D,PORD000772,PRD0008,GRIND_01,66.72,23.96,6.89
LOT000772,E,PORD000772,PRD0008,ADD_02,70.92,17.69,14.2
LOT000773,A,PORD000773,PRD0008,MILL_01,97.03,22.97,6.2
LOT000773,B,PORD000773,PRD0008,LATHE_04,89.08,17.91,4.82
LOT000773,C,PORD000773,PRD0008,DRILL_01,92.05,21.74,6.53
LOT000773,D,PORD000773,PRD0008,GRIND_01,87.49,24.98,4.25
LOT000773,E,PORD000773,PRD0008,ADD_01,88.42,16.93,6.08
LOT000774,A,PORD000774,PRD0002,MILL_01,57.67,16.04,14.32
LOT000774,B,PORD000774,PRD0002,LATHE_03,48.97,16.12,4.67
LOT000774,C,PORD000774,PRD0002,DRILL_02,58.22,19.31,9.91
LOT000774,D,PORD000774,PRD0002,GRIND_02,62.02,21.85,8.63
LOT000774,E,PORD000774,PRD0002,ADD_02,59.74,23.21,5.6
LOT000775,A,PORD000775,PRD0020,MILL_04,82.05,20.68,2.5
LOT000775,B,PORD000775,PRD0020,LATHE_04,76.55,21.64,1.62
LOT000775,C,PORD000775,PRD0020,DRILL_02,72.08,15.47,2.22
LOT000775,D,PORD000775,PRD0020,GRIND_01,90.49,23.36,4.84
LOT000775,E,PORD000775,PRD0020,ADD_02,93.9,19.56,12.53
LOT000776,A,PORD000776,PRD0004,MILL_02,121.5,24.72,14.35
LOT000776,B,PORD000776,PRD0004,LATHE_03,104.37,21.87,4.8
LOT000776,C,PORD000776,PRD0004,DRILL_03,94.09,18.06,5.4
LOT000776,D,PORD000776,PRD0004,GRIND_01,106.41,18.92,0.76
LOT000776,E,PORD000776,PRD0004,ADD_02,117.1,20.12,6.86
LOT000777,A,PORD000777,PRD0013,MILL_03,49.4,21.59,5.49
LOT000777,B,PORD000777,PRD0013,LATHE_04,45.56,19.37,5.6
LOT000777,C,PORD000777,PRD0013,DRILL_02,48.38,19.64,7.32
LOT000777,D,PORD000777,PRD0013,GRIND_01,48.27,19.37,5.0
LOT000777,E,PORD000777,PRD0013,ADD_02,45.1,20.94,2.45
LOT000778,A,PORD000778,PRD0008,MILL_04,29.0,16.13,6.78
LOT000778,B,PORD000778,PRD0008,LATHE_01,31.73,24.64,0.42
LOT000778,C,PORD000778,PRD0008,DRILL_01,30.94,19.18,5.22
LOT000778,D,PORD000778,PRD0008,GRIND_01,31.66,19.26,6.76
LOT000778,E,PORD000778,PRD0008,ADD_02,30.44,18.27,5.92
LOT000779,A,PORD000779,PRD0002,MILL_02,102.91,15.24,20.07
LOT000779,B,PORD000779,PRD0002,LATHE_03,105.22,20.89,7.24
LOT000779,C,PORD000779,PRD0002,DRILL_01,93.09,21.21,0.18
LOT000779,D,PORD000779,PRD0002,GRIND_02,103.43,19.27,8.93
LOT000779,E,PORD000779,PRD0002,ADD_02,99.31,16.68,7.87
LOT000780,A,PORD000780,PRD0003,MILL_03,61.8,17.95,1.51
LOT000780,B,PORD000780,PRD0003,LATHE_04,68.19,15.72,4.78
LOT000780,C,PORD000780,PRD0003,DRILL_02,79.73,21.27,6.08
LOT000780,D,PORD000780,PRD0003,GRIND_01,65.09,15.74,4.37
LOT000780,E,PORD000780,PRD0003,ADD_02,75.84,18.17,13.95
LOT000781,A,PORD000781,PRD0005,MILL_01,31.64,20.1,5.38
LOT000781,B,PORD000781,PRD0005,LATHE_01,25.81,16.88,1.88
LOT000781,C,PORD000781,PRD0005,DRILL_02,43.84,20.44,17.97
LOT000781,D,PORD000781,PRD0005,GRIND_03,30.68,17.91,6.25
LOT000781,E,PORD000781,PRD0005,ADD_01,39.4,20.69,12.89
LOT000782,A,PORD000782,PRD0018,MILL_02,89.59,24.49,6.08
LOT000782,B,PORD000782,PRD0018,LATHE_01,78.87,15.65,2.19
LOT000782,C,PORD000782,PRD0018,DRILL_03,79.89,20.79,5.88
LOT000782,D,PORD000782,PRD0018,GRIND_03,98.47,24.34,9.95
LOT000782,E,PORD000782,PRD0018,ADD_02,83.26,22.03,1.27
LOT000783,A,PORD000783,PRD0010,MILL_04,63.68,19.34,1.38
LOT000783,B,PORD000783,PRD0010,LATHE_03,83.84,19.86,20.14
LOT000783,C,PORD000783,PRD0010,DRILL_02,73.25,22.31,6.04
LOT000783,D,PORD000783,PRD0010,GRIND_01,66.14,18.12,9.01
LOT000783,E,PORD000783,PRD0010,ADD_01,54.74,15.15,1.47
LOT000784,A,PORD000784,PRD0007,MILL_04,86.81,21.29,13.38
LOT000784,B,PORD000784,PRD0007,LATHE_03,84.78,16.45,6.43
LOT000784,C,PORD000784,PRD0007,DRILL_02,87.9,18.21,8.7
LOT000784,D,PORD000784,PRD0007,GRIND_03,86.26,24.82,2.59
LOT000784,E,PORD000784,PRD0007,ADD_02,88.03,23.42,3.27
LOT000785,A,PORD000785,PRD0004,MILL_02,95.9,15.56,14.88
LOT000785,B,PORD000785,PRD0004,LATHE_04,102.94,17.62,24.15
LOT000785,C,PORD000785,PRD0004,DRILL_03,91.75,23.92,2.75
LOT000785,D,PORD000785,PRD0004,GRIND_02,101.27,21.84,5.23
LOT000785,E,PORD000785,PRD0004,ADD_01,129.85,20.75,39.69
LOT000786,A,PORD000786,PRD0004,MILL_04,55.73,21.93,6.16
LOT000786,B,PORD000786,PRD0004,LATHE_03,56.82,24.53,4.85
LOT000786,C,PORD000786,PRD0004,DRILL_01,60.33,20.96,8.38
LOT000786,D,PORD000786,PRD0004,GRIND_03,63.48,20.22,6.89
LOT000786,E,PORD000786,PRD0004,ADD_01,58.89,24.71,4.02
LOT000787,A,PORD000787,PRD0012,MILL_03,73.57,20.5,20.98
LOT000787,B,PORD000787,PRD0012,LATHE_04,55.24,24.01,2.15
LOT000787,C,PORD000787,PRD0012,DRILL_01,51.06,19.68,3.27
LOT000787,D,PORD000787,PRD0012,GRIND_01,72.58,22.28,20.62
LOT000787,E,PORD000787,PRD0012,ADD_02,52.96,20.75,1.34
LOT000788,A,PORD000788,PRD0017,MILL_01,99.71,15.47,3.55
LOT000788,B,PORD000788,PRD0017,LATHE_02,96.07,22.45,1.7
LOT000788,C,PORD000788,PRD0017,DRILL_01,120.23,22.39,12.91
LOT000788,D,PORD000788,PRD0017,GRIND_01,92.08,17.27,3.92
LOT000788,E,PORD000788,PRD0017,ADD_01,140.08,18.42,37.25
LOT000789,A,PORD000789,PRD0002,MILL_02,72.43,18.4,3.99
LOT000789,B,PORD000789,PRD0002,LATHE_02,80.61,17.19,6.28
LOT000789,C,PORD000789,PRD0002,DRILL_02,88.53,20.65,7.56
LOT000789,D,PORD000789,PRD0002,GRIND_02,85.24,17.36,11.13
LOT000789,E,PORD000789,PRD0002,ADD_01,96.54,24.99,7.6
LOT000790,A,PORD000790,PRD0009,MILL_04,78.85,16.96,7.28
LOT000790,B,PORD000790,PRD0009,LATHE_04,105.25,22.89,21.65
LOT000790,C,PORD000790,PRD0009,DRILL_02,88.56,17.29,9.13
LOT000790,D,PORD000790,PRD0009,GRIND_01,75.49,22.1,3.18
LOT000790,E,PORD000790,PRD0009,ADD_02,81.18,19.27,9.59
LOT000791,A,PORD000791,PRD0011,MILL_02,56.09,21.91,3.95
LOT000791,B,PORD000791,PRD0011,LATHE_04,51.99,17.19,2.29
LOT000791,C,PORD000791,PRD0011,DRILL_01,46.64,17.41,0.84
LOT000791,D,PORD000791,PRD0011,GRIND_02,50.35,15.16,3.69
LOT000791,E,PORD000791,PRD0011,ADD_02,56.93,22.45,6.14
LOT000792,A,PORD000792,PRD0003,MILL_02,81.67,20.97,11.28
LOT000792,B,PORD000792,PRD0003,LATHE_03,79.3,21.36,4.82
LOT000792,C,PORD000792,PRD0003,DRILL_02,83.72,23.82,6.52
LOT000792,D,PORD000792,PRD0003,GRIND_03,78.17,18.0,7.31
LOT000792,E,PORD000792,PRD0003,ADD_02,70.19,20.88,6.93
LOT000793,A,PORD000793,PRD0011,MILL_04,37.8,16.33,14.67
LOT000793,B,PORD000793,PRD0011,LATHE_03,27.47,15.71,5.35
LOT000793,C,PORD000793,PRD0011,DRILL_03,28.14,16.92,4.88
LOT000793,D,PORD000793,PRD0011,GRIND_02,31.52,17.52,7.74
LOT000793,E,PORD000793,PRD0011,ADD_02,40.98,24.99,9.85
LOT000794,A,PORD000794,PRD0014,MILL_02,88.65,24.25,3.95
LOT000794,B,PORD000794,PRD0014,LATHE_01,79.06,17.44,7.79
LOT000794,C,PORD000794,PRD0014,DRILL_03,90.24,24.8,6.95
LOT000794,D,PORD000794,PRD0014,GRIND_02,87.62,24.46,7.83
LOT000794,E,PORD000794,PRD0014,ADD_02,74.5,20.55,6.96
LOT000795,A,PORD000795,PRD0010,MILL_02,54.15,15.23,1.48
LOT000795,B,PORD000795,PRD0010,LATHE_04,71.39,19.15,14.24
LOT000795,C,PORD000795,PRD0010,DRILL_03,54.58,16.94,7.09
LOT000795,D,PORD000795,PRD0010,GRIND_03,55.46,20.3,4.81
LOT000795,E,PORD000795,PRD0010,ADD_01,57.24,23.06,1.58
LOT000796,A,PORD000796,PRD0014,MILL_03,73.51,18.91,1.17
LOT000796,B,PORD000796,PRD0014,LATHE_03,74.42,22.49,7.03
LOT000796,C,PORD000796,PRD0014,DRILL_03,67.98,17.21,2.41
LOT000796,D,PORD000796,PRD0014,GRIND_03,75.07,17.82,5.83
LOT000796,E,PORD000796,PRD0014,ADD_01,97.82,17.4,33.65
LOT000797,A,PORD000797,PRD0008,MILL_02,120.7,23.24,3.09
LOT000797,B,PORD000797,PRD0008,LATHE_01,114.91,23.27,2.25
LOT000797,C,PORD000797,PRD0008,DRILL_03,126.26,23.79,9.27
LOT000797,D,PORD000797,PRD0008,GRIND_02,103.13,16.8,4.08
LOT000797,E,PORD000797,PRD0008,ADD_01,131.65,20.26,12.12
LOT000798,A,PORD000798,PRD0020,MILL_01,55.2,19.4,0.56
LOT000798,B,PORD000798,PRD0020,LATHE_01,53.05,18.81,5.6
LOT000798,C,PORD000798,PRD0020,DRILL_03,56.52,24.27,1.13
LOT000798,D,PORD000798,PRD0020,GRIND_01,54.25,20.32,2.3
LOT000798,E,PORD000798,PRD0020,ADD_02,91.06,20.93,38.61
LOT000799,A,PORD000799,PRD0011,MILL_04,113.99,17.3,18.88
LOT000799,B,PORD000799,PRD0011,LATHE_01,98.45,22.39,1.15
LOT000799,C,PORD000799,PRD0011,DRILL_01,99.42,23.37,6.06
LOT000799,D,PORD000799,PRD0011,GRIND_03,118.74,21.68,20.92
LOT000799,E,PORD000799,PRD0011,ADD_02,92.56,15.81,4.4
LOT000800,A,PORD000800,PRD0008,MILL_02,76.33,21.21,7.92
LOT000800,B,PORD000800,PRD0008,LATHE_01,70.64,23.33,2.02
LOT000800,C,PORD000800,PRD0008,DRILL_03,73.9,18.59,7.82
LOT000800,D,PORD000800,PRD0008,GRIND_03,65.11,18.68,4.16
LOT000800,E,PORD000800,PRD0008,ADD_02,73.48,23.99,4.29
LOT000801,A,PORD000801,PRD0009,MILL_03,64.12,23.87,5.34
LOT000801,B,PORD000801,PRD0009,LATHE_02,53.7,18.49,0.27
LOT000801,C,PORD000801,PRD0009,DRILL_01,83.09,17.05,33.08
LOT000801,D,PORD000801,PRD0009,GRIND_03,57.03,23.73,3.85
LOT000801,E,PORD000801,PRD0009,ADD_02,83.62,15.04,39.88
LOT000802,A,PORD000802,PRD0017,MILL_01,71.99,24.3,15.83
LOT000802,B,PORD000802,PRD0017,LATHE_02,52.0,19.01,3.62
LOT000802,C,PORD000802,PRD0017,DRILL_01,63.33,24.9,7.61
LOT000802,D,PORD000802,PRD0017,GRIND_02,49.58,18.33,3.45
LOT000802,E,PORD000802,PRD0017,ADD_02,56.66,22.9,6.48
LOT000803,A,PORD000803,PRD0004,MILL_02,74.97,24.48,0.8
LOT000803,B,PORD000803,PRD0004,LATHE_03,93.55,17.31,17.77
LOT000803,C,PORD000803,PRD0004,DRILL_01,72.48,20.78,3.98
LOT000803,D,PORD000803,PRD0004,GRIND_02,83.37,23.83,0.87
LOT000803,E,PORD000803,PRD0004,ADD_01,90.96,21.23,5.24
LOT000804,A,PORD000804,PRD0008,MILL_04,59.13,16.97,0.9
LOT000804,B,PORD000804,PRD0008,LATHE_02,67.85,19.17,5.79
LOT000804,C,PORD000804,PRD0008,DRILL_02,73.32,21.24,7.94
LOT000804,D,PORD000804,PRD0008,GRIND_03,64.74,19.24,4.45
LOT000804,E,PORD000804,PRD0008,ADD_02,94.97,20.48,31.08
LOT000805,A,PORD000805,PRD0013,MILL_01,69.7,15.94,2.67
LOT000805,B,PORD000805,PRD0013,LATHE_04,74.74,21.1,6.67
LOT000805,C,PORD000805,PRD0013,DRILL_03,73.1,16.92,2.82
LOT000805,D,PORD000805,PRD0013,GRIND_01,83.08,17.62,8.85
LOT000805,E,PORD000805,PRD0013,ADD_01,109.9,23.6,34.51
LOT000806,A,PORD000806,PRD0009,MILL_01,103.15,16.47,3.09
LOT000806,B,PORD000806,PRD0009,LATHE_01,114.71,17.96,7.05
LOT000806,C,PORD000806,PRD0009,DRILL_03,118.83,17.59,22.07
LOT000806,D,PORD000806,PRD0009,GRIND_01,120.99,23.44,15.95
LOT000806,E,PORD000806,PRD0009,ADD_01,103.02,23.07,9.1
LOT000807,A,PORD000807,PRD0010,MILL_04,92.62,16.17,1.87
LOT000807,B,PORD000807,PRD0010,LATHE_04,114.82,22.52,1.84
LOT000807,C,PORD000807,PRD0010,DRILL_02,107.91,15.69,7.23
LOT000807,D,PORD000807,PRD0010,GRIND_01,108.12,21.62,9.0
LOT000807,E,PORD000807,PRD0010,ADD_01,98.14,19.88,7.29
LOT000808,A,PORD000808,PRD0016,MILL_02,70.76,21.5,12.33
LOT000808,B,PORD000808,PRD0016,LATHE_01,78.59,21.57,19.09
LOT000808,C,PORD000808,PRD0016,DRILL_01,95.31,18.13,34.23
LOT000808,D,PORD000808,PRD0016,GRIND_03,69.83,24.96,8.4
LOT000808,E,PORD000808,PRD0016,ADD_01,110.49,24.77,43.1
LOT000809,A,PORD000809,PRD0018,MILL_02,63.7,18.87,5.03
LOT000809,B,PORD000809,PRD0018,LATHE_01,63.75,21.41,7.72
LOT000809,C,PORD000809,PRD0018,DRILL_03,55.41,20.79,0.36
LOT000809,D,PORD000809,PRD0018,GRIND_03,65.72,24.18,4.82
LOT000809,E,PORD000809,PRD0018,ADD_02,58.96,17.48,2.79
LOT000810,A,PORD000810,PRD0014,MILL_01,94.99,22.15,1.19
LOT000810,B,PORD000810,PRD0014,LATHE_03,87.56,21.1,5.44
LOT000810,C,PORD000810,PRD0014,DRILL_03,88.62,16.37,0.56
LOT000810,D,PORD000810,PRD0014,GRIND_03,120.99,20.96,25.24
LOT000810,E,PORD000810,PRD0014,ADD_02,92.06,19.44,14.7
LOT000811,A,PORD000811,PRD0003,MILL_03,56.27,23.85,3.0
LOT000811,B,PORD000811,PRD0003,LATHE_01,57.46,22.42,6.17
LOT000811,C,PORD000811,PRD0003,DRILL_01,52.15,15.86,4.04
LOT000811,D,PORD000811,PRD0003,GRIND_02,61.17,17.33,14.04
LOT000811,E,PORD000811,PRD0003,ADD_02,57.52,21.89,10.53
LOT000812,A,PORD000812,PRD0019,MILL_04,66.07,16.59,2.86
LOT000812,B,PORD000812,PRD0019,LATHE_03,58.65,21.32,0.96
LOT000812,C,PORD000812,PRD0019,DRILL_01,65.13,17.57,8.18
LOT000812,D,PORD000812,PRD0019,GRIND_02,60.2,21.04,3.89
LOT000812,E,PORD000812,PRD0019,ADD_02,89.36,18.79,25.34
LOT000813,A,PORD000813,PRD0005,MILL_02,99.38,16.34,7.77
LOT000813,B,PORD000813,PRD0005,LATHE_01,109.19,23.76,0.46
LOT000813,C,PORD000813,PRD0005,DRILL_02,88.45,16.19,8.38
LOT000813,D,PORD000813,PRD0005,GRIND_03,96.34,18.3,5.22
LOT000813,E,PORD000813,PRD0005,ADD_01,100.74,18.74,10.8
LOT000814,A,PORD000814,PRD0014,MILL_03,94.04,22.41,7.78
LOT000814,B,PORD000814,PRD0014,LATHE_04,89.58,17.16,7.73
LOT000814,C,PORD000814,PRD0014,DRILL_03,89.83,20.89,6.73
LOT000814,D,PORD000814,PRD0014,GRIND_03,97.42,21.47,6.31
LOT000814,E,PORD000814,PRD0014,ADD_01,79.42,18.67,6.07
LOT000815,A,PORD000815,PRD0008,MILL_03,66.55,17.75,4.07
LOT000815,B,PORD000815,PRD0008,LATHE_01,70.59,16.66,5.87
LOT000815,C,PORD000815,PRD0008,DRILL_03,77.7,24.0,5.66
LOT000815,D,PORD000815,PRD0008,GRIND_01,79.85,21.27,18.23
LOT000815,E,PORD000815,PRD0008,ADD_02,79.08,21.0,6.53
LOT000816,A,PORD000816,PRD0003,MILL_01,27.43,19.27,2.38
LOT000816,B,PORD000816,PRD0003,LATHE_02,23.15,15.97,0.87
LOT000816,C,PORD000816,PRD0003,DRILL_03,31.44,15.01,9.97
LOT000816,D,PORD000816,PRD0003,GRIND_02,32.16,17.09,8.72
LOT000816,E,PORD000816,PRD0003,ADD_02,37.81,20.44,11.55
LOT000817,A,PORD000817,PRD0004,MILL_01,58.08,17.92,0.12
LOT000817,B,PORD000817,PRD0004,LATHE_01,83.24,22.64,18.95
LOT000817,C,PORD000817,PRD0004,DRILL_03,69.16,21.85,8.46
LOT000817,D,PORD000817,PRD0004,GRIND_01,71.71,20.6,7.43
LOT000817,E,PORD000817,PRD0004,ADD_02,59.07,18.31,0.63
LOT000818,A,PORD000818,PRD0009,MILL_04,111.75,15.87,6.02
LOT000818,B,PORD000818,PRD0009,LATHE_02,119.81,24.9,4.33
LOT000818,C,PORD000818,PRD0009,DRILL_03,108.73,16.45,6.16
LOT000818,D,PORD000818,PRD0009,GRIND_01,116.46,24.93,4.54
LOT000818,E,PORD000818,PRD0009,ADD_01,122.66,17.97,27.19
LOT000819,A,PORD000819,PRD0005,MILL_03,65.22,22.81,6.97
LOT000819,B,PORD000819,PRD0005,LATHE_04,59.09,16.71,1.4
LOT000819,C,PORD000819,PRD0005,DRILL_02,66.72,24.34,6.86
LOT000819,D,PORD000819,PRD0005,GRIND_02,65.03,18.74,7.08
LOT000819,E,PORD000819,PRD0005,ADD_02,84.68,16.78,34.43
LOT000820,A,PORD000820,PRD0006,MILL_02,85.01,17.05,2.98
LOT000820,B,PORD000820,PRD0006,LATHE_02,89.03,21.9,2.41
LOT000820,C,PORD000820,PRD0006,DRILL_02,86.36,15.15,2.5
LOT000820,D,PORD000820,PRD0006,GRIND_02,106.79,18.03,17.05
LOT000820,E,PORD000820,PRD0006,ADD_01,93.16,16.17,9.13
LOT000821,A,PORD000821,PRD0002,MILL_02,60.98,18.44,4.67
LOT000821,B,PORD000821,PRD0002,LATHE_03,79.3,24.13,5.0
LOT000821,C,PORD000821,PRD0002,DRILL_03,69.92,23.11,5.33
LOT000821,D,PORD000821,PRD0002,GRIND_03,71.58,21.67,6.83
LOT000821,E,PORD000821,PRD0002,ADD_02,74.37,18.81,6.99
LOT000822,A,PORD000822,PRD0018,MILL_02,70.26,22.61,18.98
LOT000822,B,PORD000822,PRD0018,LATHE_04,68.67,15.9,23.24
LOT000822,C,PORD000822,PRD0018,DRILL_03,51.61,21.76,2.83
LOT000822,D,PORD000822,PRD0018,GRIND_02,55.78,24.13,3.65
LOT000822,E,PORD000822,PRD0018,ADD_01,55.14,17.5,9.43
LOT000823,A,PORD000823,PRD0001,MILL_04,76.46,21.72,7.34
LOT000823,B,PORD000823,PRD0001,LATHE_02,72.47,15.45,6.55
LOT000823,C,PORD000823,PRD0001,DRILL_02,77.35,24.47,1.34
LOT000823,D,PORD000823,PRD0001,GRIND_01,79.88,24.36,6.53
LOT000823,E,PORD000823,PRD0001,ADD_01,66.63,16.81,7.61
LOT000824,A,PORD000824,PRD0010,MILL_01,105.94,21.15,5.76
LOT000824,B,PORD000824,PRD0010,LATHE_02,105.18,18.85,3.71
LOT000824,C,PORD000824,PRD0010,DRILL_03,113.35,24.22,20.13
LOT000824,D,PORD000824,PRD0010,GRIND_02,97.87,17.84,5.84
LOT000824,E,PORD000824,PRD0010,ADD_02,100.85,23.26,12.44
LOT000825,A,PORD000825,PRD0003,MILL_01,85.38,22.53,5.33
LOT000825,B,PORD000825,PRD0003,LATHE_04,90.42,20.93,7.95
LOT000825,C,PORD000825,PRD0003,DRILL_03,120.78,24.75,29.87
LOT000825,D,PORD000825,PRD0003,GRIND_02,90.26,24.71,9.45
LOT000825,E,PORD000825,PRD0003,ADD_02,86.57,17.82,14.56
LOT000826,A,PORD000826,PRD0001,MILL_02,64.32,18.37,3.86
LOT000826,B,PORD000826,PRD0001,LATHE_04,66.74,15.95,8.53
LOT000826,C,PORD000826,PRD0001,DRILL_02,71.23,19.2,7.23
LOT000826,D,PORD000826,PRD0001,GRIND_02,85.86,17.59,30.14
LOT000826,E,PORD000826,PRD0001,ADD_01,59.34,15.09,4.96
LOT000827,A,PORD000827,PRD0002,MILL_01,80.49,20.23,2.96
LOT000827,B,PORD000827,PRD0002,LATHE_02,95.17,23.24,3.63
LOT000827,C,PORD000827,PRD0002,DRILL_02,94.27,22.1,2.12
LOT000827,D,PORD000827,PRD0002,GRIND_03,94.04,20.52,11.87
LOT000827,E,PORD000827,PRD0002,ADD_01,105.51,24.06,11.45
LOT000828,A,PORD000828,PRD0017,MILL_02,52.84,19.82,6.24
LOT000828,B,PORD000828,PRD0017,LATHE_01,43.81,18.41,4.19
LOT000828,C,PORD000828,PRD0017,DRILL_01,51.5,23.18,5.89
LOT000828,D,PORD000828,PRD0017,GRIND_01,40.44,18.09,2.17
LOT000828,E,PORD000828,PRD0017,ADD_01,44.51,18.43,1.7
LOT000829,A,PORD000829,PRD0017,MILL_03,128.38,24.86,22.78
LOT000829,B,PORD000829,PRD0017,LATHE_01,95.56,23.58,8.34
LOT000829,C,PORD000829,PRD0017,DRILL_01,95.9,17.18,4.66
LOT000829,D,PORD000829,PRD0017,GRIND_03,91.94,20.52,3.2
LOT000829,E,PORD000829,PRD0017,ADD_02,96.85,24.75,0.18
LOT000830,A,PORD000830,PRD0020,MILL_01,53.42,17.77,5.02
LOT000830,B,PORD000830,PRD0020,LATHE_04,43.96,15.42,1.95
LOT000830,C,PORD000830,PRD0020,DRILL_01,60.2,21.55,4.37
LOT000830,D,PORD000830,PRD0020,GRIND_01,60.29,24.39,2.59
LOT000830,E,PORD000830,PRD0020,ADD_01,89.27,24.94,28.98
LOT000831,A,PORD000831,PRD0013,MILL_04,53.18,16.17,6.05
LOT000831,B,PORD000831,PRD0013,LATHE_03,51.98,19.78,5.49
LOT000831,C,PORD000831,PRD0013,DRILL_02,53.17,20.84,1.35
LOT000831,D,PORD000831,PRD0013,GRIND_01,54.14,16.62,9.13
LOT000831,E,PORD000831,PRD0013,ADD_02,74.94,15.13,32.45
LOT000832,A,PORD000832,PRD0020,MILL_01,81.52,17.82,3.29
LOT000832,B,PORD000832,PRD0020,LATHE_03,74.79,18.1,3.89
LOT000832,C,PORD000832,PRD0020,DRILL_02,95.32,22.93,7.38
LOT000832,D,PORD000832,PRD0020,GRIND_02,79.72,17.66,3.29
LOT000832,E,PORD000832,PRD0020,ADD_01,85.86,24.72,2.47
LOT000833,A,PORD000833,PRD0019,MILL_03,71.0,19.5,0.41
LOT000833,B,PORD000833,PRD0019,LATHE_01,88.2,22.03,19.67
LOT000833,C,PORD000833,PRD0019,DRILL_01,70.87,23.11,0.17
LOT000833,D,PORD000833,PRD0019,GRIND_01,64.25,15.34,0.78
LOT000833,E,PORD000833,PRD0019,ADD_01,74.53,20.84,2.15
LOT000834,A,PORD000834,PRD0009,MILL_02,83.29,20.86,17.77
LOT000834,B,PORD000834,PRD0009,LATHE_04,82.99,19.12,13.13
LOT000834,C,PORD000834,PRD0009,DRILL_01,79.54,23.86,7.08
LOT000834,D,PORD000834,PRD0009,GRIND_01,63.15,17.9,1.61
LOT000834,E,PORD000834,PRD0009,ADD_01,103.91,24.82,38.16
LOT000835,A,PORD000835,PRD0009,MILL_03,87.8,16.62,4.51
LOT000835,B,PORD000835,PRD0009,LATHE_03,95.05,15.22,6.91
LOT000835,C,PORD000835,PRD0009,DRILL_01,97.76,16.7,4.14
LOT000835,D,PORD000835,PRD0009,GRIND_03,89.65,15.28,5.83
LOT000835,E,PORD000835,PRD0009,ADD_02,90.96,24.33,5.48
LOT000836,A,PORD000836,PRD0004,MILL_02,115.67,18.02,6.81
LOT000836,B,PORD000836,PRD0004,LATHE_01,104.85,21.9,1.15
LOT000836,C,PORD000836,PRD0004,DRILL_01,110.19,21.48,0.94
LOT000836,D,PORD000836,PRD0004,GRIND_03,129.07,23.83,4.66
LOT000836,E,PORD000836,PRD0004,ADD_02,124.52,18.05,12.53
LOT000837,A,PORD000837,PRD0008,MILL_03,101.57,18.28,3.71
LOT000837,B,PORD000837,PRD0008,LATHE_04,108.57,22.89,1.02
LOT000837,C,PORD000837,PRD0008,DRILL_02,100.18,15.92,2.74
LOT000837,D,PORD000837,PRD0008,GRIND_02,107.76,24.33,6.29
LOT000837,E,PORD000837,PRD0008,ADD_01,127.05,21.99,10.69
LOT000838,A,PORD000838,PRD0014,MILL_03,75.01,22.03,0.72
LOT000838,B,PORD000838,PRD0014,LATHE_04,65.41,15.26,4.76
LOT000838,C,PORD000838,PRD0014,DRILL_03,77.89,23.0,0.1
LOT000838,D,PORD000838,PRD0014,GRIND_03,99.66,17.96,28.59
LOT000838,E,PORD000838,PRD0014,ADD_01,64.66,15.13,5.06
LOT000839,A,PORD000839,PRD0009,MILL_04,90.8,18.3,3.47
LOT000839,B,PORD000839,PRD0009,LATHE_02,87.12,17.88,6.02
LOT000839,C,PORD000839,PRD0009,DRILL_01,100.96,23.0,1.25
LOT000839,D,PORD000839,PRD0009,GRIND_01,120.19,20.52,34.73
LOT000839,E,PORD000839,PRD0009,ADD_01,92.47,22.06,11.5
LOT000840,A,PORD000840,PRD0009,MILL_04,81.53,18.44,17.91
LOT000840,B,PORD000840,PRD0009,LATHE_01,88.62,20.31,23.35
LOT000840,C,PORD000840,PRD0009,DRILL_01,70.05,24.56,1.88
LOT000840,D,PORD000840,PRD0009,GRIND_01,64.34,20.01,6.86
LOT000840,E,PORD000840,PRD0009,ADD_02,69.12,18.07,11.89
LOT000841,A,PORD000841,PRD0004,MILL_02,63.05,23.29,22.25
LOT000841,B,PORD000841,PRD0004,LATHE_02,41.78,18.23,5.99
LOT000841,C,PORD000841,PRD0004,DRILL_03,35.73,16.49,4.07
LOT000841,D,PORD000841,PRD0004,GRIND_03,50.74,24.71,6.26
LOT000841,E,PORD000841,PRD0004,ADD_02,47.67,19.55,8.22
LOT000842,A,PORD000842,PRD0010,MILL_01,89.19,20.29,0.55
LOT000842,B,PORD000842,PRD0010,LATHE_02,102.3,24.15,5.18
LOT000842,C,PORD000842,PRD0010,DRILL_02,97.97,24.23,7.51
LOT000842,D,PORD000842,PRD0010,GRIND_02,96.19,23.61,2.82
LOT000842,E,PORD000842,PRD0010,ADD_01,91.85,20.2,11.15
LOT000843,A,PORD000843,PRD0017,MILL_04,96.05,21.3,6.78
LOT000843,B,PORD000843,PRD0017,LATHE_02,93.42,24.8,7.59
LOT000843,C,PORD000843,PRD0017,DRILL_01,120.04,24.73,28.33
LOT000843,D,PORD000843,PRD0017,GRIND_02,85.71,18.11,5.72
LOT000843,E,PORD000843,PRD0017,ADD_01,79.69,15.18,0.29
LOT000844,A,PORD000844,PRD0009,MILL_02,79.59,16.48,3.4
LOT000844,B,PORD000844,PRD0009,LATHE_02,79.54,16.6,2.39
LOT000844,C,PORD000844,PRD0009,DRILL_01,110.94,16.15,24.99
LOT000844,D,PORD000844,PRD0009,GRIND_02,80.66,18.59,2.68
LOT000844,E,PORD000844,PRD0009,ADD_02,113.0,19.16,39.72
LOT000845,A,PORD000845,PRD0013,MILL_02,75.54,17.31,4.06
LOT000845,B,PORD000845,PRD0013,LATHE_02,82.93,23.81,0.83
LOT000845,C,PORD000845,PRD0013,DRILL_01,75.53,18.62,5.07
LOT000845,D,PORD000845,PRD0013,GRIND_01,89.51,22.2,7.66
LOT000845,E,PORD000845,PRD0013,ADD_01,81.99,17.47,12.74
LOT000846,A,PORD000846,PRD0012,MILL_04,83.11,15.25,5.19
LOT000846,B,PORD000846,PRD0012,LATHE_02,95.92,18.68,22.65
LOT000846,C,PORD000846,PRD0012,DRILL_01,86.58,16.81,13.47
LOT000846,D,PORD000846,PRD0012,GRIND_01,103.14,23.95,25.45
LOT000846,E,PORD000846,PRD0012,ADD_01,97.1,24.54,10.33
LOT000847,A,PORD000847,PRD0018,MILL_02,60.8,16.8,13.32
LOT000847,B,PORD000847,PRD0018,LATHE_01,58.54,21.96,3.96
LOT000847,C,PORD000847,PRD0018,DRILL_01,61.32,23.0,7.62
LOT000847,D,PORD000847,PRD0018,GRIND_03,57.25,16.71,6.0
LOT000847,E,PORD000847,PRD0018,ADD_01,79.9,15.96,34.38
LOT000848,A,PORD000848,PRD0017,MILL_01,106.59,22.66,5.0
LOT000848,B,PORD000848,PRD0017,LATHE_02,99.19,23.51,6.4
LOT000848,C,PORD000848,PRD0017,DRILL_02,99.4,19.9,7.29
LOT000848,D,PORD000848,PRD0017,GRIND_01,96.79,15.39,8.17
LOT000848,E,PORD000848,PRD0017,ADD_01,108.17,20.88,12.86
LOT000849,A,PORD000849,PRD0009,MILL_03,103.63,21.75,2.84
LOT000849,B,PORD000849,PRD0009,LATHE_02,119.56,24.71,12.09
LOT000849,C,PORD000849,PRD0009,DRILL_01,104.67,23.52,7.48
LOT000849,D,PORD000849,PRD0009,GRIND_01,84.6,17.63,1.78
LOT000849,E,PORD000849,PRD0009,ADD_01,95.13,17.13,12.95
LOT000850,A,PORD000850,PRD0014,MILL_03,101.5,24.42,3.47
LOT000850,B,PORD000850,PRD0014,LATHE_01,92.62,20.73,7.44
LOT000850,C,PORD000850,PRD0014,DRILL_01,121.08,24.5,21.35
LOT000850,D,PORD000850,PRD0014,GRIND_02,95.67,21.48,1.83
LOT000850,E,PORD000850,PRD0014,ADD_01,112.37,15.98,32.34
LOT000851,A,PORD000851,PRD0003,MILL_04,71.93,23.38,6.52
LOT000851,B,PORD000851,PRD0003,LATHE_03,79.16,20.24,8.15
LOT000851,C,PORD000851,PRD0003,DRILL_01,73.18,22.93,3.55
LOT000851,D,PORD000851,PRD0003,GRIND_02,70.77,19.77,1.94
LOT000851,E,PORD000851,PRD0003,ADD_02,75.67,17.97,12.47
LOT000852,A,PORD000852,PRD0015,MILL_02,81.05,23.1,3.4
LOT000852,B,PORD000852,PRD0015,LATHE_03,71.02,17.71,0.07
LOT000852,C,PORD000852,PRD0015,DRILL_02,103.02,17.4,24.93
LOT000852,D,PORD000852,PRD0015,GRIND_03,81.32,24.62,3.91
LOT000852,E,PORD000852,PRD0015,ADD_02,83.96,24.48,1.24
LOT000853,A,PORD000853,PRD0012,MILL_03,39.42,21.68,2.56
LOT000853,B,PORD000853,PRD0012,LATHE_03,33.57,16.59,1.28
LOT000853,C,PORD000853,PRD0012,DRILL_02,71.15,24.86,33.21
LOT000853,D,PORD000853,PRD0012,GRIND_01,37.81,20.35,2.18
LOT000853,E,PORD000853,PRD0012,ADD_02,50.69,18.51,17.44
LOT000854,A,PORD000854,PRD0004,MILL_04,109.65,23.33,4.97
LOT000854,B,PORD000854,PRD0004,LATHE_01,107.03,16.8,1.87
LOT000854,C,PORD000854,PRD0004,DRILL_03,115.12,22.31,9.98
LOT000854,D,PORD000854,PRD0004,GRIND_01,139.82,16.99,22.93
LOT000854,E,PORD000854,PRD0004,ADD_01,103.2,15.18,5.47
LOT000855,A,PORD000855,PRD0010,MILL_04,119.55,24.01,3.72
LOT000855,B,PORD000855,PRD0010,LATHE_04,108.9,19.02,2.19
LOT000855,C,PORD000855,PRD0010,DRILL_01,104.3,17.07,4.93
LOT000855,D,PORD000855,PRD0010,GRIND_01,101.87,15.09,4.59
LOT000855,E,PORD000855,PRD0010,ADD_01,111.2,19.0,9.67
LOT000856,A,PORD000856,PRD0009,MILL_02,71.16,24.75,2.53
LOT000856,B,PORD000856,PRD0009,LATHE_01,66.68,20.47,2.65
LOT000856,C,PORD000856,PRD0009,DRILL_01,69.89,18.98,4.41
LOT000856,D,PORD000856,PRD0009,GRIND_03,73.65,17.93,17.29
LOT000856,E,PORD000856,PRD0009,ADD_01,71.52,17.94,14.88
LOT000857,A,PORD000857,PRD0005,MILL_01,67.94,23.4,0.51
LOT000857,B,PORD000857,PRD0005,LATHE_03,72.28,24.0,0.35
LOT000857,C,PORD000857,PRD0005,DRILL_02,69.62,24.98,4.04
LOT000857,D,PORD000857,PRD0005,GRIND_02,65.08,18.66,2.16
LOT000857,E,PORD000857,PRD0005,ADD_01,87.73,20.2,30.69
LOT000858,A,PORD000858,PRD0006,MILL_03,53.2,20.28,1.83
LOT000858,B,PORD000858,PRD0006,LATHE_04,54.83,20.58,4.31
LOT000858,C,PORD000858,PRD0006,DRILL_02,58.78,23.07,7.67
LOT000858,D,PORD000858,PRD0006,GRIND_03,55.04,16.67,6.66
LOT000858,E,PORD000858,PRD0006,ADD_01,56.33,19.14,6.45
LOT000859,A,PORD000859,PRD0002,MILL_02,102.36,23.89,6.51
LOT000859,B,PORD000859,PRD0002,LATHE_04,102.32,17.27,0.25
LOT000859,C,PORD000859,PRD0002,DRILL_03,95.75,20.13,4.76
LOT000859,D,PORD000859,PRD0002,GRIND_02,92.87,15.03,3.54
LOT000859,E,PORD000859,PRD0002,ADD_01,111.62,19.71,14.84
LOT000860,A,PORD000860,PRD0020,MILL_04,48.14,18.22,2.9
LOT000860,B,PORD000860,PRD0020,LATHE_03,47.99,21.18,5.31
LOT000860,C,PORD000860,PRD0020,DRILL_03,51.24,19.89,8.28
LOT000860,D,PORD000860,PRD0020,GRIND_01,45.87,22.92,1.04
LOT000860,E,PORD000860,PRD0020,ADD_02,39.05,15.59,0.67
LOT000861,A,PORD000861,PRD0004,MILL_04,64.85,17.78,0.18
LOT000861,B,PORD000861,PRD0004,LATHE_02,90.84,20.16,16.86
LOT000861,C,PORD000861,PRD0004,DRILL_02,68.48,19.27,4.09
LOT000861,D,PORD000861,PRD0004,GRIND_01,85.13,22.58,3.41
LOT000861,E,PORD000861,PRD0004,ADD_01,86.7,21.82,14.44
LOT000862,A,PORD000862,PRD0006,MILL_04,89.56,15.26,4.23
LOT000862,B,PORD000862,PRD0006,LATHE_04,97.84,21.55,6.9
LOT000862,C,PORD000862,PRD0006,DRILL_03,92.81,15.34,5.94
LOT000862,D,PORD000862,PRD0006,GRIND_03,96.7,22.35,0.41
LOT000862,E,PORD000862,PRD0006,ADD_01,105.79,23.43,6.92
LOT000863,A,PORD000863,PRD0011,MILL_04,109.96,17.43,6.37
LOT000863,B,PORD000863,PRD0011,LATHE_01,97.07,17.43,3.12
LOT000863,C,PORD000863,PRD0011,DRILL_01,124.41,22.31,28.75
LOT000863,D,PORD000863,PRD0011,GRIND_03,108.91,23.06,0.75
LOT000863,E,PORD000863,PRD0011,ADD_01,104.62,22.78,2.69
LOT000864,A,PORD000864,PRD0011,MILL_03,133.55,18.62,16.1
LOT000864,B,PORD000864,PRD0011,LATHE_01,122.26,19.9,5.97
LOT000864,C,PORD000864,PRD0011,DRILL_03,103.9,18.46,2.75
LOT000864,D,PORD000864,PRD0011,GRIND_01,121.46,24.32,6.2
LOT000864,E,PORD000864,PRD0011,ADD_02,105.37,15.61,10.03
LOT000865,A,PORD000865,PRD0016,MILL_02,102.11,15.75,1.91
LOT000865,B,PORD000865,PRD0016,LATHE_03,112.29,16.17,18.76
LOT000865,C,PORD000865,PRD0016,DRILL_02,123.02,21.83,6.08
LOT000865,D,PORD000865,PRD0016,GRIND_02,111.97,21.42,15.01
LOT000865,E,PORD000865,PRD0016,ADD_01,119.76,19.41,13.91
LOT000866,A,PORD000866,PRD0014,MILL_01,121.73,17.92,23.56
LOT000866,B,PORD000866,PRD0014,LATHE_04,120.92,20.82,23.1
LOT000866,C,PORD000866,PRD0014,DRILL_03,107.72,18.48,4.58
LOT000866,D,PORD000866,PRD0014,GRIND_02,112.81,19.39,4.55
LOT000866,E,PORD000866,PRD0014,ADD_02,101.24,19.77,9.45
LOT000867,A,PORD000867,PRD0019,MILL_04,87.05,24.81,4.59
LOT000867,B,PORD000867,PRD0019,LATHE_01,83.83,21.9,6.41
LOT000867,C,PORD000867,PRD0019,DRILL_03,84.44,17.72,4.19
LOT000867,D,PORD000867,PRD0019,GRIND_03,82.2,22.01,2.79
LOT000867,E,PORD000867,PRD0019,ADD_02,104.6,22.97,16.66
LOT000868,A,PORD000868,PRD0005,MILL_01,118.85,20.57,24.18
LOT000868,B,PORD000868,PRD0005,LATHE_03,105.94,18.84,5.8
LOT000868,C,PORD000868,PRD0005,DRILL_03,106.15,24.74,7.71
LOT000868,D,PORD000868,PRD0005,GRIND_03,102.17,23.91,8.02
LOT000868,E,PORD000868,PRD0005,ADD_02,95.88,18.4,10.79
LOT000869,A,PORD000869,PRD0010,MILL_02,77.12,19.6,1.79
LOT000869,B,PORD000869,PRD0010,LATHE_02,80.88,24.2,5.78
LOT000869,C,PORD000869,PRD0010,DRILL_02,86.47,24.22,5.79
LOT000869,D,PORD000869,PRD0010,GRIND_03,77.15,23.71,4.14
LOT000869,E,PORD000869,PRD0010,ADD_01,84.1,21.22,15.59
LOT000870,A,PORD000870,PRD0017,MILL_04,103.97,17.44,3.58
LOT000870,B,PORD000870,PRD0017,LATHE_01,110.94,19.74,24.98
LOT000870,C,PORD000870,PRD0017,DRILL_02,116.89,17.69,24.92
LOT000870,D,PORD000870,PRD0017,GRIND_01,95.73,23.57,2.35
LOT000870,E,PORD000870,PRD0017,ADD_02,85.1,16.29,1.23
LOT000871,A,PORD000871,PRD0011,MILL_01,92.04,22.13,7.87
LOT000871,B,PORD000871,PRD0011,LATHE_04,110.42,24.27,23.27
LOT000871,C,PORD000871,PRD0011,DRILL_01,85.94,23.12,0.15
LOT000871,D,PORD000871,PRD0011,GRIND_01,76.6,15.24,1.61
LOT000871,E,PORD000871,PRD0011,ADD_01,84.62,20.01,12.6
LOT000872,A,PORD000872,PRD0009,MILL_03,102.12,18.51,6.93
LOT000872,B,PORD000872,PRD0009,LATHE_03,111.98,21.4,16.65
LOT000872,C,PORD000872,PRD0009,DRILL_02,103.74,16.26,5.9
LOT000872,D,PORD000872,PRD0009,GRIND_02,97.98,21.01,4.55
LOT000872,E,PORD000872,PRD0009,ADD_01,98.46,24.11,8.06
LOT000873,A,PORD000873,PRD0019,MILL_02,73.33,21.24,0.93
LOT000873,B,PORD000873,PRD0019,LATHE_02,70.73,24.36,3.27
LOT000873,C,PORD000873,PRD0019,DRILL_01,69.28,20.21,0.04
LOT000873,D,PORD000873,PRD0019,GRIND_01,69.35,22.79,3.41
LOT000873,E,PORD000873,PRD0019,ADD_01,83.09,18.29,13.37
LOT000874,A,PORD000874,PRD0001,MILL_02,78.67,23.77,3.26
LOT000874,B,PORD000874,PRD0001,LATHE_02,69.75,22.94,1.42
LOT000874,C,PORD000874,PRD0001,DRILL_03,76.45,17.64,6.59
LOT000874,D,PORD000874,PRD0001,GRIND_01,92.04,19.42,25.28
LOT000874,E,PORD000874,PRD0001,ADD_02,71.26,23.36,0.97
LOT000875,A,PORD000875,PRD0007,MILL_01,69.44,18.03,2.58
LOT000875,B,PORD000875,PRD0007,LATHE_04,83.65,24.44,5.92
LOT000875,C,PORD000875,PRD0007,DRILL_02,74.31,20.78,2.89
LOT000875,D,PORD000875,PRD0007,GRIND_01,83.03,18.51,8.63
LOT000875,E,PORD000875,PRD0007,ADD_01,74.18,17.3,9.9
LOT000876,A,PORD000876,PRD0007,MILL_01,91.53,16.48,7.12
LOT000876,B,PORD000876,PRD0007,LATHE_04,90.36,17.72,4.32
LOT000876,C,PORD000876,PRD0007,DRILL_02,90.1,22.09,0.85
LOT000876,D,PORD000876,PRD0007,GRIND_03,96.9,21.37,3.58
LOT000876,E,PORD000876,PRD0007,ADD_01,82.6,21.15,1.61
LOT000877,A,PORD000877,PRD0012,MILL_02,92.67,20.34,24.7
LOT000877,B,PORD000877,PRD0012,LATHE_02,83.96,22.01,5.21
LOT000877,C,PORD000877,PRD0012,DRILL_03,90.85,16.25,23.63
LOT000877,D,PORD000877,PRD0012,GRIND_01,71.95,18.64,3.16
LOT000877,E,PORD000877,PRD0012,ADD_02,82.52,21.81,8.4
LOT000878,A,PORD000878,PRD0003,MILL_02,78.13,23.56,6.51
LOT000878,B,PORD000878,PRD0003,LATHE_04,81.94,23.55,0.92
LOT000878,C,PORD000878,PRD0003,DRILL_02,86.14,24.15,7.37
LOT000878,D,PORD000878,PRD0003,GRIND_03,79.33,22.11,8.47
LOT000878,E,PORD000878,PRD0003,ADD_01,69.21,18.29,1.38
LOT000879,A,PORD000879,PRD0007,MILL_01,68.62,21.46,1.85
LOT000879,B,PORD000879,PRD0007,LATHE_01,73.05,24.85,5.78
LOT000879,C,PORD000879,PRD0007,DRILL_01,60.64,18.05,0.7
LOT000879,D,PORD000879,PRD0007,GRIND_03,76.31,21.36,5.65
LOT000879,E,PORD000879,PRD0007,ADD_02,64.51,22.44,0.22
LOT000880,A,PORD000880,PRD0013,MILL_01,103.5,20.01,3.12
LOT000880,B,PORD000880,PRD0013,LATHE_03,115.14,24.14,14.41
LOT000880,C,PORD000880,PRD0013,DRILL_02,102.3,20.92,7.59
LOT000880,D,PORD000880,PRD0013,GRIND_03,104.6,19.4,7.65
LOT000880,E,PORD000880,PRD0013,ADD_01,118.97,15.93,23.2
LOT000881,A,PORD000881,PRD0007,MILL_02,54.94,18.33,6.24
LOT000881,B,PORD000881,PRD0007,LATHE_02,46.11,16.58,0.6
LOT000881,C,PORD000881,PRD0007,DRILL_01,56.12,23.84,0.4
LOT000881,D,PORD000881,PRD0007,GRIND_01,54.7,17.34,3.64
LOT000881,E,PORD000881,PRD0007,ADD_02,88.44,17.47,41.97
LOT000882,A,PORD000882,PRD0015,MILL_03,73.48,24.68,1.53
LOT000882,B,PORD000882,PRD0015,LATHE_03,73.51,21.06,1.05
LOT000882,C,PORD000882,PRD0015,DRILL_01,78.48,19.88,4.95
LOT000882,D,PORD000882,PRD0015,GRIND_01,62.65,15.63,1.47
LOT000882,E,PORD000882,PRD0015,ADD_01,65.35,15.47,3.52
LOT000883,A,PORD000883,PRD0014,MILL_04,105.02,24.67,6.01
LOT000883,B,PORD000883,PRD0014,LATHE_02,103.92,20.78,10.52
LOT000883,C,PORD000883,PRD0014,DRILL_01,92.22,17.82,4.33
LOT000883,D,PORD000883,PRD0014,GRIND_01,109.22,24.91,6.94
LOT000883,E,PORD000883,PRD0014,ADD_02,91.73,21.14,4.6
LOT000884,A,PORD000884,PRD0010,MILL_02,63.77,17.82,7.2
LOT000884,B,PORD000884,PRD0010,LATHE_04,68.9,24.7,4.53
LOT000884,C,PORD000884,PRD0010,DRILL_01,60.42,17.23,9.04
LOT000884,D,PORD000884,PRD0010,GRIND_03,56.09,17.73,2.18
LOT000884,E,PORD000884,PRD0010,ADD_02,66.83,19.2,12.78
LOT000885,A,PORD000885,PRD0004,MILL_03,59.03,16.36,1.19
LOT000885,B,PORD000885,PRD0004,LATHE_03,72.01,18.37,8.37
LOT000885,C,PORD000885,PRD0004,DRILL_03,63.11,18.06,5.86
LOT000885,D,PORD000885,PRD0004,GRIND_03,79.32,23.66,8.16
LOT000885,E,PORD000885,PRD0004,ADD_02,73.72,21.7,8.67
LOT000886,A,PORD000886,PRD0014,MILL_01,92.82,22.96,5.34
LOT000886,B,PORD000886,PRD0014,LATHE_04,86.26,23.0,2.72
LOT000886,C,PORD000886,PRD0014,DRILL_03,108.29,17.9,28.69
LOT000886,D,PORD000886,PRD0014,GRIND_03,79.88,17.31,3.94
LOT000886,E,PORD000886,PRD0014,ADD_02,82.38,19.22,3.71
LOT000887,A,PORD000887,PRD0005,MILL_01,110.99,16.83,3.59
LOT000887,B,PORD000887,PRD0005,LATHE_01,111.18,16.94,2.85
LOT000887,C,PORD000887,PRD0005,DRILL_02,113.5,22.86,7.72
LOT000887,D,PORD000887,PRD0005,GRIND_01,105.82,21.25,0.68
LOT000887,E,PORD000887,PRD0005,ADD_02,116.08,21.6,9.81
LOT000888,A,PORD000888,PRD0014,MILL_02,109.55,19.18,7.93
LOT000888,B,PORD000888,PRD0014,LATHE_03,92.08,18.33,7.33
LOT000888,C,PORD000888,PRD0014,DRILL_03,107.99,19.81,9.38
LOT000888,D,PORD000888,PRD0014,GRIND_01,130.14,23.92,21.18
LOT000888,E,PORD000888,PRD0014,ADD_02,116.92,16.2,27.77
LOT000889,A,PORD000889,PRD0006,MILL_02,148.59,19.63,20.36
LOT000889,B,PORD000889,PRD0006,LATHE_01,125.67,20.53,0.31
LOT000889,C,PORD000889,PRD0006,DRILL_03,141.8,22.93,6.95
LOT000889,D,PORD000889,PRD0006,GRIND_01,150.62,17.79,3.35
LOT000889,E,PORD000889,PRD0006,ADD_01,157.81,24.36,3.52
LOT000890,A,PORD000890,PRD0012,MILL_01,106.94,20.63,2.62
LOT000890,B,PORD000890,PRD0012,LATHE_02,111.57,16.05,6.24
LOT000890,C,PORD000890,PRD0012,DRILL_01,106.3,17.2,0.4
LOT000890,D,PORD000890,PRD0012,GRIND_03,113.11,24.69,2.2
LOT000890,E,PORD000890,PRD0012,ADD_01,122.24,17.78,8.72
LOT000891,A,PORD000891,PRD0017,MILL_04,75.03,17.58,6.14
LOT000891,B,PORD000891,PRD0017,LATHE_03,68.86,20.05,7.0
LOT000891,C,PORD000891,PRD0017,DRILL_03,68.07,21.29,3.98
LOT000891,D,PORD000891,PRD0017,GRIND_02,66.66,15.95,5.05
LOT000891,E,PORD000891,PRD0017,ADD_01,59.71,17.29,0.57
LOT000892,A,PORD000892,PRD0008,MILL_04,88.56,24.37,3.19
LOT000892,B,PORD000892,PRD0008,LATHE_04,87.08,15.16,12.01
LOT000892,C,PORD000892,PRD0008,DRILL_03,75.11,17.11,7.19
LOT000892,D,PORD000892,PRD0008,GRIND_02,68.88,17.22,4.35
LOT000892,E,PORD000892,PRD0008,ADD_02,85.53,23.81,5.25
LOT000893,A,PORD000893,PRD0019,MILL_02,82.75,19.57,16.75
LOT000893,B,PORD000893,PRD0019,LATHE_02,63.31,20.73,6.13
LOT000893,C,PORD000893,PRD0019,DRILL_02,72.8,16.72,9.7
LOT000893,D,PORD000893,PRD0019,GRIND_02,67.74,19.97,5.8
LOT000893,E,PORD000893,PRD0019,ADD_01,77.49,17.79,11.68
LOT000894,A,PORD000894,PRD0008,MILL_01,60.33,23.56,2.76
LOT000894,B,PORD000894,PRD0008,LATHE_04,56.61,16.97,3.78
LOT000894,C,PORD000894,PRD0008,DRILL_01,60.8,22.74,5.58
LOT000894,D,PORD000894,PRD0008,GRIND_02,68.63,15.76,19.91
LOT000894,E,PORD000894,PRD0008,ADD_02,59.93,18.79,5.43
LOT000895,A,PORD000895,PRD0015,MILL_03,89.87,16.96,1.78
LOT000895,B,PORD000895,PRD0015,LATHE_02,95.61,20.7,6.37
LOT000895,C,PORD000895,PRD0015,DRILL_02,106.69,17.55,3.88
LOT000895,D,PORD000895,PRD0015,GRIND_02,95.11,24.8,2.96
LOT000895,E,PORD000895,PRD0015,ADD_02,91.82,18.46,4.44
LOT000896,A,PORD000896,PRD0003,MILL_03,31.11,22.25,0.71
LOT000896,B,PORD000896,PRD0003,LATHE_02,30.18,20.55,0.01
LOT000896,C,PORD000896,PRD0003,DRILL_01,37.99,24.69,4.18
LOT000896,D,PORD000896,PRD0003,GRIND_02,43.63,19.19,16.13
LOT000896,E,PORD000896,PRD0003,ADD_01,54.17,24.69,20.8
LOT000897,A,PORD000897,PRD0012,MILL_01,95.99,23.42,17.14
LOT000897,B,PORD000897,PRD0012,LATHE_04,93.02,17.78,7.69
LOT000897,C,PORD000897,PRD0012,DRILL_02,96.43,24.18,8.56
LOT000897,D,PORD000897,PRD0012,GRIND_03,102.85,22.01,21.47
LOT000897,E,PORD000897,PRD0012,ADD_02,78.59,16.03,1.97
LOT000898,A,PORD000898,PRD0008,MILL_04,85.26,19.34,5.95
LOT000898,B,PORD000898,PRD0008,LATHE_02,92.08,22.28,2.6
LOT000898,C,PORD000898,PRD0008,DRILL_03,85.96,19.52,7.93
LOT000898,D,PORD000898,PRD0008,GRIND_03,88.48,22.77,8.58
LOT000898,E,PORD000898,PRD0008,ADD_01,87.29,20.41,4.36
LOT000899,A,PORD000899,PRD0012,MILL_03,63.53,24.35,7.14
LOT000899,B,PORD000899,PRD0012,LATHE_01,55.12,16.43,7.25
LOT000899,C,PORD000899,PRD0012,DRILL_01,58.94,22.89,4.52
LOT000899,D,PORD000899,PRD0012,GRIND_01,58.23,21.21,2.47
LOT000899,E,PORD000899,PRD0012,ADD_02,54.24,21.34,1.56
LOT000900,A,PORD000900,PRD0009,MILL_03,66.38,19.67,1.3
LOT000900,B,PORD000900,PRD0009,LATHE_04,81.15,23.68,6.55
LOT000900,C,PORD000900,PRD0009,DRILL_03,66.42,16.57,0.68
LOT000900,D,PORD000900,PRD0009,GRIND_02,69.53,22.14,2.91
LOT000900,E,PORD000900,PRD0009,ADD_01,67.73,16.74,7.74
LOT000901,A,PORD000901,PRD0011,MILL_03,53.5,18.03,4.38
LOT000901,B,PORD000901,PRD0011,LATHE_04,54.36,18.61,4.57
LOT000901,C,PORD000901,PRD0011,DRILL_03,50.09,22.29,0.94
LOT000901,D,PORD000901,PRD0011,GRIND_03,60.41,24.93,6.87
LOT000901,E,PORD000901,PRD0011,ADD_01,76.82,23.69,29.64
LOT000902,A,PORD000902,PRD0018,MILL_03,83.88,23.83,1.93
LOT000902,B,PORD000902,PRD0018,LATHE_01,79.8,22.6,5.47
LOT000902,C,PORD000902,PRD0018,DRILL_02,109.51,20.47,34.86
LOT000902,D,PORD000902,PRD0018,GRIND_01,88.03,24.69,8.09
LOT000902,E,PORD000902,PRD0018,ADD_02,83.02,19.66,12.87
LOT000903,A,PORD000903,PRD0004,MILL_02,84.24,17.72,2.04
LOT000903,B,PORD000903,PRD0004,LATHE_02,98.76,23.29,9.16
LOT000903,C,PORD000903,PRD0004,DRILL_03,93.4,20.36,2.72
LOT000903,D,PORD000903,PRD0004,GRIND_01,105.1,19.97,0.66
LOT000903,E,PORD000903,PRD0004,ADD_01,102.43,18.99,4.75
LOT000904,A,PORD000904,PRD0015,MILL_04,76.5,19.08,4.68
LOT000904,B,PORD000904,PRD0015,LATHE_04,82.79,18.97,1.81
LOT000904,C,PORD000904,PRD0015,DRILL_02,87.89,18.36,3.86
LOT000904,D,PORD000904,PRD0015,GRIND_01,104.93,17.47,32.52
LOT000904,E,PORD000904,PRD0015,ADD_01,78.01,17.84,4.56
LOT000905,A,PORD000905,PRD0018,MILL_02,84.12,22.71,12.4
LOT000905,B,PORD000905,PRD0018,LATHE_04,67.91,19.05,6.75
LOT000905,C,PORD000905,PRD0018,DRILL_03,76.86,24.26,3.98
LOT000905,D,PORD000905,PRD0018,GRIND_02,80.88,22.1,7.3
LOT000905,E,PORD000905,PRD0018,ADD_02,71.79,16.33,14.32
LOT000906,A,PORD000906,PRD0003,MILL_02,67.4,19.01,1.01
LOT000906,B,PORD000906,PRD0003,LATHE_01,73.33,22.52,2.22
LOT000906,C,PORD000906,PRD0003,DRILL_02,80.11,23.64,2.42
LOT000906,D,PORD000906,PRD0003,GRIND_02,76.42,19.19,9.52
LOT000906,E,PORD000906,PRD0003,ADD_02,95.77,17.97,27.87
LOT000907,A,PORD000907,PRD0013,MILL_03,79.08,21.02,22.53
LOT000907,B,PORD000907,PRD0013,LATHE_01,56.46,17.02,5.86
LOT000907,C,PORD000907,PRD0013,DRILL_01,55.49,16.95,2.43
LOT000907,D,PORD000907,PRD0013,GRIND_01,59.79,21.63,1.42
LOT000907,E,PORD000907,PRD0013,ADD_01,58.77,22.72,1.23
LOT000908,A,PORD000908,PRD0004,MILL_03,71.84,15.9,24.42
LOT000908,B,PORD000908,PRD0004,LATHE_03,57.11,21.24,0.57
LOT000908,C,PORD000908,PRD0004,DRILL_01,62.82,20.12,9.3
LOT000908,D,PORD000908,PRD0004,GRIND_02,56.12,16.86,1.36
LOT000908,E,PORD000908,PRD0004,ADD_02,61.17,24.06,3.25
LOT000909,A,PORD000909,PRD0020,MILL_01,64.45,15.29,6.98
LOT000909,B,PORD000909,PRD0020,LATHE_04,67.78,23.81,5.39
LOT000909,C,PORD000909,PRD0020,DRILL_01,69.21,16.57,8.71
LOT000909,D,PORD000909,PRD0020,GRIND_02,70.07,20.93,6.07
LOT000909,E,PORD000909,PRD0020,ADD_01,71.07,19.55,4.23
LOT000910,A,PORD000910,PRD0006,MILL_02,49.05,19.12,4.11
LOT000910,B,PORD000910,PRD0006,LATHE_04,40.0,15.47,1.8
LOT000910,C,PORD000910,PRD0006,DRILL_03,47.37,19.33,4.54
LOT000910,D,PORD000910,PRD0006,GRIND_03,71.4,23.38,23.51
LOT000910,E,PORD000910,PRD0006,ADD_02,60.08,21.56,11.87
LOT000911,A,PORD000911,PRD0012,MILL_03,71.56,21.9,5.45
LOT000911,B,PORD000911,PRD0012,LATHE_01,77.7,21.49,5.15
LOT000911,C,PORD000911,PRD0012,DRILL_02,66.58,17.5,3.97
LOT000911,D,PORD000911,PRD0012,GRIND_03,73.51,15.92,6.28
LOT000911,E,PORD000911,PRD0012,ADD_02,78.27,15.48,10.63
LOT000912,A,PORD000912,PRD0002,MILL_04,110.56,16.83,3.16
LOT000912,B,PORD000912,PRD0002,LATHE_02,113.47,22.05,3.84
LOT000912,C,PORD000912,PRD0002,DRILL_02,121.55,20.74,4.03
LOT000912,D,PORD000912,PRD0002,GRIND_01,117.89,17.48,3.19
LOT000912,E,PORD000912,PRD0002,ADD_01,143.69,22.03,30.22
LOT000913,A,PORD000913,PRD0005,MILL_04,100.93,22.08,7.43
LOT000913,B,PORD000913,PRD0005,LATHE_03,109.19,21.23,10.85
LOT000913,C,PORD000913,PRD0005,DRILL_03,82.45,16.55,2.17
LOT000913,D,PORD000913,PRD0005,GRIND_03,94.66,18.13,3.04
LOT000913,E,PORD000913,PRD0005,ADD_02,90.37,19.6,7.79
LOT000914,A,PORD000914,PRD0010,MILL_04,83.05,23.11,3.84
LOT000914,B,PORD000914,PRD0010,LATHE_02,79.55,22.38,2.17
LOT000914,C,PORD000914,PRD0010,DRILL_01,82.5,24.26,5.3
LOT000914,D,PORD000914,PRD0010,GRIND_02,64.25,15.53,0.47
LOT000914,E,PORD000914,PRD0010,ADD_02,79.71,22.26,3.32
LOT000915,A,PORD000915,PRD0014,MILL_04,61.1,20.86,4.0
LOT000915,B,PORD000915,PRD0014,LATHE_02,54.84,17.47,1.06
LOT000915,C,PORD000915,PRD0014,DRILL_01,55.72,18.42,2.2
LOT000915,D,PORD000915,PRD0014,GRIND_01,58.75,15.51,4.4
LOT000915,E,PORD000915,PRD0014,ADD_01,60.35,20.89,7.48
LOT000916,A,PORD000916,PRD0015,MILL_01,99.61,24.61,17.72
LOT000916,B,PORD000916,PRD0015,LATHE_04,92.83,21.62,4.03
LOT000916,C,PORD000916,PRD0015,DRILL_03,103.48,24.05,4.83
LOT000916,D,PORD000916,PRD0015,GRIND_01,88.69,24.12,2.11
LOT000916,E,PORD000916,PRD0015,ADD_01,93.85,15.74,22.56
LOT000917,A,PORD000917,PRD0013,MILL_02,73.46,16.33,3.7
LOT000917,B,PORD000917,PRD0013,LATHE_03,73.05,17.4,4.42
LOT000917,C,PORD000917,PRD0013,DRILL_01,69.39,15.58,7.98
LOT000917,D,PORD000917,PRD0013,GRIND_03,71.77,17.05,6.12
LOT000917,E,PORD000917,PRD0013,ADD_02,91.97,18.32,22.22
LOT000918,A,PORD000918,PRD0012,MILL_02,76.92,20.87,5.93
LOT000918,B,PORD000918,PRD0012,LATHE_04,79.46,17.56,6.75
LOT000918,C,PORD000918,PRD0012,DRILL_03,67.44,20.48,3.83
LOT000918,D,PORD000918,PRD0012,GRIND_02,80.95,21.08,6.88
LOT000918,E,PORD000918,PRD0012,ADD_01,89.32,19.26,19.6
LOT000919,A,PORD000919,PRD0017,MILL_03,70.84,17.11,4.38
LOT000919,B,PORD000919,PRD0017,LATHE_01,73.31,21.55,2.34
LOT000919,C,PORD000919,PRD0017,DRILL_03,73.39,20.43,5.43
LOT000919,D,PORD000919,PRD0017,GRIND_01,76.71,23.18,6.31
LOT000919,E,PORD000919,PRD0017,ADD_01,75.59,23.09,1.49
LOT000920,A,PORD000920,PRD0011,MILL_03,32.76,16.1,3.16
LOT000920,B,PORD000920,PRD0011,LATHE_01,56.02,20.74,21.26
LOT000920,C,PORD000920,PRD0011,DRILL_03,29.36,16.99,0.71
LOT000920,D,PORD000920,PRD0011,GRIND_02,36.0,21.42,2.69
LOT000920,E,PORD000920,PRD0011,ADD_02,36.18,23.92,0.02
LOT000921,A,PORD000921,PRD0009,MILL_01,93.51,16.83,4.62
LOT000921,B,PORD000921,PRD0009,LATHE_01,87.6,15.14,4.9
LOT000921,C,PORD000921,PRD0009,DRILL_01,96.14,16.22,3.83
LOT000921,D,PORD000921,PRD0009,GRIND_01,84.58,15.81,5.85
LOT000921,E,PORD000921,PRD0009,ADD_02,102.06,18.27,14.88
LOT000922,A,PORD000922,PRD0003,MILL_04,119.68,16.21,16.29
LOT000922,B,PORD000922,PRD0003,LATHE_03,148.12,24.69,15.0
LOT000922,C,PORD000922,PRD0003,DRILL_03,129.31,17.74,4.13
LOT000922,D,PORD000922,PRD0003,GRIND_02,127.64,19.52,5.32
LOT000922,E,PORD000922,PRD0003,ADD_02,123.86,15.02,9.28
LOT000923,A,PORD000923,PRD0013,MILL_02,75.92,24.09,17.78
LOT000923,B,PORD000923,PRD0013,LATHE_04,61.33,22.06,7.95
LOT000923,C,PORD000923,PRD0013,DRILL_03,57.97,15.72,7.91
LOT000923,D,PORD000923,PRD0013,GRIND_03,61.67,23.4,3.18
LOT000923,E,PORD000923,PRD0013,ADD_02,64.23,24.0,11.38
LOT000924,A,PORD000924,PRD0011,MILL_02,88.84,16.33,0.52
LOT000924,B,PORD000924,PRD0011,LATHE_01,95.02,24.26,3.15
LOT000924,C,PORD000924,PRD0011,DRILL_03,89.75,20.77,4.06
LOT000924,D,PORD000924,PRD0011,GRIND_01,99.21,15.56,10.09
LOT000924,E,PORD000924,PRD0011,ADD_02,90.48,18.5,13.39
LOT000925,A,PORD000925,PRD0005,MILL_04,84.53,15.42,1.61
LOT000925,B,PORD000925,PRD0005,LATHE_04,102.95,21.8,0.56
LOT000925,C,PORD000925,PRD0005,DRILL_02,109.11,21.39,23.12
LOT000925,D,PORD000925,PRD0005,GRIND_02,100.63,24.74,5.14
LOT000925,E,PORD000925,PRD0005,ADD_02,93.3,15.31,8.92
LOT000926,A,PORD000926,PRD0013,MILL_04,102.37,22.08,10.8
LOT000926,B,PORD000926,PRD0013,LATHE_03,93.29,22.59,7.38
LOT000926,C,PORD000926,PRD0013,DRILL_01,92.59,17.16,5.34
LOT000926,D,PORD000926,PRD0013,GRIND_01,123.59,22.84,28.31
LOT000926,E,PORD000926,PRD0013,ADD_02,95.97,22.62,6.48
LOT000927,A,PORD000927,PRD0017,MILL_01,69.7,19.99,1.39
LOT000927,B,PORD000927,PRD0017,LATHE_04,81.02,18.32,20.11
LOT000927,C,PORD000927,PRD0017,DRILL_02,78.14,23.57,12.31
LOT000927,D,PORD000927,PRD0017,GRIND_02,68.59,20.88,3.26
LOT000927,E,PORD000927,PRD0017,ADD_01,77.44,23.58,13.99
LOT000928,A,PORD000928,PRD0020,MILL_03,78.0,20.27,6.36
LOT000928,B,PORD000928,PRD0020,LATHE_03,80.21,21.72,7.67
LOT000928,C,PORD000928,PRD0020,DRILL_01,71.71,19.5,1.84
LOT000928,D,PORD000928,PRD0020,GRIND_02,74.53,23.47,3.72
LOT000928,E,PORD000928,PRD0020,ADD_01,79.05,22.75,4.1
LOT000929,A,PORD000929,PRD0010,MILL_02,113.17,21.68,14.63
LOT000929,B,PORD000929,PRD0010,LATHE_04,109.46,20.82,12.84
LOT000929,C,PORD000929,PRD0010,DRILL_03,111.31,24.38,16.34
LOT000929,D,PORD000929,PRD0010,GRIND_01,102.22,20.18,9.94
LOT000929,E,PORD000929,PRD0010,ADD_01,95.17,18.7,8.52
LOT000930,A,PORD000930,PRD0007,MILL_03,68.66,18.37,5.58
LOT000930,B,PORD000930,PRD0007,LATHE_02,67.59,17.47,4.37
LOT000930,C,PORD000930,PRD0007,DRILL_02,78.3,17.19,8.6
LOT000930,D,PORD000930,PRD0007,GRIND_02,86.7,23.69,4.95
LOT000930,E,PORD000930,PRD0007,ADD_01,65.93,17.66,3.21
LOT000931,A,PORD000931,PRD0015,MILL_04,60.04,24.15,3.69
LOT000931,B,PORD000931,PRD0015,LATHE_01,69.9,17.05,15.6
LOT000931,C,PORD000931,PRD0015,DRILL_03,62.26,16.78,5.88
LOT000931,D,PORD000931,PRD0015,GRIND_03,56.73,21.32,1.51
LOT000931,E,PORD000931,PRD0015,ADD_01,58.81,20.97,1.59
LOT000932,A,PORD000932,PRD0005,MILL_01,79.22,16.92,3.62
LOT000932,B,PORD000932,PRD0005,LATHE_04,99.7,22.84,5.11
LOT000932,C,PORD000932,PRD0005,DRILL_03,83.21,19.73,8.94
LOT000932,D,PORD000932,PRD0005,GRIND_03,87.69,20.88,8.3
LOT000932,E,PORD000932,PRD0005,ADD_01,80.85,19.08,1.58
LOT000933,A,PORD000933,PRD0015,MILL_01,92.93,17.32,5.23
LOT000933,B,PORD000933,PRD0015,LATHE_02,95.57,18.75,1.86
LOT000933,C,PORD000933,PRD0015,DRILL_01,112.76,21.44,6.3
LOT000933,D,PORD000933,PRD0015,GRIND_02,98.52,24.93,3.32
LOT000933,E,PORD000933,PRD0015,ADD_01,100.71,22.23,5.93
LOT000934,A,PORD000934,PRD0015,MILL_04,77.36,18.38,6.7
LOT000934,B,PORD000934,PRD0015,LATHE_03,87.0,22.77,7.13
LOT000934,C,PORD000934,PRD0015,DRILL_02,108.44,18.01,17.03
LOT000934,D,PORD000934,PRD0015,GRIND_01,82.33,24.63,2.68
LOT000934,E,PORD000934,PRD0015,ADD_01,109.61,19.44,29.66
LOT000935,A,PORD000935,PRD0014,MILL_04,66.12,21.44,2.06
LOT000935,B,PORD000935,PRD0014,LATHE_01,55.41,18.54,3.44
LOT000935,C,PORD000935,PRD0014,DRILL_03,75.88,19.08,18.11
LOT000935,D,PORD000935,PRD0014,GRIND_02,63.8,20.5,1.28
LOT000935,E,PORD000935,PRD0014,ADD_01,60.28,19.08,7.63
LOT000936,A,PORD000936,PRD0007,MILL_03,58.82,23.23,7.33
LOT000936,B,PORD000936,PRD0007,LATHE_02,59.4,24.31,6.72
LOT000936,C,PORD000936,PRD0007,DRILL_03,55.0,17.19,7.09
LOT000936,D,PORD000936,PRD0007,GRIND_02,48.23,15.44,0.6
LOT000936,E,PORD000936,PRD0007,ADD_02,52.97,15.29,5.86
LOT000937,A,PORD000937,PRD0002,MILL_04,65.72,18.4,2.64
LOT000937,B,PORD000937,PRD0002,LATHE_03,75.08,21.94,3.34
LOT000937,C,PORD000937,PRD0002,DRILL_03,70.27,19.56,6.86
LOT000937,D,PORD000937,PRD0002,GRIND_02,80.1,22.63,8.21
LOT000937,E,PORD000937,PRD0002,ADD_01,72.19,19.52,8.0
LOT000938,A,PORD000938,PRD0007,MILL_01,97.28,22.2,6.57
LOT000938,B,PORD000938,PRD0007,LATHE_01,126.18,22.7,24.97
LOT000938,C,PORD000938,PRD0007,DRILL_02,97.84,20.34,8.09
LOT000938,D,PORD000938,PRD0007,GRIND_02,104.39,18.1,3.9
LOT000938,E,PORD000938,PRD0007,ADD_02,106.73,18.39,11.01
LOT000939,A,PORD000939,PRD0013,MILL_04,62.93,16.84,4.79
LOT000939,B,PORD000939,PRD0013,LATHE_03,68.67,21.69,7.84
LOT000939,C,PORD000939,PRD0013,DRILL_03,69.75,23.64,7.29
LOT000939,D,PORD000939,PRD0013,GRIND_03,68.22,18.1,8.22
LOT000939,E,PORD000939,PRD0013,ADD_01,78.27,22.09,19.86
LOT000940,A,PORD000940,PRD0007,MILL_04,99.79,18.05,6.65
LOT000940,B,PORD000940,PRD0007,LATHE_02,92.47,15.69,1.49
LOT000940,C,PORD000940,PRD0007,DRILL_02,110.7,24.48,9.72
LOT000940,D,PORD000940,PRD0007,GRIND_03,117.53,21.73,8.07
LOT000940,E,PORD000940,PRD0007,ADD_02,104.41,22.91,2.02
LOT000941,A,PORD000941,PRD0008,MILL_04,55.33,15.68,2.37
LOT000941,B,PORD000941,PRD0008,LATHE_03,65.52,18.41,5.47
LOT000941,C,PORD000941,PRD0008,DRILL_01,53.92,15.39,0.19
LOT000941,D,PORD000941,PRD0008,GRIND_01,62.16,23.84,1.25
LOT000941,E,PORD000941,PRD0008,ADD_01,72.02,19.81,12.62
LOT000942,A,PORD000942,PRD0014,MILL_03,47.0,17.87,20.82
LOT000942,B,PORD000942,PRD0014,LATHE_01,38.2,21.91,10.0
LOT000942,C,PORD000942,PRD0014,DRILL_03,38.37,18.24,12.14
LOT000942,D,PORD000942,PRD0014,GRIND_01,61.59,22.45,31.96
LOT000942,E,PORD000942,PRD0014,ADD_02,24.09,17.04,0.48
LOT000943,A,PORD000943,PRD0006,MILL_02,98.11,15.21,7.12
LOT000943,B,PORD000943,PRD0006,LATHE_01,105.3,21.99,6.1
LOT000943,C,PORD000943,PRD0006,DRILL_03,92.48,15.87,0.46
LOT000943,D,PORD000943,PRD0006,GRIND_03,100.55,20.76,4.81
LOT000943,E,PORD000943,PRD0006,ADD_01,108.14,17.75,14.61
LOT000944,A,PORD000944,PRD0003,MILL_03,59.47,20.52,5.58
LOT000944,B,PORD000944,PRD0003,LATHE_01,71.63,22.51,15.33
LOT000944,C,PORD000944,PRD0003,DRILL_02,59.28,20.02,1.86
LOT000944,D,PORD000944,PRD0003,GRIND_01,65.02,21.5,9.5
LOT000944,E,PORD000944,PRD0003,ADD_02,55.51,23.75,3.37
LOT000945,A,PORD000945,PRD0016,MILL_04,123.59,20.53,23.65
LOT000945,B,PORD000945,PRD0016,LATHE_04,109.4,18.08,18.29
LOT000945,C,PORD000945,PRD0016,DRILL_01,97.14,23.9,1.35
LOT000945,D,PORD000945,PRD0016,GRIND_01,94.6,18.56,6.13
LOT000945,E,PORD000945,PRD0016,ADD_01,108.05,16.9,12.89
LOT000946,A,PORD000946,PRD0014,MILL_01,69.67,24.13,3.02
LOT000946,B,PORD000946,PRD0014,LATHE_02,68.13,22.6,1.86
LOT000946,C,PORD000946,PRD0014,DRILL_01,75.23,24.8,6.14
LOT000946,D,PORD000946,PRD0014,GRIND_01,72.8,19.31,5.88
LOT000946,E,PORD000946,PRD0014,ADD_02,79.54,20.82,21.53
LOT000947,A,PORD000947,PRD0012,MILL_02,77.25,19.2,5.76
LOT000947,B,PORD000947,PRD0012,LATHE_03,79.65,20.34,9.92
LOT000947,C,PORD000947,PRD0012,DRILL_01,70.56,16.33,3.22
LOT000947,D,PORD000947,PRD0012,GRIND_02,63.34,15.5,0.77
LOT000947,E,PORD000947,PRD0012,ADD_02,79.06,17.33,12.87
LOT000948,A,PORD000948,PRD0003,MILL_02,67.44,18.75,1.56
LOT000948,B,PORD000948,PRD0003,LATHE_02,84.28,23.02,5.41
LOT000948,C,PORD000948,PRD0003,DRILL_03,80.66,15.58,9.48
LOT000948,D,PORD000948,PRD0003,GRIND_01,72.09,18.8,8.06
LOT000948,E,PORD000948,PRD0003,ADD_02,72.1,21.51,1.32
LOT000949,A,PORD000949,PRD0010,MILL_04,82.47,15.78,3.2
LOT000949,B,PORD000949,PRD0010,LATHE_01,81.77,21.3,1.4
LOT000949,C,PORD000949,PRD0010,DRILL_02,71.09,16.64,1.32
LOT000949,D,PORD000949,PRD0010,GRIND_01,89.08,20.91,12.91
LOT000949,E,PORD000949,PRD0010,ADD_02,74.41,18.12,3.0
LOT000950,A,PORD000950,PRD0004,MILL_01,121.08,16.29,7.39
LOT000950,B,PORD000950,PRD0004,LATHE_04,119.48,17.64,4.91
LOT000950,C,PORD000950,PRD0004,DRILL_03,113.96,18.71,3.2
LOT000950,D,PORD000950,PRD0004,GRIND_03,140.4,20.52,6.36
LOT000950,E,PORD000950,PRD0004,ADD_01,121.25,18.04,3.95
LOT000951,A,PORD000951,PRD0019,MILL_02,95.05,21.09,5.11
LOT000951,B,PORD000951,PRD0019,LATHE_04,79.58,20.04,0.58
LOT000951,C,PORD000951,PRD0019,DRILL_02,111.76,20.4,18.74
LOT000951,D,PORD000951,PRD0019,GRIND_03,72.25,15.67,1.26
LOT000951,E,PORD000951,PRD0019,ADD_02,99.3,20.93,9.23
LOT000952,A,PORD000952,PRD0006,MILL_04,52.97,23.52,2.39
LOT000952,B,PORD000952,PRD0006,LATHE_01,40.46,15.43,0.85
LOT000952,C,PORD000952,PRD0006,DRILL_01,45.48,21.06,2.29
LOT000952,D,PORD000952,PRD0006,GRIND_03,55.09,20.78,9.35
LOT000952,E,PORD000952,PRD0006,ADD_01,64.06,23.05,13.24
LOT000953,A,PORD000953,PRD0001,MILL_01,95.39,18.86,5.08
LOT000953,B,PORD000953,PRD0001,LATHE_04,86.77,15.32,3.67
LOT000953,C,PORD000953,PRD0001,DRILL_03,91.65,21.4,0.81
LOT000953,D,PORD000953,PRD0001,GRIND_01,105.24,23.37,12.2
LOT000953,E,PORD000953,PRD0001,ADD_02,82.91,20.7,6.44
LOT000954,A,PORD000954,PRD0005,MILL_03,145.51,21.65,0.44
LOT000954,B,PORD000954,PRD0005,LATHE_03,156.22,23.44,6.95
LOT000954,C,PORD000954,PRD0005,DRILL_03,120.61,21.11,5.6
LOT000954,D,PORD000954,PRD0005,GRIND_03,125.03,21.21,3.56
LOT000954,E,PORD000954,PRD0005,ADD_01,128.57,20.73,2.53
LOT000955,A,PORD000955,PRD0005,MILL_03,110.53,18.15,17.51
LOT000955,B,PORD000955,PRD0005,LATHE_02,89.44,17.87,1.6
LOT000955,C,PORD000955,PRD0005,DRILL_02,83.59,17.2,7.34
LOT000955,D,PORD000955,PRD0005,GRIND_02,110.37,18.2,26.14
LOT000955,E,PORD000955,PRD0005,ADD_01,95.75,22.26,14.02
LOT000956,A,PORD000956,PRD0004,MILL_02,66.54,18.49,7.42
LOT000956,B,PORD000956,PRD0004,LATHE_04,84.99,18.85,21.95
LOT000956,C,PORD000956,PRD0004,DRILL_01,89.25,21.69,26.31
LOT000956,D,PORD000956,PRD0004,GRIND_03,77.5,18.3,6.1
LOT000956,E,PORD000956,PRD0004,ADD_01,76.89,22.33,8.14
LOT000957,A,PORD000957,PRD0002,MILL_03,72.27,24.41,6.44
LOT000957,B,PORD000957,PRD0002,LATHE_03,70.89,18.68,4.67
LOT000957,C,PORD000957,PRD0002,DRILL_03,60.03,19.51,0.47
LOT000957,D,PORD000957,PRD0002,GRIND_01,68.94,18.46,7.98
LOT000957,E,PORD000957,PRD0002,ADD_02,85.98,22.75,16.79
LOT000958,A,PORD000958,PRD0013,MILL_04,84.21,21.68,7.78
LOT000958,B,PORD000958,PRD0013,LATHE_01,73.53,16.13,7.86
LOT000958,C,PORD000958,PRD0013,DRILL_01,79.04,20.32,4.12
LOT000958,D,PORD000958,PRD0013,GRIND_02,104.07,21.08,30.41
LOT000958,E,PORD000958,PRD0013,ADD_02,75.69,21.46,1.39
LOT000959,A,PORD000959,PRD0012,MILL_02,84.33,16.02,0.39
LOT000959,B,PORD000959,PRD0012,LATHE_03,85.22,21.7,2.52
LOT000959,C,PORD000959,PRD0012,DRILL_02,86.37,22.0,9.39
LOT000959,D,PORD000959,PRD0012,GRIND_02,84.91,15.59,0.45
LOT000959,E,PORD000959,PRD0012,ADD_01,96.5,22.7,10.05
LOT000960,A,PORD000960,PRD0006,MILL_01,130.03,20.99,7.32
LOT000960,B,PORD000960,PRD0006,LATHE_03,124.23,22.99,1.49
LOT000960,C,PORD000960,PRD0006,DRILL_01,119.78,17.5,5.34
LOT000960,D,PORD000960,PRD0006,GRIND_03,120.04,23.32,6.4
LOT000960,E,PORD000960,PRD0006,ADD_01,122.79,18.47,10.42
LOT000961,A,PORD000961,PRD0005,MILL_04,98.73,19.02,5.79
LOT000961,B,PORD000961,PRD0005,LATHE_03,98.38,21.95,6.87
LOT000961,C,PORD000961,PRD0005,DRILL_03,84.8,17.62,3.13
LOT000961,D,PORD000961,PRD0005,GRIND_03,123.34,24.82,30.6
LOT000961,E,PORD000961,PRD0005,ADD_01,82.63,20.69,3.26
LOT000962,A,PORD000962,PRD0001,MILL_02,51.9,16.47,21.7
LOT000962,B,PORD000962,PRD0001,LATHE_03,38.1,18.58,4.69
LOT000962,C,PORD000962,PRD0001,DRILL_03,44.15,24.76,2.5
LOT000962,D,PORD000962,PRD0001,GRIND_02,43.54,22.16,7.69
LOT000962,E,PORD000962,PRD0001,ADD_02,47.31,20.08,14.15
LOT000963,A,PORD000963,PRD0010,MILL_02,99.33,21.05,1.52
LOT000963,B,PORD000963,PRD0010,LATHE_03,96.12,16.0,0.6
LOT000963,C,PORD000963,PRD0010,DRILL_03,125.09,23.39,26.94
LOT000963,D,PORD000963,PRD0010,GRIND_01,78.53,15.47,2.58
LOT000963,E,PORD000963,PRD0010,ADD_02,104.13,24.04,17.76
LOT000964,A,PORD000964,PRD0009,MILL_02,102.08,15.26,6.63
LOT000964,B,PORD000964,PRD0009,LATHE_01,96.73,19.04,0.24
LOT000964,C,PORD000964,PRD0009,DRILL_03,102.93,21.74,6.29
LOT000964,D,PORD000964,PRD0009,GRIND_02,97.76,17.51,8.09
LOT000964,E,PORD000964,PRD0009,ADD_02,100.07,21.43,5.56
LOT000965,A,PORD000965,PRD0019,MILL_02,104.61,15.4,5.17
LOT000965,B,PORD000965,PRD0019,LATHE_03,97.62,24.15,2.06
LOT000965,C,PORD000965,PRD0019,DRILL_02,124.88,15.13,27.01
LOT000965,D,PORD000965,PRD0019,GRIND_02,91.33,20.97,0.34
LOT000965,E,PORD000965,PRD0019,ADD_01,109.77,15.76,12.13
LOT000966,A,PORD000966,PRD0012,MILL_03,73.56,18.39,5.51
LOT000966,B,PORD000966,PRD0012,LATHE_02,73.31,16.26,6.43
LOT000966,C,PORD000966,PRD0012,DRILL_03,67.89,21.53,2.38
LOT000966,D,PORD000966,PRD0012,GRIND_01,73.41,21.4,7.53
LOT000966,E,PORD000966,PRD0012,ADD_02,86.01,23.06,12.18
LOT000967,A,PORD000967,PRD0015,MILL_04,65.02,22.0,4.78
LOT000967,B,PORD000967,PRD0015,LATHE_02,55.99,19.65,0.19
LOT000967,C,PORD000967,PRD0015,DRILL_03,70.45,21.31,7.65
LOT000967,D,PORD000967,PRD0015,GRIND_01,66.42,21.24,7.92
LOT000967,E,PORD000967,PRD0015,ADD_02,67.2,19.02,14.01
LOT000968,A,PORD000968,PRD0004,MILL_04,92.02,16.53,3.49
LOT000968,B,PORD000968,PRD0004,LATHE_01,99.58,16.92,6.67
LOT000968,C,PORD000968,PRD0004,DRILL_02,104.6,16.42,9.45
LOT000968,D,PORD000968,PRD0004,GRIND_03,112.98,15.05,4.11
LOT000968,E,PORD000968,PRD0004,ADD_02,104.47,15.66,5.97
LOT000969,A,PORD000969,PRD0018,MILL_02,108.18,16.9,7.65
LOT000969,B,PORD000969,PRD0018,LATHE_03,121.09,18.92,12.11
LOT000969,C,PORD000969,PRD0018,DRILL_02,114.87,24.92,0.36
LOT000969,D,PORD000969,PRD0018,GRIND_03,137.07,21.17,29.74
LOT000969,E,PORD000969,PRD0018,ADD_02,111.44,22.78,1.77
LOT000970,A,PORD000970,PRD0003,MILL_01,94.78,19.92,7.03
LOT000970,B,PORD000970,PRD0003,LATHE_01,85.98,15.34,0.92
LOT000970,C,PORD000970,PRD0003,DRILL_01,102.59,21.49,5.32
LOT000970,D,PORD000970,PRD0003,GRIND_02,98.7,23.33,8.57
LOT000970,E,PORD000970,PRD0003,ADD_02,92.98,19.28,12.22
LOT000971,A,PORD000971,PRD0006,MILL_02,134.0,22.09,24.95
LOT000971,B,PORD000971,PRD0006,LATHE_01,102.15,24.27,0.74
LOT000971,C,PORD000971,PRD0006,DRILL_03,101.94,20.81,0.36
LOT000971,D,PORD000971,PRD0006,GRIND_01,106.6,15.49,2.75
LOT000971,E,PORD000971,PRD0006,ADD_02,112.66,18.45,13.24
LOT000972,A,PORD000972,PRD0016,MILL_02,75.81,16.38,5.0
LOT000972,B,PORD000972,PRD0016,LATHE_02,74.83,16.76,15.17
LOT000972,C,PORD000972,PRD0016,DRILL_02,81.55,20.23,8.76
LOT000972,D,PORD000972,PRD0016,GRIND_02,75.12,19.44,5.0
LOT000972,E,PORD000972,PRD0016,ADD_02,86.36,22.94,14.04
LOT000973,A,PORD000973,PRD0011,MILL_01,98.84,24.64,7.86
LOT000973,B,PORD000973,PRD0011,LATHE_04,88.43,24.99,2.08
LOT000973,C,PORD000973,PRD0011,DRILL_03,87.25,22.97,5.42
LOT000973,D,PORD000973,PRD0011,GRIND_03,79.36,17.72,2.83
LOT000973,E,PORD000973,PRD0011,ADD_01,89.81,21.32,8.5
LOT000974,A,PORD000974,PRD0002,MILL_02,102.93,22.83,22.47
LOT000974,B,PORD000974,PRD0002,LATHE_01,88.58,19.67,6.7
LOT000974,C,PORD000974,PRD0002,DRILL_02,82.91,22.91,5.36
LOT000974,D,PORD000974,PRD0002,GRIND_01,88.55,24.05,0.1
LOT000974,E,PORD000974,PRD0002,ADD_01,79.17,15.1,4.37
LOT000975,A,PORD000975,PRD0003,MILL_02,46.53,22.62,3.53
LOT000975,B,PORD000975,PRD0003,LATHE_03,39.68,15.44,1.0
LOT000975,C,PORD000975,PRD0003,DRILL_02,41.62,15.37,4.5
LOT000975,D,PORD000975,PRD0003,GRIND_01,44.89,16.64,7.82
LOT000975,E,PORD000975,PRD0003,ADD_02,52.65,21.1,11.44
LOT000976,A,PORD000976,PRD0012,MILL_03,122.11,22.49,5.6
LOT000976,B,PORD000976,PRD0012,LATHE_01,105.79,22.08,1.27
LOT000976,C,PORD000976,PRD0012,DRILL_03,112.71,18.08,6.21
LOT000976,D,PORD000976,PRD0012,GRIND_03,127.94,22.14,14.56
LOT000976,E,PORD000976,PRD0012,ADD_01,112.48,22.11,6.22
LOT000977,A,PORD000977,PRD0017,MILL_02,111.8,21.77,5.04
LOT000977,B,PORD000977,PRD0017,LATHE_02,94.72,21.42,0.32
LOT000977,C,PORD000977,PRD0017,DRILL_02,99.82,22.74,1.63
LOT000977,D,PORD000977,PRD0017,GRIND_01,99.42,23.15,4.63
LOT000977,E,PORD000977,PRD0017,ADD_01,139.3,23.9,35.1
LOT000978,A,PORD000978,PRD0010,MILL_03,104.95,22.34,4.65
LOT000978,B,PORD000978,PRD0010,LATHE_03,109.65,20.43,2.84
LOT000978,C,PORD000978,PRD0010,DRILL_03,105.98,20.91,3.87
LOT000978,D,PORD000978,PRD0010,GRIND_01,96.51,17.27,6.27
LOT000978,E,PORD000978,PRD0010,ADD_02,93.76,18.54,8.15
LOT000979,A,PORD000979,PRD0002,MILL_01,37.59,18.52,2.74
LOT000979,B,PORD000979,PRD0002,LATHE_04,47.11,22.01,5.26
LOT000979,C,PORD000979,PRD0002,DRILL_03,36.76,17.29,1.9
LOT000979,D,PORD000979,PRD0002,GRIND_01,39.01,17.7,3.36
LOT000979,E,PORD000979,PRD0002,ADD_02,48.5,15.03,13.71
LOT000980,A,PORD000980,PRD0004,MILL_02,30.56,18.32,6.52
LOT000980,B,PORD000980,PRD0004,LATHE_03,25.51,18.9,0.1
LOT000980,C,PORD000980,PRD0004,DRILL_03,31.34,22.42,2.93
LOT000980,D,PORD000980,PRD0004,GRIND_03,50.87,15.85,27.58
LOT000980,E,PORD000980,PRD0004,ADD_02,23.36,15.9,0.87
LOT000981,A,PORD000981,PRD0003,MILL_02,43.94,17.02,1.19
LOT000981,B,PORD000981,PRD0003,LATHE_04,52.49,22.71,1.84
LOT000981,C,PORD000981,PRD0003,DRILL_02,58.15,21.32,5.84
LOT000981,D,PORD000981,PRD0003,GRIND_03,51.39,16.31,5.69
LOT000981,E,PORD000981,PRD0003,ADD_02,48.37,22.01,0.3
LOT000982,A,PORD000982,PRD0002,MILL_04,92.87,23.93,7.97
LOT000982,B,PORD000982,PRD0002,LATHE_02,106.37,23.78,4.68
LOT000982,C,PORD000982,PRD0002,DRILL_01,89.61,15.72,4.94
LOT000982,D,PORD000982,PRD0002,GRIND_02,101.64,22.4,9.84
LOT000982,E,PORD000982,PRD0002,ADD_02,118.11,23.73,31.02
LOT000983,A,PORD000983,PRD0007,MILL_02,56.54,15.12,6.76
LOT000983,B,PORD000983,PRD0007,LATHE_02,63.91,23.21,6.97
LOT000983,C,PORD000983,PRD0007,DRILL_03,68.55,23.61,7.98
LOT000983,D,PORD000983,PRD0007,GRIND_03,73.23,18.57,10.96
LOT000983,E,PORD000983,PRD0007,ADD_02,71.48,18.74,13.82
LOT000984,A,PORD000984,PRD0016,MILL_03,92.99,19.91,5.34
LOT000984,B,PORD000984,PRD0016,LATHE_01,89.54,22.95,5.98
LOT000984,C,PORD000984,PRD0016,DRILL_03,93.05,23.86,6.79
LOT000984,D,PORD000984,PRD0016,GRIND_03,72.52,16.55,1.72
LOT000984,E,PORD000984,PRD0016,ADD_02,97.34,23.37,13.31
LOT000985,A,PORD000985,PRD0017,MILL_04,87.36,20.75,5.3
LOT000985,B,PORD000985,PRD0017,LATHE_04,80.99,20.98,1.33
LOT000985,C,PORD000985,PRD0017,DRILL_03,89.12,24.2,2.15
LOT000985,D,PORD000985,PRD0017,GRIND_02,82.18,15.48,7.27
LOT000985,E,PORD000985,PRD0017,ADD_02,79.44,21.02,2.72
LOT000986,A,PORD000986,PRD0019,MILL_04,144.65,20.03,1.77
LOT000986,B,PORD000986,PRD0019,LATHE_02,129.6,17.61,2.76
LOT000986,C,PORD000986,PRD0019,DRILL_01,159.94,20.51,9.09
LOT000986,D,PORD000986,PRD0019,GRIND_03,134.16,23.78,0.76
LOT000986,E,PORD000986,PRD0019,ADD_01,171.04,21.95,30.53
LOT000987,A,PORD000987,PRD0013,MILL_04,102.12,18.34,0.93
LOT000987,B,PORD000987,PRD0013,LATHE_03,101.59,20.57,3.61
LOT000987,C,PORD000987,PRD0013,DRILL_02,98.65,17.56,6.82
LOT000987,D,PORD000987,PRD0013,GRIND_02,94.84,15.72,0.55
LOT000987,E,PORD000987,PRD0013,ADD_02,107.19,24.4,11.34
LOT000988,A,PORD000988,PRD0013,MILL_04,69.5,24.53,7.51
LOT000988,B,PORD000988,PRD0013,LATHE_03,61.22,19.3,6.73
LOT000988,C,PORD000988,PRD0013,DRILL_02,58.12,17.69,2.79
LOT000988,D,PORD000988,PRD0013,GRIND_03,60.91,19.2,2.86
LOT000988,E,PORD000988,PRD0013,ADD_02,73.02,24.54,12.12
LOT000989,A,PORD000989,PRD0013,MILL_03,68.83,24.62,20.02
LOT000989,B,PORD000989,PRD0013,LATHE_01,42.9,15.09,6.97
LOT000989,C,PORD000989,PRD0013,DRILL_01,51.48,20.37,8.9
LOT000989,D,PORD000989,PRD0013,GRIND_03,54.17,24.22,4.97
LOT000989,E,PORD000989,PRD0013,ADD_01,64.99,21.17,19.99
LOT000990,A,PORD000990,PRD0012,MILL_04,57.65,24.51,4.66
LOT000990,B,PORD000990,PRD0012,LATHE_04,54.66,19.66,5.05
LOT000990,C,PORD000990,PRD0012,DRILL_01,40.15,15.53,0.04
LOT000990,D,PORD000990,PRD0012,GRIND_03,56.23,18.77,8.31
LOT000990,E,PORD000990,PRD0012,ADD_01,83.16,19.93,38.2
LOT000991,A,PORD000991,PRD0018,MILL_03,109.34,21.75,4.81
LOT000991,B,PORD000991,PRD0018,LATHE_03,119.62,19.64,14.13
LOT000991,C,PORD000991,PRD0018,DRILL_02,100.66,22.14,1.68
LOT000991,D,PORD000991,PRD0018,GRIND_01,116.17,23.47,10.51
LOT000991,E,PORD000991,PRD0018,ADD_01,117.73,20.34,12.66
LOT000992,A,PORD000992,PRD0014,MILL_01,45.73,17.18,0.65
LOT000992,B,PORD000992,PRD0014,LATHE_03,45.68,19.14,3.21
LOT000992,C,PORD000992,PRD0014,DRILL_01,56.08,23.24,2.29
LOT000992,D,PORD000992,PRD0014,GRIND_01,60.95,23.92,6.33
LOT000992,E,PORD000992,PRD0014,ADD_01,92.26,21.23,44.69
LOT000993,A,PORD000993,PRD0004,MILL_04,98.07,22.85,3.09
LOT000993,B,PORD000993,PRD0004,LATHE_02,88.73,18.42,4.05
LOT000993,C,PORD000993,PRD0004,DRILL_03,93.01,17.7,9.5
LOT000993,D,PORD000993,PRD0004,GRIND_01,109.23,23.07,4.95
LOT000993,E,PORD000993,PRD0004,ADD_01,96.39,17.83,2.43
LOT000994,A,PORD000994,PRD0006,MILL_04,87.3,21.75,3.05
LOT000994,B,PORD000994,PRD0006,LATHE_04,87.84,18.72,5.34
LOT000994,C,PORD000994,PRD0006,DRILL_01,99.33,18.22,9.46
LOT000994,D,PORD000994,PRD0006,GRIND_01,96.15,22.42,3.27
LOT000994,E,PORD000994,PRD0006,ADD_02,105.54,22.75,7.46
LOT000995,A,PORD000995,PRD0005,MILL_03,91.87,21.21,5.88
LOT000995,B,PORD000995,PRD0005,LATHE_02,104.34,22.07,10.86
LOT000995,C,PORD000995,PRD0005,DRILL_02,85.84,22.56,0.64
LOT000995,D,PORD000995,PRD0005,GRIND_01,92.46,17.28,9.63
LOT000995,E,PORD000995,PRD0005,ADD_01,93.41,21.23,5.31
LOT000996,A,PORD000996,PRD0014,MILL_04,88.12,20.99,2.34
LOT000996,B,PORD000996,PRD0014,LATHE_02,74.23,16.51,0.65
LOT000996,C,PORD000996,PRD0014,DRILL_03,86.46,16.4,3.11
LOT000996,D,PORD000996,PRD0014,GRIND_01,97.57,21.48,9.63
LOT000996,E,PORD000996,PRD0014,ADD_02,100.18,17.24,21.16
LOT000997,A,PORD000997,PRD0006,MILL_04,52.03,15.93,4.15
LOT000997,B,PORD000997,PRD0006,LATHE_03,54.82,15.37,6.23
LOT000997,C,PORD000997,PRD0006,DRILL_01,51.04,17.57,2.09
LOT000997,D,PORD000997,PRD0006,GRIND_02,57.23,16.71,8.49
LOT000997,E,PORD000997,PRD0006,ADD_01,69.1,22.41,9.24
LOT000998,A,PORD000998,PRD0005,MILL_04,112.51,23.2,5.65
LOT000998,B,PORD000998,PRD0005,LATHE_03,109.66,22.41,1.41
LOT000998,C,PORD000998,PRD0005,DRILL_02,91.24,20.13,2.23
LOT000998,D,PORD000998,PRD0005,GRIND_03,89.2,20.65,0.47
LOT000998,E,PORD000998,PRD0005,ADD_02,101.04,15.83,17.51
LOT000999,A,PORD000999,PRD0012,MILL_03,84.82,22.81,4.86
LOT000999,B,PORD000999,PRD0012,LATHE_03,82.92,21.37,4.85
LOT000999,C,PORD000999,PRD0012,DRILL_01,68.42,17.89,2.13
LOT000999,D,PORD000999,PRD0012,GRIND_01,87.56,21.66,11.88
LOT000999,E,PORD000999,PRD0012,ADD_02,76.91,20.44,1.51
LOT001000,A,PORD001000,PRD0015,MILL_02,88.44,22.13,2.27
LOT001000,B,PORD001000,PRD0015,LATHE_01,95.25,22.39,7.88
LOT001000,C,PORD001000,PRD0015,DRILL_02,100.62,18.82,8.4
LOT001000,D,PORD001000,PRD0015,GRIND_02,117.4,15.56,30.0
LOT001000,E,PORD001000,PRD0015,ADD_01,87.02,20.76,0.67
